0
10
11
01
000
001
011
0110
0111
0101
0001
0001
0101
01101
11101
11101
11001
11011
11111
11111
111100
111101
111111
1111110
1111111
1111101
1111001
1111001
1101001
1101001
00101001
00101001
01101001
011101001
111101001
111101001
110101001
110001001
110011001
110111001
110111001
110110001
110110101
110111101
110111101
110111111
110111011
110110011
110110011
110010011
110010011
110110011
111110011
101110011
0001110011
0001110011
0101110011
01101110011
11101110011
11101110011
11001110011
11011110011
11111110011
11111110011
11110110011
11110010011
11110000011
11110001011
11110011011
11110011011
11110011111
11110010111
11110000111
11110000111
11110010111
11110110111
11111110111
11111110111
11111100111
11111101111
11111111111
11111111111
11111111011
11111111001
111111110000
111111110001
111111110011
1111111100110
1111111100111
1111111100101
1111111100001
1111111100001
1111111100101
1111111101101
1111111111101
1111111111101
1111111111001
1111111111011
1111111111111
1111111111111
11111111111100
11111111111101
11111111111111
111111111111110
111111111111111
111111111111101
111111111111001
111111111111001
111111111101001
111111111101001
111111110101001
111111110101001
111111010101001
111111010101001
111101010101001
111101010101001
110101010101001
110101010101001
0010101010101001
0010101010101001
0110101010101001
01110101010101001
11110101010101001
11110101010101001
11010101010101001
11000101010101001
11001101010101001
11011101010101001
11011101010101001
11011001010101001
11011011010101001
11011111010101001
11011111010101001
11011110010101001
11011110110101001
11011111110101001
11011111110101001
11011111100101001
11011111101101001
11011111111101001
11011111111101001
11011111111001001
11011111111011001
11011111111111001
11011111111111001
11011111111110001
11011111111110101
11011111111111101
11011111111111101
11011111111111111
11011111111111011
11011111111110011
11011111111110011
11011111111010011
11011111111010011
11011111101010011
11011111101010011
11011110101010011
11011110101010011
11011010101010011
11011010101010011
11001010101010011
11001010101010011
11011010101010011
11111010101010011
10111010101010011
000111010101010011
000111010101010011
010111010101010011
0110111010101010011
1110111010101010011
1110111010101010011
1100111010101010011
1101111010101010011
1111111010101010011
1111111010101010011
1111011010101010011
1111001010101010011
1111000010101010011
1111000110101010011
1111001110101010011
1111001110101010011
1111001100101010011
1111001101101010011
1111001111101010011
1111001111101010011
1111001111001010011
1111001111011010011
1111001111111010011
1111001111111010011
1111001111110010011
1111001111110110011
1111001111111110011
1111001111111110011
1111001111111100011
1111001111111101011
1111001111111111011
1111001111111111011
1111001111111111111
1111001111111110111
1111001111111100111
1111001111111100111
1111001111110100111
1111001111110100111
1111001111010100111
1111001111010100111
1111001101010100111
1111001101010100111
1111000101010100111
1111000101010100111
1111001101010100111
1111011101010100111
1111111101010100111
1111111101010100111
1111110101010100111
1111110001010100111
1111110011010100111
1111110111010100111
1111110111010100111
1111110110010100111
1111110110110100111
1111110111110100111
1111110111110100111
1111110111100100111
1111110111101100111
1111110111111100111
1111110111111100111
1111110111111000111
1111110111111010111
1111110111111110111
1111110111111110111
1111110111111111111
1111110111111101111
1111110111111001111
1111110111111001111
1111110111101001111
1111110111101001111
1111110110101001111
1111110110101001111
1111110010101001111
1111110010101001111
1111110110101001111
1111111110101001111
1111101110101001111
1111001110101001111
1111001110101001111
1101001110101001111
1101001110101001111
00101001110101001111
00101001110101001111
01101001110101001111
011101001110101001111
111101001110101001111
111101001110101001111
110101001110101001111
110001001110101001111
110011001110101001111
110111001110101001111
110111001110101001111
110110001110101001111
110110101110101001111
110111101110101001111
110111101110101001111
110111111110101001111
110111011110101001111
110110011110101001111
110110011110101001111
110010011110101001111
110010011110101001111
110110011110101001111
111110011110101001111
101110011110101001111
0001110011110101001111
0001110011110101001111
0101110011110101001111
01101110011110101001111
11101110011110101001111
11101110011110101001111
11001110011110101001111
11011110011110101001111
11111110011110101001111
11111110011110101001111
11110110011110101001111
11110010011110101001111
11110000011110101001111
11110001011110101001111
11110011011110101001111
11110011011110101001111
11110011111110101001111
11110010111110101001111
11110000111110101001111
11110000111110101001111
11110010111110101001111
11110110111110101001111
11111110111110101001111
11111110111110101001111
11111100111110101001111
11111101111110101001111
11111111111110101001111
11111111111110101001111
11111111011110101001111
11111111001110101001111
11111111000110101001111
11111111000010101001111
11111111000000101001111
11111111000001101001111
11111111000011101001111
11111111000011101001111
11111111000011001001111
11111111000011011001111
11111111000011111001111
11111111000011111001111
11111111000011110001111
11111111000011110101111
11111111000011111101111
11111111000011111101111
11111111000011111111111
11111111000011111011111
11111111000011110011111
11111111000011110011111
11111111000011010011111
11111111000011010011111
11111111000001010011111
11111111000001010011111
11111111000011010011111
11111111000111010011111
11111111001111010011111
11111111001111010011111
11111111001101010011111
11111111001100010011111
11111111001100110011111
11111111001101110011111
11111111001101110011111
11111111001101100011111
11111111001101101011111
11111111001101111011111
11111111001101111011111
11111111001101111111111
11111111001101110111111
11111111001101100111111
11111111001101100111111
11111111001100100111111
11111111001100100111111
11111111001101100111111
11111111001111100111111
11111111001011100111111
11111111000011100111111
11111111000011100111111
11111111001011100111111
11111111011011100111111
11111111111011100111111
11111111111011100111111
11111111110011100111111
11111111110111100111111
11111111111111100111111
11111111111111100111111
11111111111101100111111
11111111111100100111111
11111111111100000111111
11111111111100010111111
11111111111100110111111
11111111111100110111111
11111111111100111111111
11111111111100101111111
11111111111100001111111
11111111111100001111111
11111111111100101111111
11111111111101101111111
11111111111111101111111
11111111111111101111111
11111111111111001111111
11111111111111011111111
11111111111111111111111
11111111111111111111111
11111111111111110111111
11111111111111110011111
11111111111111110001111
11111111111111110000111
11111111111111110000011
11111111111111110000001
111111111111111100000000
111111111111111100000001
111111111111111100000011
1111111111111111000000110
1111111111111111000000111
1111111111111111000000101
1111111111111111000000001
1111111111111111000000001
1111111111111111000000101
1111111111111111000001101
1111111111111111000011101
1111111111111111000011101
1111111111111111000011001
1111111111111111000011011
1111111111111111000011111
1111111111111111000011111
11111111111111110000111100
11111111111111110000111101
11111111111111110000111111
111111111111111100001111110
111111111111111100001111111
111111111111111100001111101
111111111111111100001111001
111111111111111100001111001
111111111111111100001101001
111111111111111100001101001
111111111111111100000101001
111111111111111100000101001
111111111111111100001101001
111111111111111100011101001
111111111111111100111101001
111111111111111100111101001
111111111111111100110101001
111111111111111100110001001
111111111111111100110011001
111111111111111100110111001
111111111111111100110111001
111111111111111100110110001
111111111111111100110110101
111111111111111100110111101
111111111111111100110111101
111111111111111100110111111
111111111111111100110111011
111111111111111100110110011
111111111111111100110110011
111111111111111100110010011
111111111111111100110010011
111111111111111100110110011
111111111111111100111110011
111111111111111100101110011
111111111111111100001110011
111111111111111100001110011
111111111111111100101110011
111111111111111101101110011
111111111111111111101110011
111111111111111111101110011
111111111111111111001110011
111111111111111111011110011
111111111111111111111110011
111111111111111111111110011
111111111111111111110110011
111111111111111111110010011
111111111111111111110000011
111111111111111111110001011
111111111111111111110011011
111111111111111111110011011
111111111111111111110011111
111111111111111111110010111
111111111111111111110000111
111111111111111111110000111
111111111111111111110010111
111111111111111111110110111
111111111111111111111110111
111111111111111111111110111
111111111111111111111100111
111111111111111111111101111
111111111111111111111111111
111111111111111111111111111
111111111111111111111111011
111111111111111111111111001
1111111111111111111111110000
1111111111111111111111110001
1111111111111111111111110011
11111111111111111111111100110
11111111111111111111111100111
11111111111111111111111100101
11111111111111111111111100001
11111111111111111111111100001
11111111111111111111111100101
11111111111111111111111101101
11111111111111111111111111101
11111111111111111111111111101
11111111111111111111111111001
11111111111111111111111111011
11111111111111111111111111111
11111111111111111111111111111
111111111111111111111111111100
111111111111111111111111111101
111111111111111111111111111111
1111111111111111111111111111110
1111111111111111111111111111111
1111111111111111111111111111101
1111111111111111111111111111001
1111111111111111111111111111001
1111111111111111111111111101001
1111111111111111111111111101001
1111111111111111111111110101001
1111111111111111111111110101001
1111111111111111111111010101001
1111111111111111111111010101001
1111111111111111111101010101001
1111111111111111111101010101001
1111111111111111110101010101001
1111111111111111110101010101001
1111111111111111010101010101001
1111111111111111010101010101001
1111111111111101010101010101001
1111111111111101010101010101001
1111111111110101010101010101001
1111111111110101010101010101001
1111111111010101010101010101001
1111111111010101010101010101001
1111111101010101010101010101001
1111111101010101010101010101001
1111110101010101010101010101001
1111110101010101010101010101001
1111010101010101010101010101001
1111010101010101010101010101001
1101010101010101010101010101001
1101010101010101010101010101001
00101010101010101010101010101001
00101010101010101010101010101001
01101010101010101010101010101001
011101010101010101010101010101001
111101010101010101010101010101001
111101010101010101010101010101001
110101010101010101010101010101001
110001010101010101010101010101001
110011010101010101010101010101001
110111010101010101010101010101001
110111010101010101010101010101001
110110010101010101010101010101001
110110110101010101010101010101001
110111110101010101010101010101001
110111110101010101010101010101001
110111100101010101010101010101001
110111101101010101010101010101001
110111111101010101010101010101001
110111111101010101010101010101001
110111111001010101010101010101001
110111111011010101010101010101001
110111111111010101010101010101001
110111111111010101010101010101001
110111111110010101010101010101001
110111111110110101010101010101001
110111111111110101010101010101001
110111111111110101010101010101001
110111111111100101010101010101001
110111111111101101010101010101001
110111111111111101010101010101001
110111111111111101010101010101001
110111111111111001010101010101001
110111111111111011010101010101001
110111111111111111010101010101001
110111111111111111010101010101001
110111111111111110010101010101001
110111111111111110110101010101001
110111111111111111110101010101001
110111111111111111110101010101001
110111111111111111100101010101001
110111111111111111101101010101001
110111111111111111111101010101001
110111111111111111111101010101001
110111111111111111111001010101001
110111111111111111111011010101001
110111111111111111111111010101001
110111111111111111111111010101001
110111111111111111111110010101001
110111111111111111111110110101001
110111111111111111111111110101001
110111111111111111111111110101001
110111111111111111111111100101001
110111111111111111111111101101001
110111111111111111111111111101001
110111111111111111111111111101001
110111111111111111111111111001001
110111111111111111111111111011001
110111111111111111111111111111001
110111111111111111111111111111001
110111111111111111111111111110001
110111111111111111111111111110101
110111111111111111111111111111101
110111111111111111111111111111101
110111111111111111111111111111111
110111111111111111111111111111011
110111111111111111111111111110011
110111111111111111111111111110011
110111111111111111111111111010011
110111111111111111111111111010011
110111111111111111111111101010011
110111111111111111111111101010011
110111111111111111111110101010011
110111111111111111111110101010011
110111111111111111111010101010011
110111111111111111111010101010011
110111111111111111101010101010011
110111111111111111101010101010011
110111111111111110101010101010011
110111111111111110101010101010011
110111111111111010101010101010011
110111111111111010101010101010011
110111111111101010101010101010011
110111111111101010101010101010011
110111111110101010101010101010011
110111111110101010101010101010011
110111111010101010101010101010011
110111111010101010101010101010011
110111101010101010101010101010011
110111101010101010101010101010011
110110101010101010101010101010011
110110101010101010101010101010011
110010101010101010101010101010011
110010101010101010101010101010011
110110101010101010101010101010011
111110101010101010101010101010011
101110101010101010101010101010011
0001110101010101010101010101010011
0001110101010101010101010101010011
0101110101010101010101010101010011
01101110101010101010101010101010011
11101110101010101010101010101010011
11101110101010101010101010101010011
11001110101010101010101010101010011
11011110101010101010101010101010011
11111110101010101010101010101010011
11111110101010101010101010101010011
11110110101010101010101010101010011
11110010101010101010101010101010011
11110000101010101010101010101010011
11110001101010101010101010101010011
11110011101010101010101010101010011
11110011101010101010101010101010011
11110011001010101010101010101010011
11110011011010101010101010101010011
11110011111010101010101010101010011
11110011111010101010101010101010011
11110011110010101010101010101010011
11110011110110101010101010101010011
11110011111110101010101010101010011
11110011111110101010101010101010011
11110011111100101010101010101010011
11110011111101101010101010101010011
11110011111111101010101010101010011
11110011111111101010101010101010011
11110011111111001010101010101010011
11110011111111011010101010101010011
11110011111111111010101010101010011
11110011111111111010101010101010011
11110011111111110010101010101010011
11110011111111110110101010101010011
11110011111111111110101010101010011
11110011111111111110101010101010011
11110011111111111100101010101010011
11110011111111111101101010101010011
11110011111111111111101010101010011
11110011111111111111101010101010011
11110011111111111111001010101010011
11110011111111111111011010101010011
11110011111111111111111010101010011
11110011111111111111111010101010011
11110011111111111111110010101010011
11110011111111111111110110101010011
11110011111111111111111110101010011
11110011111111111111111110101010011
11110011111111111111111100101010011
11110011111111111111111101101010011
11110011111111111111111111101010011
11110011111111111111111111101010011
11110011111111111111111111001010011
11110011111111111111111111011010011
11110011111111111111111111111010011
11110011111111111111111111111010011
11110011111111111111111111110010011
11110011111111111111111111110110011
11110011111111111111111111111110011
11110011111111111111111111111110011
11110011111111111111111111111100011
11110011111111111111111111111101011
11110011111111111111111111111111011
11110011111111111111111111111111011
11110011111111111111111111111111111
11110011111111111111111111111110111
11110011111111111111111111111100111
11110011111111111111111111111100111
11110011111111111111111111110100111
11110011111111111111111111110100111
11110011111111111111111111010100111
11110011111111111111111111010100111
11110011111111111111111101010100111
11110011111111111111111101010100111
11110011111111111111110101010100111
11110011111111111111110101010100111
11110011111111111111010101010100111
11110011111111111111010101010100111
11110011111111111101010101010100111
11110011111111111101010101010100111
11110011111111110101010101010100111
11110011111111110101010101010100111
11110011111111010101010101010100111
11110011111111010101010101010100111
11110011111101010101010101010100111
11110011111101010101010101010100111
11110011110101010101010101010100111
11110011110101010101010101010100111
11110011010101010101010101010100111
11110011010101010101010101010100111
11110001010101010101010101010100111
11110001010101010101010101010100111
11110011010101010101010101010100111
11110111010101010101010101010100111
11111111010101010101010101010100111
11111111010101010101010101010100111
11111101010101010101010101010100111
11111100010101010101010101010100111
11111100110101010101010101010100111
11111101110101010101010101010100111
11111101110101010101010101010100111
11111101100101010101010101010100111
11111101101101010101010101010100111
11111101111101010101010101010100111
11111101111101010101010101010100111
11111101111001010101010101010100111
11111101111011010101010101010100111
11111101111111010101010101010100111
11111101111111010101010101010100111
11111101111110010101010101010100111
11111101111110110101010101010100111
11111101111111110101010101010100111
11111101111111110101010101010100111
11111101111111100101010101010100111
11111101111111101101010101010100111
11111101111111111101010101010100111
11111101111111111101010101010100111
11111101111111111001010101010100111
11111101111111111011010101010100111
11111101111111111111010101010100111
11111101111111111111010101010100111
11111101111111111110010101010100111
11111101111111111110110101010100111
11111101111111111111110101010100111
11111101111111111111110101010100111
11111101111111111111100101010100111
11111101111111111111101101010100111
11111101111111111111111101010100111
11111101111111111111111101010100111
11111101111111111111111001010100111
11111101111111111111111011010100111
11111101111111111111111111010100111
11111101111111111111111111010100111
11111101111111111111111110010100111
11111101111111111111111110110100111
11111101111111111111111111110100111
11111101111111111111111111110100111
11111101111111111111111111100100111
11111101111111111111111111101100111
11111101111111111111111111111100111
11111101111111111111111111111100111
11111101111111111111111111111000111
11111101111111111111111111111010111
11111101111111111111111111111110111
11111101111111111111111111111110111
11111101111111111111111111111111111
11111101111111111111111111111101111
11111101111111111111111111111001111
11111101111111111111111111111001111
11111101111111111111111111101001111
11111101111111111111111111101001111
11111101111111111111111110101001111
11111101111111111111111110101001111
11111101111111111111111010101001111
11111101111111111111111010101001111
11111101111111111111101010101001111
11111101111111111111101010101001111
11111101111111111110101010101001111
11111101111111111110101010101001111
11111101111111111010101010101001111
11111101111111111010101010101001111
11111101111111101010101010101001111
11111101111111101010101010101001111
11111101111110101010101010101001111
11111101111110101010101010101001111
11111101111010101010101010101001111
11111101111010101010101010101001111
11111101101010101010101010101001111
11111101101010101010101010101001111
11111100101010101010101010101001111
11111100101010101010101010101001111
11111101101010101010101010101001111
11111111101010101010101010101001111
11111011101010101010101010101001111
11110011101010101010101010101001111
11110011101010101010101010101001111
11010011101010101010101010101001111
11010011101010101010101010101001111
001010011101010101010101010101001111
001010011101010101010101010101001111
011010011101010101010101010101001111
0111010011101010101010101010101001111
1111010011101010101010101010101001111
1111010011101010101010101010101001111
1101010011101010101010101010101001111
1100010011101010101010101010101001111
1100110011101010101010101010101001111
1101110011101010101010101010101001111
1101110011101010101010101010101001111
1101100011101010101010101010101001111
1101101011101010101010101010101001111
1101111011101010101010101010101001111
1101111011101010101010101010101001111
1101111111101010101010101010101001111
1101110111101010101010101010101001111
1101100111101010101010101010101001111
1101100111101010101010101010101001111
1100100111101010101010101010101001111
1100100111101010101010101010101001111
1101100111101010101010101010101001111
1111100111101010101010101010101001111
1011100111101010101010101010101001111
00011100111101010101010101010101001111
00011100111101010101010101010101001111
01011100111101010101010101010101001111
011011100111101010101010101010101001111
111011100111101010101010101010101001111
111011100111101010101010101010101001111
110011100111101010101010101010101001111
110111100111101010101010101010101001111
111111100111101010101010101010101001111
111111100111101010101010101010101001111
111101100111101010101010101010101001111
111100100111101010101010101010101001111
111100000111101010101010101010101001111
111100010111101010101010101010101001111
111100110111101010101010101010101001111
111100110111101010101010101010101001111
111100111111101010101010101010101001111
111100101111101010101010101010101001111
111100001111101010101010101010101001111
111100001111101010101010101010101001111
111100101111101010101010101010101001111
111101101111101010101010101010101001111
111111101111101010101010101010101001111
111111101111101010101010101010101001111
111111001111101010101010101010101001111
111111011111101010101010101010101001111
111111111111101010101010101010101001111
111111111111101010101010101010101001111
111111110111101010101010101010101001111
111111110011101010101010101010101001111
111111110001101010101010101010101001111
111111110000101010101010101010101001111
111111110000001010101010101010101001111
111111110000011010101010101010101001111
111111110000111010101010101010101001111
111111110000111010101010101010101001111
111111110000110010101010101010101001111
111111110000110110101010101010101001111
111111110000111110101010101010101001111
111111110000111110101010101010101001111
111111110000111100101010101010101001111
111111110000111101101010101010101001111
111111110000111111101010101010101001111
111111110000111111101010101010101001111
111111110000111111001010101010101001111
111111110000111111011010101010101001111
111111110000111111111010101010101001111
111111110000111111111010101010101001111
111111110000111111110010101010101001111
111111110000111111110110101010101001111
111111110000111111111110101010101001111
111111110000111111111110101010101001111
111111110000111111111100101010101001111
111111110000111111111101101010101001111
111111110000111111111111101010101001111
111111110000111111111111101010101001111
111111110000111111111111001010101001111
111111110000111111111111011010101001111
111111110000111111111111111010101001111
111111110000111111111111111010101001111
111111110000111111111111110010101001111
111111110000111111111111110110101001111
111111110000111111111111111110101001111
111111110000111111111111111110101001111
111111110000111111111111111100101001111
111111110000111111111111111101101001111
111111110000111111111111111111101001111
111111110000111111111111111111101001111
111111110000111111111111111111001001111
111111110000111111111111111111011001111
111111110000111111111111111111111001111
111111110000111111111111111111111001111
111111110000111111111111111111110001111
111111110000111111111111111111110101111
111111110000111111111111111111111101111
111111110000111111111111111111111101111
111111110000111111111111111111111111111
111111110000111111111111111111111011111
111111110000111111111111111111110011111
111111110000111111111111111111110011111
111111110000111111111111111111010011111
111111110000111111111111111111010011111
111111110000111111111111111101010011111
111111110000111111111111111101010011111
111111110000111111111111110101010011111
111111110000111111111111110101010011111
111111110000111111111111010101010011111
111111110000111111111111010101010011111
111111110000111111111101010101010011111
111111110000111111111101010101010011111
111111110000111111110101010101010011111
111111110000111111110101010101010011111
111111110000111111010101010101010011111
111111110000111111010101010101010011111
111111110000111101010101010101010011111
111111110000111101010101010101010011111
111111110000110101010101010101010011111
111111110000110101010101010101010011111
111111110000010101010101010101010011111
111111110000010101010101010101010011111
111111110000110101010101010101010011111
111111110001110101010101010101010011111
111111110011110101010101010101010011111
111111110011110101010101010101010011111
111111110011010101010101010101010011111
111111110011000101010101010101010011111
111111110011001101010101010101010011111
111111110011011101010101010101010011111
111111110011011101010101010101010011111
111111110011011001010101010101010011111
111111110011011011010101010101010011111
111111110011011111010101010101010011111
111111110011011111010101010101010011111
111111110011011110010101010101010011111
111111110011011110110101010101010011111
111111110011011111110101010101010011111
111111110011011111110101010101010011111
111111110011011111100101010101010011111
111111110011011111101101010101010011111
111111110011011111111101010101010011111
111111110011011111111101010101010011111
111111110011011111111001010101010011111
111111110011011111111011010101010011111
111111110011011111111111010101010011111
111111110011011111111111010101010011111
111111110011011111111110010101010011111
111111110011011111111110110101010011111
111111110011011111111111110101010011111
111111110011011111111111110101010011111
111111110011011111111111100101010011111
111111110011011111111111101101010011111
111111110011011111111111111101010011111
111111110011011111111111111101010011111
111111110011011111111111111001010011111
111111110011011111111111111011010011111
111111110011011111111111111111010011111
111111110011011111111111111111010011111
111111110011011111111111111110010011111
111111110011011111111111111110110011111
111111110011011111111111111111110011111
111111110011011111111111111111110011111
111111110011011111111111111111100011111
111111110011011111111111111111101011111
111111110011011111111111111111111011111
111111110011011111111111111111111011111
111111110011011111111111111111111111111
111111110011011111111111111111110111111
111111110011011111111111111111100111111
111111110011011111111111111111100111111
111111110011011111111111111110100111111
111111110011011111111111111110100111111
111111110011011111111111111010100111111
111111110011011111111111111010100111111
111111110011011111111111101010100111111
111111110011011111111111101010100111111
111111110011011111111110101010100111111
111111110011011111111110101010100111111
111111110011011111111010101010100111111
111111110011011111111010101010100111111
111111110011011111101010101010100111111
111111110011011111101010101010100111111
111111110011011110101010101010100111111
111111110011011110101010101010100111111
111111110011011010101010101010100111111
111111110011011010101010101010100111111
111111110011001010101010101010100111111
111111110011001010101010101010100111111
111111110011011010101010101010100111111
111111110011111010101010101010100111111
111111110010111010101010101010100111111
111111110000111010101010101010100111111
111111110000111010101010101010100111111
111111110010111010101010101010100111111
111111110110111010101010101010100111111
111111111110111010101010101010100111111
111111111110111010101010101010100111111
111111111100111010101010101010100111111
111111111101111010101010101010100111111
111111111111111010101010101010100111111
111111111111111010101010101010100111111
111111111111011010101010101010100111111
111111111111001010101010101010100111111
111111111111000010101010101010100111111
111111111111000110101010101010100111111
111111111111001110101010101010100111111
111111111111001110101010101010100111111
111111111111001100101010101010100111111
111111111111001101101010101010100111111
111111111111001111101010101010100111111
111111111111001111101010101010100111111
111111111111001111001010101010100111111
111111111111001111011010101010100111111
111111111111001111111010101010100111111
111111111111001111111010101010100111111
111111111111001111110010101010100111111
111111111111001111110110101010100111111
111111111111001111111110101010100111111
111111111111001111111110101010100111111
111111111111001111111100101010100111111
111111111111001111111101101010100111111
111111111111001111111111101010100111111
111111111111001111111111101010100111111
111111111111001111111111001010100111111
111111111111001111111111011010100111111
111111111111001111111111111010100111111
111111111111001111111111111010100111111
111111111111001111111111110010100111111
111111111111001111111111110110100111111
111111111111001111111111111110100111111
111111111111001111111111111110100111111
111111111111001111111111111100100111111
111111111111001111111111111101100111111
111111111111001111111111111111100111111
111111111111001111111111111111100111111
111111111111001111111111111111000111111
111111111111001111111111111111010111111
111111111111001111111111111111110111111
111111111111001111111111111111110111111
111111111111001111111111111111111111111
111111111111001111111111111111101111111
111111111111001111111111111111001111111
111111111111001111111111111111001111111
111111111111001111111111111101001111111
111111111111001111111111111101001111111
111111111111001111111111110101001111111
111111111111001111111111110101001111111
111111111111001111111111010101001111111
111111111111001111111111010101001111111
111111111111001111111101010101001111111
111111111111001111111101010101001111111
111111111111001111110101010101001111111
111111111111001111110101010101001111111
111111111111001111010101010101001111111
111111111111001111010101010101001111111
111111111111001101010101010101001111111
111111111111001101010101010101001111111
111111111111000101010101010101001111111
111111111111000101010101010101001111111
111111111111001101010101010101001111111
111111111111011101010101010101001111111
111111111111111101010101010101001111111
111111111111111101010101010101001111111
111111111111110101010101010101001111111
111111111111110001010101010101001111111
111111111111110011010101010101001111111
111111111111110111010101010101001111111
111111111111110111010101010101001111111
111111111111110110010101010101001111111
111111111111110110110101010101001111111
111111111111110111110101010101001111111
111111111111110111110101010101001111111
111111111111110111100101010101001111111
111111111111110111101101010101001111111
111111111111110111111101010101001111111
111111111111110111111101010101001111111
111111111111110111111001010101001111111
111111111111110111111011010101001111111
111111111111110111111111010101001111111
111111111111110111111111010101001111111
111111111111110111111110010101001111111
111111111111110111111110110101001111111
111111111111110111111111110101001111111
111111111111110111111111110101001111111
111111111111110111111111100101001111111
111111111111110111111111101101001111111
111111111111110111111111111101001111111
111111111111110111111111111101001111111
111111111111110111111111111001001111111
111111111111110111111111111011001111111
111111111111110111111111111111001111111
111111111111110111111111111111001111111
111111111111110111111111111110001111111
111111111111110111111111111110101111111
111111111111110111111111111111101111111
111111111111110111111111111111101111111
111111111111110111111111111111111111111
111111111111110111111111111111011111111
111111111111110111111111111110011111111
111111111111110111111111111110011111111
111111111111110111111111111010011111111
111111111111110111111111111010011111111
111111111111110111111111101010011111111
111111111111110111111111101010011111111
111111111111110111111110101010011111111
111111111111110111111110101010011111111
111111111111110111111010101010011111111
111111111111110111111010101010011111111
111111111111110111101010101010011111111
111111111111110111101010101010011111111
111111111111110110101010101010011111111
111111111111110110101010101010011111111
111111111111110010101010101010011111111
111111111111110010101010101010011111111
111111111111110110101010101010011111111
111111111111111110101010101010011111111
111111111111101110101010101010011111111
111111111111001110101010101010011111111
111111111111001110101010101010011111111
111111111101001110101010101010011111111
111111111101001110101010101010011111111
111111110101001110101010101010011111111
111111110101001110101010101010011111111
111111010101001110101010101010011111111
111111010101001110101010101010011111111
111101010101001110101010101010011111111
111101010101001110101010101010011111111
110101010101001110101010101010011111111
110101010101001110101010101010011111111
0010101010101001110101010101010011111111
0010101010101001110101010101010011111111
0110101010101001110101010101010011111111
01110101010101001110101010101010011111111
11110101010101001110101010101010011111111
11110101010101001110101010101010011111111
11010101010101001110101010101010011111111
11000101010101001110101010101010011111111
11001101010101001110101010101010011111111
11011101010101001110101010101010011111111
11011101010101001110101010101010011111111
11011001010101001110101010101010011111111
11011011010101001110101010101010011111111
11011111010101001110101010101010011111111
11011111010101001110101010101010011111111
11011110010101001110101010101010011111111
11011110110101001110101010101010011111111
11011111110101001110101010101010011111111
11011111110101001110101010101010011111111
11011111100101001110101010101010011111111
11011111101101001110101010101010011111111
11011111111101001110101010101010011111111
11011111111101001110101010101010011111111
11011111111001001110101010101010011111111
11011111111011001110101010101010011111111
11011111111111001110101010101010011111111
11011111111111001110101010101010011111111
11011111111110001110101010101010011111111
11011111111110101110101010101010011111111
11011111111111101110101010101010011111111
11011111111111101110101010101010011111111
11011111111111111110101010101010011111111
11011111111111011110101010101010011111111
11011111111110011110101010101010011111111
11011111111110011110101010101010011111111
11011111111010011110101010101010011111111
11011111111010011110101010101010011111111
11011111101010011110101010101010011111111
11011111101010011110101010101010011111111
11011110101010011110101010101010011111111
11011110101010011110101010101010011111111
11011010101010011110101010101010011111111
11011010101010011110101010101010011111111
11001010101010011110101010101010011111111
11001010101010011110101010101010011111111
11011010101010011110101010101010011111111
11111010101010011110101010101010011111111
10111010101010011110101010101010011111111
000111010101010011110101010101010011111111
000111010101010011110101010101010011111111
010111010101010011110101010101010011111111
0110111010101010011110101010101010011111111
1110111010101010011110101010101010011111111
1110111010101010011110101010101010011111111
1100111010101010011110101010101010011111111
1101111010101010011110101010101010011111111
1111111010101010011110101010101010011111111
1111111010101010011110101010101010011111111
1111011010101010011110101010101010011111111
1111001010101010011110101010101010011111111
1111000010101010011110101010101010011111111
1111000110101010011110101010101010011111111
1111001110101010011110101010101010011111111
1111001110101010011110101010101010011111111
1111001100101010011110101010101010011111111
1111001101101010011110101010101010011111111
1111001111101010011110101010101010011111111
1111001111101010011110101010101010011111111
1111001111001010011110101010101010011111111
1111001111011010011110101010101010011111111
1111001111111010011110101010101010011111111
1111001111111010011110101010101010011111111
1111001111110010011110101010101010011111111
1111001111110110011110101010101010011111111
1111001111111110011110101010101010011111111
1111001111111110011110101010101010011111111
1111001111111100011110101010101010011111111
1111001111111101011110101010101010011111111
1111001111111111011110101010101010011111111
1111001111111111011110101010101010011111111
1111001111111111111110101010101010011111111
1111001111111110111110101010101010011111111
1111001111111100111110101010101010011111111
1111001111111100111110101010101010011111111
1111001111110100111110101010101010011111111
1111001111110100111110101010101010011111111
1111001111010100111110101010101010011111111
1111001111010100111110101010101010011111111
1111001101010100111110101010101010011111111
1111001101010100111110101010101010011111111
1111000101010100111110101010101010011111111
1111000101010100111110101010101010011111111
1111001101010100111110101010101010011111111
1111011101010100111110101010101010011111111
1111111101010100111110101010101010011111111
1111111101010100111110101010101010011111111
1111110101010100111110101010101010011111111
1111110001010100111110101010101010011111111
1111110011010100111110101010101010011111111
1111110111010100111110101010101010011111111
1111110111010100111110101010101010011111111
1111110110010100111110101010101010011111111
1111110110110100111110101010101010011111111
1111110111110100111110101010101010011111111
1111110111110100111110101010101010011111111
1111110111100100111110101010101010011111111
1111110111101100111110101010101010011111111
1111110111111100111110101010101010011111111
1111110111111100111110101010101010011111111
1111110111111000111110101010101010011111111
1111110111111010111110101010101010011111111
1111110111111110111110101010101010011111111
1111110111111110111110101010101010011111111
1111110111111111111110101010101010011111111
1111110111111101111110101010101010011111111
1111110111111001111110101010101010011111111
1111110111111001111110101010101010011111111
1111110111101001111110101010101010011111111
1111110111101001111110101010101010011111111
1111110110101001111110101010101010011111111
1111110110101001111110101010101010011111111
1111110010101001111110101010101010011111111
1111110010101001111110101010101010011111111
1111110110101001111110101010101010011111111
1111111110101001111110101010101010011111111
1111101110101001111110101010101010011111111
1111001110101001111110101010101010011111111
1111001110101001111110101010101010011111111
1101001110101001111110101010101010011111111
1101001110101001111110101010101010011111111
00101001110101001111110101010101010011111111
00101001110101001111110101010101010011111111
01101001110101001111110101010101010011111111
011101001110101001111110101010101010011111111
111101001110101001111110101010101010011111111
111101001110101001111110101010101010011111111
110101001110101001111110101010101010011111111
110001001110101001111110101010101010011111111
110011001110101001111110101010101010011111111
110111001110101001111110101010101010011111111
110111001110101001111110101010101010011111111
110110001110101001111110101010101010011111111
110110101110101001111110101010101010011111111
110111101110101001111110101010101010011111111
110111101110101001111110101010101010011111111
110111111110101001111110101010101010011111111
110111011110101001111110101010101010011111111
110110011110101001111110101010101010011111111
110110011110101001111110101010101010011111111
110010011110101001111110101010101010011111111
110010011110101001111110101010101010011111111
110110011110101001111110101010101010011111111
111110011110101001111110101010101010011111111
101110011110101001111110101010101010011111111
0001110011110101001111110101010101010011111111
0001110011110101001111110101010101010011111111
0101110011110101001111110101010101010011111111
01101110011110101001111110101010101010011111111
11101110011110101001111110101010101010011111111
11101110011110101001111110101010101010011111111
11001110011110101001111110101010101010011111111
11011110011110101001111110101010101010011111111
11111110011110101001111110101010101010011111111
11111110011110101001111110101010101010011111111
11110110011110101001111110101010101010011111111
11110010011110101001111110101010101010011111111
11110000011110101001111110101010101010011111111
11110001011110101001111110101010101010011111111
11110011011110101001111110101010101010011111111
11110011011110101001111110101010101010011111111
11110011111110101001111110101010101010011111111
11110010111110101001111110101010101010011111111
11110000111110101001111110101010101010011111111
11110000111110101001111110101010101010011111111
11110010111110101001111110101010101010011111111
11110110111110101001111110101010101010011111111
11111110111110101001111110101010101010011111111
11111110111110101001111110101010101010011111111
11111100111110101001111110101010101010011111111
11111101111110101001111110101010101010011111111
11111111111110101001111110101010101010011111111
11111111111110101001111110101010101010011111111
11111111011110101001111110101010101010011111111
11111111001110101001111110101010101010011111111
11111111000110101001111110101010101010011111111
11111111000010101001111110101010101010011111111
11111111000000101001111110101010101010011111111
11111111000001101001111110101010101010011111111
11111111000011101001111110101010101010011111111
11111111000011101001111110101010101010011111111
11111111000011001001111110101010101010011111111
11111111000011011001111110101010101010011111111
11111111000011111001111110101010101010011111111
11111111000011111001111110101010101010011111111
11111111000011110001111110101010101010011111111
11111111000011110101111110101010101010011111111
11111111000011111101111110101010101010011111111
11111111000011111101111110101010101010011111111
11111111000011111111111110101010101010011111111
11111111000011111011111110101010101010011111111
11111111000011110011111110101010101010011111111
11111111000011110011111110101010101010011111111
11111111000011010011111110101010101010011111111
11111111000011010011111110101010101010011111111
11111111000001010011111110101010101010011111111
11111111000001010011111110101010101010011111111
11111111000011010011111110101010101010011111111
11111111000111010011111110101010101010011111111
11111111001111010011111110101010101010011111111
11111111001111010011111110101010101010011111111
11111111001101010011111110101010101010011111111
11111111001100010011111110101010101010011111111
11111111001100110011111110101010101010011111111
11111111001101110011111110101010101010011111111
11111111001101110011111110101010101010011111111
11111111001101100011111110101010101010011111111
11111111001101101011111110101010101010011111111
11111111001101111011111110101010101010011111111
11111111001101111011111110101010101010011111111
11111111001101111111111110101010101010011111111
11111111001101110111111110101010101010011111111
11111111001101100111111110101010101010011111111
11111111001101100111111110101010101010011111111
11111111001100100111111110101010101010011111111
11111111001100100111111110101010101010011111111
11111111001101100111111110101010101010011111111
11111111001111100111111110101010101010011111111
11111111001011100111111110101010101010011111111
11111111000011100111111110101010101010011111111
11111111000011100111111110101010101010011111111
11111111001011100111111110101010101010011111111
11111111011011100111111110101010101010011111111
11111111111011100111111110101010101010011111111
11111111111011100111111110101010101010011111111
11111111110011100111111110101010101010011111111
11111111110111100111111110101010101010011111111
11111111111111100111111110101010101010011111111
11111111111111100111111110101010101010011111111
11111111111101100111111110101010101010011111111
11111111111100100111111110101010101010011111111
11111111111100000111111110101010101010011111111
11111111111100010111111110101010101010011111111
11111111111100110111111110101010101010011111111
11111111111100110111111110101010101010011111111
11111111111100111111111110101010101010011111111
11111111111100101111111110101010101010011111111
11111111111100001111111110101010101010011111111
11111111111100001111111110101010101010011111111
11111111111100101111111110101010101010011111111
11111111111101101111111110101010101010011111111
11111111111111101111111110101010101010011111111
11111111111111101111111110101010101010011111111
11111111111111001111111110101010101010011111111
11111111111111011111111110101010101010011111111
11111111111111111111111110101010101010011111111
11111111111111111111111110101010101010011111111
11111111111111110111111110101010101010011111111
11111111111111110011111110101010101010011111111
11111111111111110001111110101010101010011111111
11111111111111110000111110101010101010011111111
11111111111111110000011110101010101010011111111
11111111111111110000001110101010101010011111111
11111111111111110000000110101010101010011111111
11111111111111110000000010101010101010011111111
11111111111111110000000000101010101010011111111
11111111111111110000000001101010101010011111111
11111111111111110000000011101010101010011111111
11111111111111110000000011101010101010011111111
11111111111111110000000011001010101010011111111
11111111111111110000000011011010101010011111111
11111111111111110000000011111010101010011111111
11111111111111110000000011111010101010011111111
11111111111111110000000011110010101010011111111
11111111111111110000000011110110101010011111111
11111111111111110000000011111110101010011111111
11111111111111110000000011111110101010011111111
11111111111111110000000011111100101010011111111
11111111111111110000000011111101101010011111111
11111111111111110000000011111111101010011111111
11111111111111110000000011111111101010011111111
11111111111111110000000011111111001010011111111
11111111111111110000000011111111011010011111111
11111111111111110000000011111111111010011111111
11111111111111110000000011111111111010011111111
11111111111111110000000011111111110010011111111
11111111111111110000000011111111110110011111111
11111111111111110000000011111111111110011111111
11111111111111110000000011111111111110011111111
11111111111111110000000011111111111100011111111
11111111111111110000000011111111111101011111111
11111111111111110000000011111111111111011111111
11111111111111110000000011111111111111011111111
11111111111111110000000011111111111111111111111
11111111111111110000000011111111111110111111111
11111111111111110000000011111111111100111111111
11111111111111110000000011111111111100111111111
11111111111111110000000011111111110100111111111
11111111111111110000000011111111110100111111111
11111111111111110000000011111111010100111111111
11111111111111110000000011111111010100111111111
11111111111111110000000011111101010100111111111
11111111111111110000000011111101010100111111111
11111111111111110000000011110101010100111111111
11111111111111110000000011110101010100111111111
11111111111111110000000011010101010100111111111
11111111111111110000000011010101010100111111111
11111111111111110000000001010101010100111111111
11111111111111110000000001010101010100111111111
11111111111111110000000011010101010100111111111
11111111111111110000000111010101010100111111111
11111111111111110000001111010101010100111111111
11111111111111110000001111010101010100111111111
11111111111111110000001101010101010100111111111
11111111111111110000001100010101010100111111111
11111111111111110000001100110101010100111111111
11111111111111110000001101110101010100111111111
11111111111111110000001101110101010100111111111
11111111111111110000001101100101010100111111111
11111111111111110000001101101101010100111111111
11111111111111110000001101111101010100111111111
11111111111111110000001101111101010100111111111
11111111111111110000001101111001010100111111111
11111111111111110000001101111011010100111111111
11111111111111110000001101111111010100111111111
11111111111111110000001101111111010100111111111
11111111111111110000001101111110010100111111111
11111111111111110000001101111110110100111111111
11111111111111110000001101111111110100111111111
11111111111111110000001101111111110100111111111
11111111111111110000001101111111100100111111111
11111111111111110000001101111111101100111111111
11111111111111110000001101111111111100111111111
11111111111111110000001101111111111100111111111
11111111111111110000001101111111111000111111111
11111111111111110000001101111111111010111111111
11111111111111110000001101111111111110111111111
11111111111111110000001101111111111110111111111
11111111111111110000001101111111111111111111111
11111111111111110000001101111111111101111111111
11111111111111110000001101111111111001111111111
11111111111111110000001101111111111001111111111
11111111111111110000001101111111101001111111111
11111111111111110000001101111111101001111111111
11111111111111110000001101111110101001111111111
11111111111111110000001101111110101001111111111
11111111111111110000001101111010101001111111111
11111111111111110000001101111010101001111111111
11111111111111110000001101101010101001111111111
11111111111111110000001101101010101001111111111
11111111111111110000001100101010101001111111111
11111111111111110000001100101010101001111111111
11111111111111110000001101101010101001111111111
11111111111111110000001111101010101001111111111
11111111111111110000001011101010101001111111111
11111111111111110000000011101010101001111111111
11111111111111110000000011101010101001111111111
11111111111111110000001011101010101001111111111
11111111111111110000011011101010101001111111111
11111111111111110000111011101010101001111111111
11111111111111110000111011101010101001111111111
11111111111111110000110011101010101001111111111
11111111111111110000110111101010101001111111111
11111111111111110000111111101010101001111111111
11111111111111110000111111101010101001111111111
11111111111111110000111101101010101001111111111
11111111111111110000111100101010101001111111111
11111111111111110000111100001010101001111111111
11111111111111110000111100011010101001111111111
11111111111111110000111100111010101001111111111
11111111111111110000111100111010101001111111111
11111111111111110000111100110010101001111111111
11111111111111110000111100110110101001111111111
11111111111111110000111100111110101001111111111
11111111111111110000111100111110101001111111111
11111111111111110000111100111100101001111111111
11111111111111110000111100111101101001111111111
11111111111111110000111100111111101001111111111
11111111111111110000111100111111101001111111111
11111111111111110000111100111111001001111111111
11111111111111110000111100111111011001111111111
11111111111111110000111100111111111001111111111
11111111111111110000111100111111111001111111111
11111111111111110000111100111111110001111111111
11111111111111110000111100111111110101111111111
11111111111111110000111100111111111101111111111
11111111111111110000111100111111111101111111111
11111111111111110000111100111111111111111111111
11111111111111110000111100111111111011111111111
11111111111111110000111100111111110011111111111
11111111111111110000111100111111110011111111111
11111111111111110000111100111111010011111111111
11111111111111110000111100111111010011111111111
11111111111111110000111100111101010011111111111
11111111111111110000111100111101010011111111111
11111111111111110000111100110101010011111111111
11111111111111110000111100110101010011111111111
11111111111111110000111100010101010011111111111
11111111111111110000111100010101010011111111111
11111111111111110000111100110101010011111111111
11111111111111110000111101110101010011111111111
11111111111111110000111111110101010011111111111
11111111111111110000111111110101010011111111111
11111111111111110000111111010101010011111111111
11111111111111110000111111000101010011111111111
11111111111111110000111111001101010011111111111
11111111111111110000111111011101010011111111111
11111111111111110000111111011101010011111111111
11111111111111110000111111011001010011111111111
11111111111111110000111111011011010011111111111
11111111111111110000111111011111010011111111111
11111111111111110000111111011111010011111111111
11111111111111110000111111011110010011111111111
11111111111111110000111111011110110011111111111
11111111111111110000111111011111110011111111111
11111111111111110000111111011111110011111111111
11111111111111110000111111011111100011111111111
11111111111111110000111111011111101011111111111
11111111111111110000111111011111111011111111111
11111111111111110000111111011111111011111111111
11111111111111110000111111011111111111111111111
11111111111111110000111111011111110111111111111
11111111111111110000111111011111100111111111111
11111111111111110000111111011111100111111111111
11111111111111110000111111011110100111111111111
11111111111111110000111111011110100111111111111
11111111111111110000111111011010100111111111111
11111111111111110000111111011010100111111111111
11111111111111110000111111001010100111111111111
11111111111111110000111111001010100111111111111
11111111111111110000111111011010100111111111111
11111111111111110000111111111010100111111111111
11111111111111110000111110111010100111111111111
11111111111111110000111100111010100111111111111
11111111111111110000111100111010100111111111111
11111111111111110000110100111010100111111111111
11111111111111110000110100111010100111111111111
11111111111111110000010100111010100111111111111
11111111111111110000010100111010100111111111111
11111111111111110000110100111010100111111111111
11111111111111110001110100111010100111111111111
11111111111111110011110100111010100111111111111
11111111111111110011110100111010100111111111111
11111111111111110011010100111010100111111111111
11111111111111110011000100111010100111111111111
11111111111111110011001100111010100111111111111
11111111111111110011011100111010100111111111111
11111111111111110011011100111010100111111111111
11111111111111110011011000111010100111111111111
11111111111111110011011010111010100111111111111
11111111111111110011011110111010100111111111111
11111111111111110011011110111010100111111111111
11111111111111110011011111111010100111111111111
11111111111111110011011101111010100111111111111
11111111111111110011011001111010100111111111111
11111111111111110011011001111010100111111111111
11111111111111110011001001111010100111111111111
11111111111111110011001001111010100111111111111
11111111111111110011011001111010100111111111111
11111111111111110011111001111010100111111111111
11111111111111110010111001111010100111111111111
11111111111111110000111001111010100111111111111
11111111111111110000111001111010100111111111111
11111111111111110010111001111010100111111111111
11111111111111110110111001111010100111111111111
11111111111111111110111001111010100111111111111
11111111111111111110111001111010100111111111111
11111111111111111100111001111010100111111111111
11111111111111111101111001111010100111111111111
11111111111111111111111001111010100111111111111
11111111111111111111111001111010100111111111111
11111111111111111111011001111010100111111111111
11111111111111111111001001111010100111111111111
11111111111111111111000001111010100111111111111
11111111111111111111000101111010100111111111111
11111111111111111111001101111010100111111111111
11111111111111111111001101111010100111111111111
11111111111111111111001111111010100111111111111
11111111111111111111001011111010100111111111111
11111111111111111111000011111010100111111111111
11111111111111111111000011111010100111111111111
11111111111111111111001011111010100111111111111
11111111111111111111011011111010100111111111111
11111111111111111111111011111010100111111111111
11111111111111111111111011111010100111111111111
11111111111111111111110011111010100111111111111
11111111111111111111110111111010100111111111111
11111111111111111111111111111010100111111111111
11111111111111111111111111111010100111111111111
11111111111111111111111101111010100111111111111
11111111111111111111111100111010100111111111111
11111111111111111111111100011010100111111111111
11111111111111111111111100001010100111111111111
11111111111111111111111100000010100111111111111
11111111111111111111111100000110100111111111111
11111111111111111111111100001110100111111111111
11111111111111111111111100001110100111111111111
11111111111111111111111100001100100111111111111
11111111111111111111111100001101100111111111111
11111111111111111111111100001111100111111111111
11111111111111111111111100001111100111111111111
11111111111111111111111100001111000111111111111
11111111111111111111111100001111010111111111111
11111111111111111111111100001111110111111111111
11111111111111111111111100001111110111111111111
11111111111111111111111100001111111111111111111
11111111111111111111111100001111101111111111111
11111111111111111111111100001111001111111111111
11111111111111111111111100001111001111111111111
11111111111111111111111100001101001111111111111
11111111111111111111111100001101001111111111111
11111111111111111111111100000101001111111111111
11111111111111111111111100000101001111111111111
11111111111111111111111100001101001111111111111
11111111111111111111111100011101001111111111111
11111111111111111111111100111101001111111111111
11111111111111111111111100111101001111111111111
11111111111111111111111100110101001111111111111
11111111111111111111111100110001001111111111111
11111111111111111111111100110011001111111111111
11111111111111111111111100110111001111111111111
11111111111111111111111100110111001111111111111
11111111111111111111111100110110001111111111111
11111111111111111111111100110110101111111111111
11111111111111111111111100110111101111111111111
11111111111111111111111100110111101111111111111
11111111111111111111111100110111111111111111111
11111111111111111111111100110111011111111111111
11111111111111111111111100110110011111111111111
11111111111111111111111100110110011111111111111
11111111111111111111111100110010011111111111111
11111111111111111111111100110010011111111111111
11111111111111111111111100110110011111111111111
11111111111111111111111100111110011111111111111
11111111111111111111111100101110011111111111111
11111111111111111111111100001110011111111111111
11111111111111111111111100001110011111111111111
11111111111111111111111100101110011111111111111
11111111111111111111111101101110011111111111111
11111111111111111111111111101110011111111111111
11111111111111111111111111101110011111111111111
11111111111111111111111111001110011111111111111
11111111111111111111111111011110011111111111111
11111111111111111111111111111110011111111111111
11111111111111111111111111111110011111111111111
11111111111111111111111111110110011111111111111
11111111111111111111111111110010011111111111111
11111111111111111111111111110000011111111111111
11111111111111111111111111110001011111111111111
11111111111111111111111111110011011111111111111
11111111111111111111111111110011011111111111111
11111111111111111111111111110011111111111111111
11111111111111111111111111110010111111111111111
11111111111111111111111111110000111111111111111
11111111111111111111111111110000111111111111111
11111111111111111111111111110010111111111111111
11111111111111111111111111110110111111111111111
11111111111111111111111111111110111111111111111
11111111111111111111111111111110111111111111111
11111111111111111111111111111100111111111111111
11111111111111111111111111111101111111111111111
11111111111111111111111111111111111111111111111
11111111111111111111111111111111111111111111111
11111111111111111111111111111111011111111111111
11111111111111111111111111111111001111111111111
11111111111111111111111111111111000111111111111
11111111111111111111111111111111000011111111111
11111111111111111111111111111111000001111111111
11111111111111111111111111111111000000111111111
11111111111111111111111111111111000000011111111
11111111111111111111111111111111000000001111111
11111111111111111111111111111111000000000111111
11111111111111111111111111111111000000000011111
11111111111111111111111111111111000000000001111
11111111111111111111111111111111000000000000111
11111111111111111111111111111111000000000000011
11111111111111111111111111111111000000000000001
111111111111111111111111111111110000000000000000
111111111111111111111111111111110000000000000001
111111111111111111111111111111110000000000000011
1111111111111111111111111111111100000000000000110
1111111111111111111111111111111100000000000000111
1111111111111111111111111111111100000000000000101
1111111111111111111111111111111100000000000000001
1111111111111111111111111111111100000000000000001
1111111111111111111111111111111100000000000000101
1111111111111111111111111111111100000000000001101
1111111111111111111111111111111100000000000011101
1111111111111111111111111111111100000000000011101
1111111111111111111111111111111100000000000011001
1111111111111111111111111111111100000000000011011
1111111111111111111111111111111100000000000011111
1111111111111111111111111111111100000000000011111
11111111111111111111111111111111000000000000111100
11111111111111111111111111111111000000000000111101
11111111111111111111111111111111000000000000111111
111111111111111111111111111111110000000000001111110
111111111111111111111111111111110000000000001111111
111111111111111111111111111111110000000000001111101
111111111111111111111111111111110000000000001111001
111111111111111111111111111111110000000000001111001
111111111111111111111111111111110000000000001101001
111111111111111111111111111111110000000000001101001
111111111111111111111111111111110000000000000101001
111111111111111111111111111111110000000000000101001
111111111111111111111111111111110000000000001101001
111111111111111111111111111111110000000000011101001
111111111111111111111111111111110000000000111101001
111111111111111111111111111111110000000000111101001
111111111111111111111111111111110000000000110101001
111111111111111111111111111111110000000000110001001
111111111111111111111111111111110000000000110011001
111111111111111111111111111111110000000000110111001
111111111111111111111111111111110000000000110111001
111111111111111111111111111111110000000000110110001
111111111111111111111111111111110000000000110110101
111111111111111111111111111111110000000000110111101
111111111111111111111111111111110000000000110111101
111111111111111111111111111111110000000000110111111
111111111111111111111111111111110000000000110111011
111111111111111111111111111111110000000000110110011
111111111111111111111111111111110000000000110110011
111111111111111111111111111111110000000000110010011
111111111111111111111111111111110000000000110010011
111111111111111111111111111111110000000000110110011
111111111111111111111111111111110000000000111110011
111111111111111111111111111111110000000000101110011
111111111111111111111111111111110000000000001110011
111111111111111111111111111111110000000000001110011
111111111111111111111111111111110000000000101110011
111111111111111111111111111111110000000001101110011
111111111111111111111111111111110000000011101110011
111111111111111111111111111111110000000011101110011
111111111111111111111111111111110000000011001110011
111111111111111111111111111111110000000011011110011
111111111111111111111111111111110000000011111110011
111111111111111111111111111111110000000011111110011
111111111111111111111111111111110000000011110110011
111111111111111111111111111111110000000011110010011
111111111111111111111111111111110000000011110000011
111111111111111111111111111111110000000011110001011
111111111111111111111111111111110000000011110011011
111111111111111111111111111111110000000011110011011
111111111111111111111111111111110000000011110011111
111111111111111111111111111111110000000011110010111
111111111111111111111111111111110000000011110000111
111111111111111111111111111111110000000011110000111
111111111111111111111111111111110000000011110010111
111111111111111111111111111111110000000011110110111
111111111111111111111111111111110000000011111110111
111111111111111111111111111111110000000011111110111
111111111111111111111111111111110000000011111100111
111111111111111111111111111111110000000011111101111
111111111111111111111111111111110000000011111111111
111111111111111111111111111111110000000011111111111
111111111111111111111111111111110000000011111111011
111111111111111111111111111111110000000011111111001
1111111111111111111111111111111100000000111111110000
1111111111111111111111111111111100000000111111110001
1111111111111111111111111111111100000000111111110011
11111111111111111111111111111111000000001111111100110
11111111111111111111111111111111000000001111111100111
11111111111111111111111111111111000000001111111100101
11111111111111111111111111111111000000001111111100001
11111111111111111111111111111111000000001111111100001
11111111111111111111111111111111000000001111111100101
11111111111111111111111111111111000000001111111101101
11111111111111111111111111111111000000001111111111101
11111111111111111111111111111111000000001111111111101
11111111111111111111111111111111000000001111111111001
11111111111111111111111111111111000000001111111111011
11111111111111111111111111111111000000001111111111111
11111111111111111111111111111111000000001111111111111
111111111111111111111111111111110000000011111111111100
111111111111111111111111111111110000000011111111111101
111111111111111111111111111111110000000011111111111111
1111111111111111111111111111111100000000111111111111110
1111111111111111111111111111111100000000111111111111111
1111111111111111111111111111111100000000111111111111101
1111111111111111111111111111111100000000111111111111001
1111111111111111111111111111111100000000111111111111001
1111111111111111111111111111111100000000111111111101001
1111111111111111111111111111111100000000111111111101001
1111111111111111111111111111111100000000111111110101001
1111111111111111111111111111111100000000111111110101001
1111111111111111111111111111111100000000111111010101001
1111111111111111111111111111111100000000111111010101001
1111111111111111111111111111111100000000111101010101001
1111111111111111111111111111111100000000111101010101001
1111111111111111111111111111111100000000110101010101001
1111111111111111111111111111111100000000110101010101001
1111111111111111111111111111111100000000010101010101001
1111111111111111111111111111111100000000010101010101001
1111111111111111111111111111111100000000110101010101001
1111111111111111111111111111111100000001110101010101001
1111111111111111111111111111111100000011110101010101001
1111111111111111111111111111111100000011110101010101001
1111111111111111111111111111111100000011010101010101001
1111111111111111111111111111111100000011000101010101001
1111111111111111111111111111111100000011001101010101001
1111111111111111111111111111111100000011011101010101001
1111111111111111111111111111111100000011011101010101001
1111111111111111111111111111111100000011011001010101001
1111111111111111111111111111111100000011011011010101001
1111111111111111111111111111111100000011011111010101001
1111111111111111111111111111111100000011011111010101001
1111111111111111111111111111111100000011011110010101001
1111111111111111111111111111111100000011011110110101001
1111111111111111111111111111111100000011011111110101001
1111111111111111111111111111111100000011011111110101001
1111111111111111111111111111111100000011011111100101001
1111111111111111111111111111111100000011011111101101001
1111111111111111111111111111111100000011011111111101001
1111111111111111111111111111111100000011011111111101001
1111111111111111111111111111111100000011011111111001001
1111111111111111111111111111111100000011011111111011001
1111111111111111111111111111111100000011011111111111001
1111111111111111111111111111111100000011011111111111001
1111111111111111111111111111111100000011011111111110001
1111111111111111111111111111111100000011011111111110101
1111111111111111111111111111111100000011011111111111101
1111111111111111111111111111111100000011011111111111101
1111111111111111111111111111111100000011011111111111111
1111111111111111111111111111111100000011011111111111011
1111111111111111111111111111111100000011011111111110011
1111111111111111111111111111111100000011011111111110011
1111111111111111111111111111111100000011011111111010011
1111111111111111111111111111111100000011011111111010011
1111111111111111111111111111111100000011011111101010011
1111111111111111111111111111111100000011011111101010011
1111111111111111111111111111111100000011011110101010011
1111111111111111111111111111111100000011011110101010011
1111111111111111111111111111111100000011011010101010011
1111111111111111111111111111111100000011011010101010011
1111111111111111111111111111111100000011001010101010011
1111111111111111111111111111111100000011001010101010011
1111111111111111111111111111111100000011011010101010011
1111111111111111111111111111111100000011111010101010011
1111111111111111111111111111111100000010111010101010011
1111111111111111111111111111111100000000111010101010011
1111111111111111111111111111111100000000111010101010011
1111111111111111111111111111111100000010111010101010011
1111111111111111111111111111111100000110111010101010011
1111111111111111111111111111111100001110111010101010011
1111111111111111111111111111111100001110111010101010011
1111111111111111111111111111111100001100111010101010011
1111111111111111111111111111111100001101111010101010011
1111111111111111111111111111111100001111111010101010011
1111111111111111111111111111111100001111111010101010011
1111111111111111111111111111111100001111011010101010011
1111111111111111111111111111111100001111001010101010011
1111111111111111111111111111111100001111000010101010011
1111111111111111111111111111111100001111000110101010011
1111111111111111111111111111111100001111001110101010011
1111111111111111111111111111111100001111001110101010011
1111111111111111111111111111111100001111001100101010011
1111111111111111111111111111111100001111001101101010011
1111111111111111111111111111111100001111001111101010011
1111111111111111111111111111111100001111001111101010011
1111111111111111111111111111111100001111001111001010011
1111111111111111111111111111111100001111001111011010011
1111111111111111111111111111111100001111001111111010011
1111111111111111111111111111111100001111001111111010011
1111111111111111111111111111111100001111001111110010011
1111111111111111111111111111111100001111001111110110011
1111111111111111111111111111111100001111001111111110011
1111111111111111111111111111111100001111001111111110011
1111111111111111111111111111111100001111001111111100011
1111111111111111111111111111111100001111001111111101011
1111111111111111111111111111111100001111001111111111011
1111111111111111111111111111111100001111001111111111011
1111111111111111111111111111111100001111001111111111111
1111111111111111111111111111111100001111001111111110111
1111111111111111111111111111111100001111001111111100111
1111111111111111111111111111111100001111001111111100111
1111111111111111111111111111111100001111001111110100111
1111111111111111111111111111111100001111001111110100111
1111111111111111111111111111111100001111001111010100111
1111111111111111111111111111111100001111001111010100111
1111111111111111111111111111111100001111001101010100111
1111111111111111111111111111111100001111001101010100111
1111111111111111111111111111111100001111000101010100111
1111111111111111111111111111111100001111000101010100111
1111111111111111111111111111111100001111001101010100111
1111111111111111111111111111111100001111011101010100111
1111111111111111111111111111111100001111111101010100111
1111111111111111111111111111111100001111111101010100111
1111111111111111111111111111111100001111110101010100111
1111111111111111111111111111111100001111110001010100111
1111111111111111111111111111111100001111110011010100111
1111111111111111111111111111111100001111110111010100111
1111111111111111111111111111111100001111110111010100111
1111111111111111111111111111111100001111110110010100111
1111111111111111111111111111111100001111110110110100111
1111111111111111111111111111111100001111110111110100111
1111111111111111111111111111111100001111110111110100111
1111111111111111111111111111111100001111110111100100111
1111111111111111111111111111111100001111110111101100111
1111111111111111111111111111111100001111110111111100111
1111111111111111111111111111111100001111110111111100111
1111111111111111111111111111111100001111110111111000111
1111111111111111111111111111111100001111110111111010111
1111111111111111111111111111111100001111110111111110111
1111111111111111111111111111111100001111110111111110111
1111111111111111111111111111111100001111110111111111111
1111111111111111111111111111111100001111110111111101111
1111111111111111111111111111111100001111110111111001111
1111111111111111111111111111111100001111110111111001111
1111111111111111111111111111111100001111110111101001111
1111111111111111111111111111111100001111110111101001111
1111111111111111111111111111111100001111110110101001111
1111111111111111111111111111111100001111110110101001111
1111111111111111111111111111111100001111110010101001111
1111111111111111111111111111111100001111110010101001111
1111111111111111111111111111111100001111110110101001111
1111111111111111111111111111111100001111111110101001111
1111111111111111111111111111111100001111101110101001111
1111111111111111111111111111111100001111001110101001111
1111111111111111111111111111111100001111001110101001111
1111111111111111111111111111111100001101001110101001111
1111111111111111111111111111111100001101001110101001111
1111111111111111111111111111111100000101001110101001111
1111111111111111111111111111111100000101001110101001111
1111111111111111111111111111111100001101001110101001111
1111111111111111111111111111111100011101001110101001111
1111111111111111111111111111111100111101001110101001111
1111111111111111111111111111111100111101001110101001111
1111111111111111111111111111111100110101001110101001111
1111111111111111111111111111111100110001001110101001111
1111111111111111111111111111111100110011001110101001111
1111111111111111111111111111111100110111001110101001111
1111111111111111111111111111111100110111001110101001111
1111111111111111111111111111111100110110001110101001111
1111111111111111111111111111111100110110101110101001111
1111111111111111111111111111111100110111101110101001111
1111111111111111111111111111111100110111101110101001111
1111111111111111111111111111111100110111111110101001111
1111111111111111111111111111111100110111011110101001111
1111111111111111111111111111111100110110011110101001111
1111111111111111111111111111111100110110011110101001111
1111111111111111111111111111111100110010011110101001111
1111111111111111111111111111111100110010011110101001111
1111111111111111111111111111111100110110011110101001111
1111111111111111111111111111111100111110011110101001111
1111111111111111111111111111111100101110011110101001111
1111111111111111111111111111111100001110011110101001111
1111111111111111111111111111111100001110011110101001111
1111111111111111111111111111111100101110011110101001111
1111111111111111111111111111111101101110011110101001111
1111111111111111111111111111111111101110011110101001111
1111111111111111111111111111111111101110011110101001111
1111111111111111111111111111111111001110011110101001111
1111111111111111111111111111111111011110011110101001111
1111111111111111111111111111111111111110011110101001111
1111111111111111111111111111111111111110011110101001111
1111111111111111111111111111111111110110011110101001111
1111111111111111111111111111111111110010011110101001111
1111111111111111111111111111111111110000011110101001111
1111111111111111111111111111111111110001011110101001111
1111111111111111111111111111111111110011011110101001111
1111111111111111111111111111111111110011011110101001111
1111111111111111111111111111111111110011111110101001111
1111111111111111111111111111111111110010111110101001111
1111111111111111111111111111111111110000111110101001111
1111111111111111111111111111111111110000111110101001111
1111111111111111111111111111111111110010111110101001111
1111111111111111111111111111111111110110111110101001111
1111111111111111111111111111111111111110111110101001111
1111111111111111111111111111111111111110111110101001111
1111111111111111111111111111111111111100111110101001111
1111111111111111111111111111111111111101111110101001111
1111111111111111111111111111111111111111111110101001111
1111111111111111111111111111111111111111111110101001111
1111111111111111111111111111111111111111011110101001111
1111111111111111111111111111111111111111001110101001111
1111111111111111111111111111111111111111000110101001111
1111111111111111111111111111111111111111000010101001111
1111111111111111111111111111111111111111000000101001111
1111111111111111111111111111111111111111000001101001111
1111111111111111111111111111111111111111000011101001111
1111111111111111111111111111111111111111000011101001111
1111111111111111111111111111111111111111000011001001111
1111111111111111111111111111111111111111000011011001111
1111111111111111111111111111111111111111000011111001111
1111111111111111111111111111111111111111000011111001111
1111111111111111111111111111111111111111000011110001111
1111111111111111111111111111111111111111000011110101111
1111111111111111111111111111111111111111000011111101111
1111111111111111111111111111111111111111000011111101111
1111111111111111111111111111111111111111000011111111111
1111111111111111111111111111111111111111000011111011111
1111111111111111111111111111111111111111000011110011111
1111111111111111111111111111111111111111000011110011111
1111111111111111111111111111111111111111000011010011111
1111111111111111111111111111111111111111000011010011111
1111111111111111111111111111111111111111000001010011111
1111111111111111111111111111111111111111000001010011111
1111111111111111111111111111111111111111000011010011111
1111111111111111111111111111111111111111000111010011111
1111111111111111111111111111111111111111001111010011111
1111111111111111111111111111111111111111001111010011111
1111111111111111111111111111111111111111001101010011111
1111111111111111111111111111111111111111001100010011111
1111111111111111111111111111111111111111001100110011111
1111111111111111111111111111111111111111001101110011111
1111111111111111111111111111111111111111001101110011111
1111111111111111111111111111111111111111001101100011111
1111111111111111111111111111111111111111001101101011111
1111111111111111111111111111111111111111001101111011111
1111111111111111111111111111111111111111001101111011111
1111111111111111111111111111111111111111001101111111111
1111111111111111111111111111111111111111001101110111111
1111111111111111111111111111111111111111001101100111111
1111111111111111111111111111111111111111001101100111111
1111111111111111111111111111111111111111001100100111111
1111111111111111111111111111111111111111001100100111111
1111111111111111111111111111111111111111001101100111111
1111111111111111111111111111111111111111001111100111111
1111111111111111111111111111111111111111001011100111111
1111111111111111111111111111111111111111000011100111111
1111111111111111111111111111111111111111000011100111111
1111111111111111111111111111111111111111001011100111111
1111111111111111111111111111111111111111011011100111111
1111111111111111111111111111111111111111111011100111111
1111111111111111111111111111111111111111111011100111111
1111111111111111111111111111111111111111110011100111111
1111111111111111111111111111111111111111110111100111111
1111111111111111111111111111111111111111111111100111111
1111111111111111111111111111111111111111111111100111111
1111111111111111111111111111111111111111111101100111111
1111111111111111111111111111111111111111111100100111111
1111111111111111111111111111111111111111111100000111111
1111111111111111111111111111111111111111111100010111111
1111111111111111111111111111111111111111111100110111111
1111111111111111111111111111111111111111111100110111111
1111111111111111111111111111111111111111111100111111111
1111111111111111111111111111111111111111111100101111111
1111111111111111111111111111111111111111111100001111111
1111111111111111111111111111111111111111111100001111111
1111111111111111111111111111111111111111111100101111111
1111111111111111111111111111111111111111111101101111111
1111111111111111111111111111111111111111111111101111111
1111111111111111111111111111111111111111111111101111111
1111111111111111111111111111111111111111111111001111111
1111111111111111111111111111111111111111111111011111111
1111111111111111111111111111111111111111111111111111111
1111111111111111111111111111111111111111111111111111111
1111111111111111111111111111111111111111111111110111111
1111111111111111111111111111111111111111111111110011111
1111111111111111111111111111111111111111111111110001111
1111111111111111111111111111111111111111111111110000111
1111111111111111111111111111111111111111111111110000011
1111111111111111111111111111111111111111111111110000001
11111111111111111111111111111111111111111111111100000000
11111111111111111111111111111111111111111111111100000001
11111111111111111111111111111111111111111111111100000011
111111111111111111111111111111111111111111111111000000110
111111111111111111111111111111111111111111111111000000111
111111111111111111111111111111111111111111111111000000101
111111111111111111111111111111111111111111111111000000001
111111111111111111111111111111111111111111111111000000001
111111111111111111111111111111111111111111111111000000101
111111111111111111111111111111111111111111111111000001101
111111111111111111111111111111111111111111111111000011101
111111111111111111111111111111111111111111111111000011101
111111111111111111111111111111111111111111111111000011001
111111111111111111111111111111111111111111111111000011011
111111111111111111111111111111111111111111111111000011111
111111111111111111111111111111111111111111111111000011111
1111111111111111111111111111111111111111111111110000111100
1111111111111111111111111111111111111111111111110000111101
1111111111111111111111111111111111111111111111110000111111
11111111111111111111111111111111111111111111111100001111110
11111111111111111111111111111111111111111111111100001111111
11111111111111111111111111111111111111111111111100001111101
11111111111111111111111111111111111111111111111100001111001
11111111111111111111111111111111111111111111111100001111001
11111111111111111111111111111111111111111111111100001101001
11111111111111111111111111111111111111111111111100001101001
11111111111111111111111111111111111111111111111100000101001
11111111111111111111111111111111111111111111111100000101001
11111111111111111111111111111111111111111111111100001101001
11111111111111111111111111111111111111111111111100011101001
11111111111111111111111111111111111111111111111100111101001
11111111111111111111111111111111111111111111111100111101001
11111111111111111111111111111111111111111111111100110101001
11111111111111111111111111111111111111111111111100110001001
11111111111111111111111111111111111111111111111100110011001
11111111111111111111111111111111111111111111111100110111001
11111111111111111111111111111111111111111111111100110111001
11111111111111111111111111111111111111111111111100110110001
11111111111111111111111111111111111111111111111100110110101
11111111111111111111111111111111111111111111111100110111101
11111111111111111111111111111111111111111111111100110111101
11111111111111111111111111111111111111111111111100110111111
11111111111111111111111111111111111111111111111100110111011
11111111111111111111111111111111111111111111111100110110011
11111111111111111111111111111111111111111111111100110110011
11111111111111111111111111111111111111111111111100110010011
11111111111111111111111111111111111111111111111100110010011
11111111111111111111111111111111111111111111111100110110011
11111111111111111111111111111111111111111111111100111110011
11111111111111111111111111111111111111111111111100101110011
11111111111111111111111111111111111111111111111100001110011
11111111111111111111111111111111111111111111111100001110011
11111111111111111111111111111111111111111111111100101110011
11111111111111111111111111111111111111111111111101101110011
11111111111111111111111111111111111111111111111111101110011
11111111111111111111111111111111111111111111111111101110011
11111111111111111111111111111111111111111111111111001110011
11111111111111111111111111111111111111111111111111011110011
11111111111111111111111111111111111111111111111111111110011
11111111111111111111111111111111111111111111111111111110011
11111111111111111111111111111111111111111111111111110110011
11111111111111111111111111111111111111111111111111110010011
11111111111111111111111111111111111111111111111111110000011
11111111111111111111111111111111111111111111111111110001011
11111111111111111111111111111111111111111111111111110011011
11111111111111111111111111111111111111111111111111110011011
11111111111111111111111111111111111111111111111111110011111
11111111111111111111111111111111111111111111111111110010111
11111111111111111111111111111111111111111111111111110000111
11111111111111111111111111111111111111111111111111110000111
11111111111111111111111111111111111111111111111111110010111
11111111111111111111111111111111111111111111111111110110111
11111111111111111111111111111111111111111111111111111110111
11111111111111111111111111111111111111111111111111111110111
11111111111111111111111111111111111111111111111111111100111
11111111111111111111111111111111111111111111111111111101111
11111111111111111111111111111111111111111111111111111111111
11111111111111111111111111111111111111111111111111111111111
11111111111111111111111111111111111111111111111111111111011
11111111111111111111111111111111111111111111111111111111001
111111111111111111111111111111111111111111111111111111110000
111111111111111111111111111111111111111111111111111111110001
111111111111111111111111111111111111111111111111111111110011
1111111111111111111111111111111111111111111111111111111100110
1111111111111111111111111111111111111111111111111111111100111
1111111111111111111111111111111111111111111111111111111100101
1111111111111111111111111111111111111111111111111111111100001
1111111111111111111111111111111111111111111111111111111100001
1111111111111111111111111111111111111111111111111111111100101
1111111111111111111111111111111111111111111111111111111101101
1111111111111111111111111111111111111111111111111111111111101
1111111111111111111111111111111111111111111111111111111111101
1111111111111111111111111111111111111111111111111111111111001
1111111111111111111111111111111111111111111111111111111111011
1111111111111111111111111111111111111111111111111111111111111
1111111111111111111111111111111111111111111111111111111111111
11111111111111111111111111111111111111111111111111111111111100
11111111111111111111111111111111111111111111111111111111111101
11111111111111111111111111111111111111111111111111111111111111
111111111111111111111111111111111111111111111111111111111111110
111111111111111111111111111111111111111111111111111111111111111
111111111111111111111111111111111111111111111111111111111111101
111111111111111111111111111111111111111111111111111111111111001
111111111111111111111111111111111111111111111111111111111111001
111111111111111111111111111111111111111111111111111111111101001
111111111111111111111111111111111111111111111111111111111101001
111111111111111111111111111111111111111111111111111111110101001
111111111111111111111111111111111111111111111111111111110101001
111111111111111111111111111111111111111111111111111111010101001
111111111111111111111111111111111111111111111111111111010101001
111111111111111111111111111111111111111111111111111101010101001
111111111111111111111111111111111111111111111111111101010101001
111111111111111111111111111111111111111111111111110101010101001
111111111111111111111111111111111111111111111111110101010101001
111111111111111111111111111111111111111111111111010101010101001
111111111111111111111111111111111111111111111111010101010101001
111111111111111111111111111111111111111111111101010101010101001
111111111111111111111111111111111111111111111101010101010101001
111111111111111111111111111111111111111111110101010101010101001
111111111111111111111111111111111111111111110101010101010101001
111111111111111111111111111111111111111111010101010101010101001
111111111111111111111111111111111111111111010101010101010101001
111111111111111111111111111111111111111101010101010101010101001
111111111111111111111111111111111111111101010101010101010101001
111111111111111111111111111111111111110101010101010101010101001
111111111111111111111111111111111111110101010101010101010101001
111111111111111111111111111111111111010101010101010101010101001
111111111111111111111111111111111111010101010101010101010101001
111111111111111111111111111111111101010101010101010101010101001
111111111111111111111111111111111101010101010101010101010101001
111111111111111111111111111111110101010101010101010101010101001
111111111111111111111111111111110101010101010101010101010101001
111111111111111111111111111111010101010101010101010101010101001
111111111111111111111111111111010101010101010101010101010101001
111111111111111111111111111101010101010101010101010101010101001
111111111111111111111111111101010101010101010101010101010101001
111111111111111111111111110101010101010101010101010101010101001
111111111111111111111111110101010101010101010101010101010101001
111111111111111111111111010101010101010101010101010101010101001
111111111111111111111111010101010101010101010101010101010101001
111111111111111111111101010101010101010101010101010101010101001
111111111111111111111101010101010101010101010101010101010101001
111111111111111111110101010101010101010101010101010101010101001
111111111111111111110101010101010101010101010101010101010101001
111111111111111111010101010101010101010101010101010101010101001
111111111111111111010101010101010101010101010101010101010101001
111111111111111101010101010101010101010101010101010101010101001
111111111111111101010101010101010101010101010101010101010101001
111111111111110101010101010101010101010101010101010101010101001
111111111111110101010101010101010101010101010101010101010101001
111111111111010101010101010101010101010101010101010101010101001
111111111111010101010101010101010101010101010101010101010101001
111111111101010101010101010101010101010101010101010101010101001
111111111101010101010101010101010101010101010101010101010101001
111111110101010101010101010101010101010101010101010101010101001
111111110101010101010101010101010101010101010101010101010101001
111111010101010101010101010101010101010101010101010101010101001
111111010101010101010101010101010101010101010101010101010101001
111101010101010101010101010101010101010101010101010101010101001
111101010101010101010101010101010101010101010101010101010101001
110101010101010101010101010101010101010101010101010101010101001
110101010101010101010101010101010101010101010101010101010101001
0010101010101010101010101010101010101010101010101010101010101001
0010101010101010101010101010101010101010101010101010101010101001
0110101010101010101010101010101010101010101010101010101010101001
01110101010101010101010101010101010101010101010101010101010101001
11110101010101010101010101010101010101010101010101010101010101001
11110101010101010101010101010101010101010101010101010101010101001
11010101010101010101010101010101010101010101010101010101010101001
11000101010101010101010101010101010101010101010101010101010101001
11001101010101010101010101010101010101010101010101010101010101001
11011101010101010101010101010101010101010101010101010101010101001
11011101010101010101010101010101010101010101010101010101010101001
11011001010101010101010101010101010101010101010101010101010101001
11011011010101010101010101010101010101010101010101010101010101001
11011111010101010101010101010101010101010101010101010101010101001
11011111010101010101010101010101010101010101010101010101010101001
11011110010101010101010101010101010101010101010101010101010101001
11011110110101010101010101010101010101010101010101010101010101001
11011111110101010101010101010101010101010101010101010101010101001
11011111110101010101010101010101010101010101010101010101010101001
11011111100101010101010101010101010101010101010101010101010101001
11011111101101010101010101010101010101010101010101010101010101001
11011111111101010101010101010101010101010101010101010101010101001
11011111111101010101010101010101010101010101010101010101010101001
11011111111001010101010101010101010101010101010101010101010101001
11011111111011010101010101010101010101010101010101010101010101001
11011111111111010101010101010101010101010101010101010101010101001
11011111111111010101010101010101010101010101010101010101010101001
11011111111110010101010101010101010101010101010101010101010101001
11011111111110110101010101010101010101010101010101010101010101001
11011111111111110101010101010101010101010101010101010101010101001
11011111111111110101010101010101010101010101010101010101010101001
11011111111111100101010101010101010101010101010101010101010101001
11011111111111101101010101010101010101010101010101010101010101001
11011111111111111101010101010101010101010101010101010101010101001
11011111111111111101010101010101010101010101010101010101010101001
11011111111111111001010101010101010101010101010101010101010101001
11011111111111111011010101010101010101010101010101010101010101001
11011111111111111111010101010101010101010101010101010101010101001
11011111111111111111010101010101010101010101010101010101010101001
11011111111111111110010101010101010101010101010101010101010101001
11011111111111111110110101010101010101010101010101010101010101001
11011111111111111111110101010101010101010101010101010101010101001
11011111111111111111110101010101010101010101010101010101010101001
11011111111111111111100101010101010101010101010101010101010101001
11011111111111111111101101010101010101010101010101010101010101001
11011111111111111111111101010101010101010101010101010101010101001
11011111111111111111111101010101010101010101010101010101010101001
11011111111111111111111001010101010101010101010101010101010101001
11011111111111111111111011010101010101010101010101010101010101001
11011111111111111111111111010101010101010101010101010101010101001
11011111111111111111111111010101010101010101010101010101010101001
11011111111111111111111110010101010101010101010101010101010101001
11011111111111111111111110110101010101010101010101010101010101001
11011111111111111111111111110101010101010101010101010101010101001
11011111111111111111111111110101010101010101010101010101010101001
11011111111111111111111111100101010101010101010101010101010101001
11011111111111111111111111101101010101010101010101010101010101001
11011111111111111111111111111101010101010101010101010101010101001
11011111111111111111111111111101010101010101010101010101010101001
11011111111111111111111111111001010101010101010101010101010101001
11011111111111111111111111111011010101010101010101010101010101001
11011111111111111111111111111111010101010101010101010101010101001
11011111111111111111111111111111010101010101010101010101010101001
11011111111111111111111111111110010101010101010101010101010101001
11011111111111111111111111111110110101010101010101010101010101001
11011111111111111111111111111111110101010101010101010101010101001
11011111111111111111111111111111110101010101010101010101010101001
11011111111111111111111111111111100101010101010101010101010101001
11011111111111111111111111111111101101010101010101010101010101001
11011111111111111111111111111111111101010101010101010101010101001
11011111111111111111111111111111111101010101010101010101010101001
11011111111111111111111111111111111001010101010101010101010101001
11011111111111111111111111111111111011010101010101010101010101001
11011111111111111111111111111111111111010101010101010101010101001
11011111111111111111111111111111111111010101010101010101010101001
11011111111111111111111111111111111110010101010101010101010101001
11011111111111111111111111111111111110110101010101010101010101001
11011111111111111111111111111111111111110101010101010101010101001
11011111111111111111111111111111111111110101010101010101010101001
11011111111111111111111111111111111111100101010101010101010101001
11011111111111111111111111111111111111101101010101010101010101001
11011111111111111111111111111111111111111101010101010101010101001
11011111111111111111111111111111111111111101010101010101010101001
11011111111111111111111111111111111111111001010101010101010101001
11011111111111111111111111111111111111111011010101010101010101001
11011111111111111111111111111111111111111111010101010101010101001
11011111111111111111111111111111111111111111010101010101010101001
11011111111111111111111111111111111111111110010101010101010101001
11011111111111111111111111111111111111111110110101010101010101001
11011111111111111111111111111111111111111111110101010101010101001
11011111111111111111111111111111111111111111110101010101010101001
11011111111111111111111111111111111111111111100101010101010101001
11011111111111111111111111111111111111111111101101010101010101001
11011111111111111111111111111111111111111111111101010101010101001
11011111111111111111111111111111111111111111111101010101010101001
11011111111111111111111111111111111111111111111001010101010101001
11011111111111111111111111111111111111111111111011010101010101001
11011111111111111111111111111111111111111111111111010101010101001
11011111111111111111111111111111111111111111111111010101010101001
11011111111111111111111111111111111111111111111110010101010101001
11011111111111111111111111111111111111111111111110110101010101001
11011111111111111111111111111111111111111111111111110101010101001
11011111111111111111111111111111111111111111111111110101010101001
11011111111111111111111111111111111111111111111111100101010101001
11011111111111111111111111111111111111111111111111101101010101001
11011111111111111111111111111111111111111111111111111101010101001
11011111111111111111111111111111111111111111111111111101010101001
11011111111111111111111111111111111111111111111111111001010101001
11011111111111111111111111111111111111111111111111111011010101001
11011111111111111111111111111111111111111111111111111111010101001
11011111111111111111111111111111111111111111111111111111010101001
11011111111111111111111111111111111111111111111111111110010101001
11011111111111111111111111111111111111111111111111111110110101001
11011111111111111111111111111111111111111111111111111111110101001
11011111111111111111111111111111111111111111111111111111110101001
11011111111111111111111111111111111111111111111111111111100101001
11011111111111111111111111111111111111111111111111111111101101001
11011111111111111111111111111111111111111111111111111111111101001
11011111111111111111111111111111111111111111111111111111111101001
11011111111111111111111111111111111111111111111111111111111001001
11011111111111111111111111111111111111111111111111111111111011001
11011111111111111111111111111111111111111111111111111111111111001
11011111111111111111111111111111111111111111111111111111111111001
11011111111111111111111111111111111111111111111111111111111110001
11011111111111111111111111111111111111111111111111111111111110101
11011111111111111111111111111111111111111111111111111111111111101
11011111111111111111111111111111111111111111111111111111111111101
11011111111111111111111111111111111111111111111111111111111111111
11011111111111111111111111111111111111111111111111111111111111011
11011111111111111111111111111111111111111111111111111111111110011
11011111111111111111111111111111111111111111111111111111111110011
11011111111111111111111111111111111111111111111111111111111010011
11011111111111111111111111111111111111111111111111111111111010011
11011111111111111111111111111111111111111111111111111111101010011
11011111111111111111111111111111111111111111111111111111101010011
11011111111111111111111111111111111111111111111111111110101010011
11011111111111111111111111111111111111111111111111111110101010011
11011111111111111111111111111111111111111111111111111010101010011
11011111111111111111111111111111111111111111111111111010101010011
11011111111111111111111111111111111111111111111111101010101010011
11011111111111111111111111111111111111111111111111101010101010011
11011111111111111111111111111111111111111111111110101010101010011
11011111111111111111111111111111111111111111111110101010101010011
11011111111111111111111111111111111111111111111010101010101010011
11011111111111111111111111111111111111111111111010101010101010011
11011111111111111111111111111111111111111111101010101010101010011
11011111111111111111111111111111111111111111101010101010101010011
11011111111111111111111111111111111111111110101010101010101010011
11011111111111111111111111111111111111111110101010101010101010011
11011111111111111111111111111111111111111010101010101010101010011
11011111111111111111111111111111111111111010101010101010101010011
11011111111111111111111111111111111111101010101010101010101010011
11011111111111111111111111111111111111101010101010101010101010011
11011111111111111111111111111111111110101010101010101010101010011
11011111111111111111111111111111111110101010101010101010101010011
11011111111111111111111111111111111010101010101010101010101010011
11011111111111111111111111111111111010101010101010101010101010011
11011111111111111111111111111111101010101010101010101010101010011
11011111111111111111111111111111101010101010101010101010101010011
11011111111111111111111111111110101010101010101010101010101010011
11011111111111111111111111111110101010101010101010101010101010011
11011111111111111111111111111010101010101010101010101010101010011
11011111111111111111111111111010101010101010101010101010101010011
11011111111111111111111111101010101010101010101010101010101010011
11011111111111111111111111101010101010101010101010101010101010011
11011111111111111111111110101010101010101010101010101010101010011
11011111111111111111111110101010101010101010101010101010101010011
11011111111111111111111010101010101010101010101010101010101010011
11011111111111111111111010101010101010101010101010101010101010011
11011111111111111111101010101010101010101010101010101010101010011
11011111111111111111101010101010101010101010101010101010101010011
11011111111111111110101010101010101010101010101010101010101010011
11011111111111111110101010101010101010101010101010101010101010011
11011111111111111010101010101010101010101010101010101010101010011
11011111111111111010101010101010101010101010101010101010101010011
11011111111111101010101010101010101010101010101010101010101010011
11011111111111101010101010101010101010101010101010101010101010011
11011111111110101010101010101010101010101010101010101010101010011
11011111111110101010101010101010101010101010101010101010101010011
11011111111010101010101010101010101010101010101010101010101010011
11011111111010101010101010101010101010101010101010101010101010011
11011111101010101010101010101010101010101010101010101010101010011
11011111101010101010101010101010101010101010101010101010101010011
11011110101010101010101010101010101010101010101010101010101010011
11011110101010101010101010101010101010101010101010101010101010011
11011010101010101010101010101010101010101010101010101010101010011
11011010101010101010101010101010101010101010101010101010101010011
11001010101010101010101010101010101010101010101010101010101010011
11001010101010101010101010101010101010101010101010101010101010011
11011010101010101010101010101010101010101010101010101010101010011
11111010101010101010101010101010101010101010101010101010101010011
10111010101010101010101010101010101010101010101010101010101010011
000111010101010101010101010101010101010101010101010101010101010011
000111010101010101010101010101010101010101010101010101010101010011
010111010101010101010101010101010101010101010101010101010101010011
0110111010101010101010101010101010101010101010101010101010101010011
1110111010101010101010101010101010101010101010101010101010101010011
1110111010101010101010101010101010101010101010101010101010101010011
1100111010101010101010101010101010101010101010101010101010101010011
1101111010101010101010101010101010101010101010101010101010101010011
1111111010101010101010101010101010101010101010101010101010101010011
1111111010101010101010101010101010101010101010101010101010101010011
1111011010101010101010101010101010101010101010101010101010101010011
1111001010101010101010101010101010101010101010101010101010101010011
1111000010101010101010101010101010101010101010101010101010101010011
1111000110101010101010101010101010101010101010101010101010101010011
1111001110101010101010101010101010101010101010101010101010101010011
1111001110101010101010101010101010101010101010101010101010101010011
1111001100101010101010101010101010101010101010101010101010101010011
1111001101101010101010101010101010101010101010101010101010101010011
1111001111101010101010101010101010101010101010101010101010101010011
1111001111101010101010101010101010101010101010101010101010101010011
1111001111001010101010101010101010101010101010101010101010101010011
1111001111011010101010101010101010101010101010101010101010101010011
1111001111111010101010101010101010101010101010101010101010101010011
1111001111111010101010101010101010101010101010101010101010101010011
1111001111110010101010101010101010101010101010101010101010101010011
1111001111110110101010101010101010101010101010101010101010101010011
1111001111111110101010101010101010101010101010101010101010101010011
1111001111111110101010101010101010101010101010101010101010101010011
1111001111111100101010101010101010101010101010101010101010101010011
1111001111111101101010101010101010101010101010101010101010101010011
1111001111111111101010101010101010101010101010101010101010101010011
1111001111111111101010101010101010101010101010101010101010101010011
1111001111111111001010101010101010101010101010101010101010101010011
1111001111111111011010101010101010101010101010101010101010101010011
1111001111111111111010101010101010101010101010101010101010101010011
1111001111111111111010101010101010101010101010101010101010101010011
1111001111111111110010101010101010101010101010101010101010101010011
1111001111111111110110101010101010101010101010101010101010101010011
1111001111111111111110101010101010101010101010101010101010101010011
1111001111111111111110101010101010101010101010101010101010101010011
1111001111111111111100101010101010101010101010101010101010101010011
1111001111111111111101101010101010101010101010101010101010101010011
1111001111111111111111101010101010101010101010101010101010101010011
1111001111111111111111101010101010101010101010101010101010101010011
1111001111111111111111001010101010101010101010101010101010101010011
1111001111111111111111011010101010101010101010101010101010101010011
1111001111111111111111111010101010101010101010101010101010101010011
1111001111111111111111111010101010101010101010101010101010101010011
1111001111111111111111110010101010101010101010101010101010101010011
1111001111111111111111110110101010101010101010101010101010101010011
1111001111111111111111111110101010101010101010101010101010101010011
1111001111111111111111111110101010101010101010101010101010101010011
1111001111111111111111111100101010101010101010101010101010101010011
1111001111111111111111111101101010101010101010101010101010101010011
1111001111111111111111111111101010101010101010101010101010101010011
1111001111111111111111111111101010101010101010101010101010101010011
1111001111111111111111111111001010101010101010101010101010101010011
1111001111111111111111111111011010101010101010101010101010101010011
1111001111111111111111111111111010101010101010101010101010101010011
1111001111111111111111111111111010101010101010101010101010101010011
1111001111111111111111111111110010101010101010101010101010101010011
1111001111111111111111111111110110101010101010101010101010101010011
1111001111111111111111111111111110101010101010101010101010101010011
1111001111111111111111111111111110101010101010101010101010101010011
1111001111111111111111111111111100101010101010101010101010101010011
1111001111111111111111111111111101101010101010101010101010101010011
1111001111111111111111111111111111101010101010101010101010101010011
1111001111111111111111111111111111101010101010101010101010101010011
1111001111111111111111111111111111001010101010101010101010101010011
1111001111111111111111111111111111011010101010101010101010101010011
1111001111111111111111111111111111111010101010101010101010101010011
1111001111111111111111111111111111111010101010101010101010101010011
1111001111111111111111111111111111110010101010101010101010101010011
1111001111111111111111111111111111110110101010101010101010101010011
1111001111111111111111111111111111111110101010101010101010101010011
1111001111111111111111111111111111111110101010101010101010101010011
1111001111111111111111111111111111111100101010101010101010101010011
1111001111111111111111111111111111111101101010101010101010101010011
1111001111111111111111111111111111111111101010101010101010101010011
1111001111111111111111111111111111111111101010101010101010101010011
1111001111111111111111111111111111111111001010101010101010101010011
1111001111111111111111111111111111111111011010101010101010101010011
1111001111111111111111111111111111111111111010101010101010101010011
1111001111111111111111111111111111111111111010101010101010101010011
1111001111111111111111111111111111111111110010101010101010101010011
1111001111111111111111111111111111111111110110101010101010101010011
1111001111111111111111111111111111111111111110101010101010101010011
1111001111111111111111111111111111111111111110101010101010101010011
1111001111111111111111111111111111111111111100101010101010101010011
1111001111111111111111111111111111111111111101101010101010101010011
1111001111111111111111111111111111111111111111101010101010101010011
1111001111111111111111111111111111111111111111101010101010101010011
1111001111111111111111111111111111111111111111001010101010101010011
1111001111111111111111111111111111111111111111011010101010101010011
1111001111111111111111111111111111111111111111111010101010101010011
1111001111111111111111111111111111111111111111111010101010101010011
1111001111111111111111111111111111111111111111110010101010101010011
1111001111111111111111111111111111111111111111110110101010101010011
1111001111111111111111111111111111111111111111111110101010101010011
1111001111111111111111111111111111111111111111111110101010101010011
1111001111111111111111111111111111111111111111111100101010101010011
1111001111111111111111111111111111111111111111111101101010101010011
1111001111111111111111111111111111111111111111111111101010101010011
1111001111111111111111111111111111111111111111111111101010101010011
1111001111111111111111111111111111111111111111111111001010101010011
1111001111111111111111111111111111111111111111111111011010101010011
1111001111111111111111111111111111111111111111111111111010101010011
1111001111111111111111111111111111111111111111111111111010101010011
1111001111111111111111111111111111111111111111111111110010101010011
1111001111111111111111111111111111111111111111111111110110101010011
1111001111111111111111111111111111111111111111111111111110101010011
1111001111111111111111111111111111111111111111111111111110101010011
1111001111111111111111111111111111111111111111111111111100101010011
1111001111111111111111111111111111111111111111111111111101101010011
1111001111111111111111111111111111111111111111111111111111101010011
1111001111111111111111111111111111111111111111111111111111101010011
1111001111111111111111111111111111111111111111111111111111001010011
1111001111111111111111111111111111111111111111111111111111011010011
1111001111111111111111111111111111111111111111111111111111111010011
1111001111111111111111111111111111111111111111111111111111111010011
1111001111111111111111111111111111111111111111111111111111110010011
1111001111111111111111111111111111111111111111111111111111110110011
1111001111111111111111111111111111111111111111111111111111111110011
1111001111111111111111111111111111111111111111111111111111111110011
1111001111111111111111111111111111111111111111111111111111111100011
1111001111111111111111111111111111111111111111111111111111111101011
1111001111111111111111111111111111111111111111111111111111111111011
1111001111111111111111111111111111111111111111111111111111111111011
1111001111111111111111111111111111111111111111111111111111111111111
1111001111111111111111111111111111111111111111111111111111111110111
1111001111111111111111111111111111111111111111111111111111111100111
1111001111111111111111111111111111111111111111111111111111111100111
1111001111111111111111111111111111111111111111111111111111110100111
1111001111111111111111111111111111111111111111111111111111110100111
1111001111111111111111111111111111111111111111111111111111010100111
1111001111111111111111111111111111111111111111111111111111010100111
1111001111111111111111111111111111111111111111111111111101010100111
1111001111111111111111111111111111111111111111111111111101010100111
1111001111111111111111111111111111111111111111111111110101010100111
1111001111111111111111111111111111111111111111111111110101010100111
1111001111111111111111111111111111111111111111111111010101010100111
1111001111111111111111111111111111111111111111111111010101010100111
1111001111111111111111111111111111111111111111111101010101010100111
1111001111111111111111111111111111111111111111111101010101010100111
1111001111111111111111111111111111111111111111110101010101010100111
1111001111111111111111111111111111111111111111110101010101010100111
1111001111111111111111111111111111111111111111010101010101010100111
1111001111111111111111111111111111111111111111010101010101010100111
1111001111111111111111111111111111111111111101010101010101010100111
1111001111111111111111111111111111111111111101010101010101010100111
1111001111111111111111111111111111111111110101010101010101010100111
1111001111111111111111111111111111111111110101010101010101010100111
1111001111111111111111111111111111111111010101010101010101010100111
1111001111111111111111111111111111111111010101010101010101010100111
1111001111111111111111111111111111111101010101010101010101010100111
1111001111111111111111111111111111111101010101010101010101010100111
1111001111111111111111111111111111110101010101010101010101010100111
1111001111111111111111111111111111110101010101010101010101010100111
1111001111111111111111111111111111010101010101010101010101010100111
1111001111111111111111111111111111010101010101010101010101010100111
1111001111111111111111111111111101010101010101010101010101010100111
1111001111111111111111111111111101010101010101010101010101010100111
1111001111111111111111111111110101010101010101010101010101010100111
1111001111111111111111111111110101010101010101010101010101010100111
1111001111111111111111111111010101010101010101010101010101010100111
1111001111111111111111111111010101010101010101010101010101010100111
1111001111111111111111111101010101010101010101010101010101010100111
1111001111111111111111111101010101010101010101010101010101010100111
1111001111111111111111110101010101010101010101010101010101010100111
1111001111111111111111110101010101010101010101010101010101010100111
1111001111111111111111010101010101010101010101010101010101010100111
1111001111111111111111010101010101010101010101010101010101010100111
1111001111111111111101010101010101010101010101010101010101010100111
1111001111111111111101010101010101010101010101010101010101010100111
1111001111111111110101010101010101010101010101010101010101010100111
1111001111111111110101010101010101010101010101010101010101010100111
1111001111111111010101010101010101010101010101010101010101010100111
1111001111111111010101010101010101010101010101010101010101010100111
1111001111111101010101010101010101010101010101010101010101010100111
1111001111111101010101010101010101010101010101010101010101010100111
1111001111110101010101010101010101010101010101010101010101010100111
1111001111110101010101010101010101010101010101010101010101010100111
1111001111010101010101010101010101010101010101010101010101010100111
1111001111010101010101010101010101010101010101010101010101010100111
1111001101010101010101010101010101010101010101010101010101010100111
1111001101010101010101010101010101010101010101010101010101010100111
1111000101010101010101010101010101010101010101010101010101010100111
1111000101010101010101010101010101010101010101010101010101010100111
1111001101010101010101010101010101010101010101010101010101010100111
1111011101010101010101010101010101010101010101010101010101010100111
1111111101010101010101010101010101010101010101010101010101010100111
1111111101010101010101010101010101010101010101010101010101010100111
1111110101010101010101010101010101010101010101010101010101010100111
1111110001010101010101010101010101010101010101010101010101010100111
1111110011010101010101010101010101010101010101010101010101010100111
1111110111010101010101010101010101010101010101010101010101010100111
1111110111010101010101010101010101010101010101010101010101010100111
1111110110010101010101010101010101010101010101010101010101010100111
1111110110110101010101010101010101010101010101010101010101010100111
1111110111110101010101010101010101010101010101010101010101010100111
1111110111110101010101010101010101010101010101010101010101010100111
1111110111100101010101010101010101010101010101010101010101010100111
1111110111101101010101010101010101010101010101010101010101010100111
1111110111111101010101010101010101010101010101010101010101010100111
1111110111111101010101010101010101010101010101010101010101010100111
1111110111111001010101010101010101010101010101010101010101010100111
1111110111111011010101010101010101010101010101010101010101010100111
1111110111111111010101010101010101010101010101010101010101010100111
1111110111111111010101010101010101010101010101010101010101010100111
1111110111111110010101010101010101010101010101010101010101010100111
1111110111111110110101010101010101010101010101010101010101010100111
1111110111111111110101010101010101010101010101010101010101010100111
1111110111111111110101010101010101010101010101010101010101010100111
1111110111111111100101010101010101010101010101010101010101010100111
1111110111111111101101010101010101010101010101010101010101010100111
1111110111111111111101010101010101010101010101010101010101010100111
1111110111111111111101010101010101010101010101010101010101010100111
1111110111111111111001010101010101010101010101010101010101010100111
1111110111111111111011010101010101010101010101010101010101010100111
1111110111111111111111010101010101010101010101010101010101010100111
1111110111111111111111010101010101010101010101010101010101010100111
1111110111111111111110010101010101010101010101010101010101010100111
1111110111111111111110110101010101010101010101010101010101010100111
1111110111111111111111110101010101010101010101010101010101010100111
1111110111111111111111110101010101010101010101010101010101010100111
1111110111111111111111100101010101010101010101010101010101010100111
1111110111111111111111101101010101010101010101010101010101010100111
1111110111111111111111111101010101010101010101010101010101010100111
1111110111111111111111111101010101010101010101010101010101010100111
1111110111111111111111111001010101010101010101010101010101010100111
1111110111111111111111111011010101010101010101010101010101010100111
1111110111111111111111111111010101010101010101010101010101010100111
1111110111111111111111111111010101010101010101010101010101010100111
1111110111111111111111111110010101010101010101010101010101010100111
1111110111111111111111111110110101010101010101010101010101010100111
1111110111111111111111111111110101010101010101010101010101010100111
1111110111111111111111111111110101010101010101010101010101010100111
1111110111111111111111111111100101010101010101010101010101010100111
1111110111111111111111111111101101010101010101010101010101010100111
1111110111111111111111111111111101010101010101010101010101010100111
1111110111111111111111111111111101010101010101010101010101010100111
1111110111111111111111111111111001010101010101010101010101010100111
1111110111111111111111111111111011010101010101010101010101010100111
1111110111111111111111111111111111010101010101010101010101010100111
1111110111111111111111111111111111010101010101010101010101010100111
1111110111111111111111111111111110010101010101010101010101010100111
1111110111111111111111111111111110110101010101010101010101010100111
1111110111111111111111111111111111110101010101010101010101010100111
1111110111111111111111111111111111110101010101010101010101010100111
1111110111111111111111111111111111100101010101010101010101010100111
1111110111111111111111111111111111101101010101010101010101010100111
1111110111111111111111111111111111111101010101010101010101010100111
1111110111111111111111111111111111111101010101010101010101010100111
1111110111111111111111111111111111111001010101010101010101010100111
1111110111111111111111111111111111111011010101010101010101010100111
1111110111111111111111111111111111111111010101010101010101010100111
1111110111111111111111111111111111111111010101010101010101010100111
1111110111111111111111111111111111111110010101010101010101010100111
1111110111111111111111111111111111111110110101010101010101010100111
1111110111111111111111111111111111111111110101010101010101010100111
1111110111111111111111111111111111111111110101010101010101010100111
1111110111111111111111111111111111111111100101010101010101010100111
1111110111111111111111111111111111111111101101010101010101010100111
1111110111111111111111111111111111111111111101010101010101010100111
1111110111111111111111111111111111111111111101010101010101010100111
1111110111111111111111111111111111111111111001010101010101010100111
1111110111111111111111111111111111111111111011010101010101010100111
1111110111111111111111111111111111111111111111010101010101010100111
1111110111111111111111111111111111111111111111010101010101010100111
1111110111111111111111111111111111111111111110010101010101010100111
1111110111111111111111111111111111111111111110110101010101010100111
1111110111111111111111111111111111111111111111110101010101010100111
1111110111111111111111111111111111111111111111110101010101010100111
1111110111111111111111111111111111111111111111100101010101010100111
1111110111111111111111111111111111111111111111101101010101010100111
1111110111111111111111111111111111111111111111111101010101010100111
1111110111111111111111111111111111111111111111111101010101010100111
1111110111111111111111111111111111111111111111111001010101010100111
1111110111111111111111111111111111111111111111111011010101010100111
1111110111111111111111111111111111111111111111111111010101010100111
1111110111111111111111111111111111111111111111111111010101010100111
1111110111111111111111111111111111111111111111111110010101010100111
1111110111111111111111111111111111111111111111111110110101010100111
1111110111111111111111111111111111111111111111111111110101010100111
1111110111111111111111111111111111111111111111111111110101010100111
1111110111111111111111111111111111111111111111111111100101010100111
1111110111111111111111111111111111111111111111111111101101010100111
1111110111111111111111111111111111111111111111111111111101010100111
1111110111111111111111111111111111111111111111111111111101010100111
1111110111111111111111111111111111111111111111111111111001010100111
1111110111111111111111111111111111111111111111111111111011010100111
1111110111111111111111111111111111111111111111111111111111010100111
1111110111111111111111111111111111111111111111111111111111010100111
1111110111111111111111111111111111111111111111111111111110010100111
1111110111111111111111111111111111111111111111111111111110110100111
1111110111111111111111111111111111111111111111111111111111110100111
1111110111111111111111111111111111111111111111111111111111110100111
1111110111111111111111111111111111111111111111111111111111100100111
1111110111111111111111111111111111111111111111111111111111101100111
1111110111111111111111111111111111111111111111111111111111111100111
1111110111111111111111111111111111111111111111111111111111111100111
1111110111111111111111111111111111111111111111111111111111111000111
1111110111111111111111111111111111111111111111111111111111111010111
1111110111111111111111111111111111111111111111111111111111111110111
1111110111111111111111111111111111111111111111111111111111111110111
1111110111111111111111111111111111111111111111111111111111111111111
1111110111111111111111111111111111111111111111111111111111111101111
1111110111111111111111111111111111111111111111111111111111111001111
1111110111111111111111111111111111111111111111111111111111111001111
1111110111111111111111111111111111111111111111111111111111101001111
1111110111111111111111111111111111111111111111111111111111101001111
1111110111111111111111111111111111111111111111111111111110101001111
1111110111111111111111111111111111111111111111111111111110101001111
1111110111111111111111111111111111111111111111111111111010101001111
1111110111111111111111111111111111111111111111111111111010101001111
1111110111111111111111111111111111111111111111111111101010101001111
1111110111111111111111111111111111111111111111111111101010101001111
1111110111111111111111111111111111111111111111111110101010101001111
1111110111111111111111111111111111111111111111111110101010101001111
1111110111111111111111111111111111111111111111111010101010101001111
1111110111111111111111111111111111111111111111111010101010101001111
1111110111111111111111111111111111111111111111101010101010101001111
1111110111111111111111111111111111111111111111101010101010101001111
1111110111111111111111111111111111111111111110101010101010101001111
1111110111111111111111111111111111111111111110101010101010101001111
1111110111111111111111111111111111111111111010101010101010101001111
1111110111111111111111111111111111111111111010101010101010101001111
1111110111111111111111111111111111111111101010101010101010101001111
1111110111111111111111111111111111111111101010101010101010101001111
1111110111111111111111111111111111111110101010101010101010101001111
1111110111111111111111111111111111111110101010101010101010101001111
1111110111111111111111111111111111111010101010101010101010101001111
1111110111111111111111111111111111111010101010101010101010101001111
1111110111111111111111111111111111101010101010101010101010101001111
1111110111111111111111111111111111101010101010101010101010101001111
1111110111111111111111111111111110101010101010101010101010101001111
1111110111111111111111111111111110101010101010101010101010101001111
1111110111111111111111111111111010101010101010101010101010101001111
1111110111111111111111111111111010101010101010101010101010101001111
1111110111111111111111111111101010101010101010101010101010101001111
1111110111111111111111111111101010101010101010101010101010101001111
1111110111111111111111111110101010101010101010101010101010101001111
1111110111111111111111111110101010101010101010101010101010101001111
1111110111111111111111111010101010101010101010101010101010101001111
1111110111111111111111111010101010101010101010101010101010101001111
1111110111111111111111101010101010101010101010101010101010101001111
1111110111111111111111101010101010101010101010101010101010101001111
1111110111111111111110101010101010101010101010101010101010101001111
1111110111111111111110101010101010101010101010101010101010101001111
1111110111111111111010101010101010101010101010101010101010101001111
1111110111111111111010101010101010101010101010101010101010101001111
1111110111111111101010101010101010101010101010101010101010101001111
1111110111111111101010101010101010101010101010101010101010101001111
1111110111111110101010101010101010101010101010101010101010101001111
1111110111111110101010101010101010101010101010101010101010101001111
1111110111111010101010101010101010101010101010101010101010101001111
1111110111111010101010101010101010101010101010101010101010101001111
1111110111101010101010101010101010101010101010101010101010101001111
1111110111101010101010101010101010101010101010101010101010101001111
1111110110101010101010101010101010101010101010101010101010101001111
1111110110101010101010101010101010101010101010101010101010101001111
1111110010101010101010101010101010101010101010101010101010101001111
1111110010101010101010101010101010101010101010101010101010101001111
1111110110101010101010101010101010101010101010101010101010101001111
1111111110101010101010101010101010101010101010101010101010101001111
1111101110101010101010101010101010101010101010101010101010101001111
1111001110101010101010101010101010101010101010101010101010101001111
1111001110101010101010101010101010101010101010101010101010101001111
1101001110101010101010101010101010101010101010101010101010101001111
1101001110101010101010101010101010101010101010101010101010101001111
00101001110101010101010101010101010101010101010101010101010101001111
00101001110101010101010101010101010101010101010101010101010101001111
01101001110101010101010101010101010101010101010101010101010101001111
011101001110101010101010101010101010101010101010101010101010101001111
111101001110101010101010101010101010101010101010101010101010101001111
111101001110101010101010101010101010101010101010101010101010101001111
110101001110101010101010101010101010101010101010101010101010101001111
110001001110101010101010101010101010101010101010101010101010101001111
110011001110101010101010101010101010101010101010101010101010101001111
110111001110101010101010101010101010101010101010101010101010101001111
110111001110101010101010101010101010101010101010101010101010101001111
110110001110101010101010101010101010101010101010101010101010101001111
110110101110101010101010101010101010101010101010101010101010101001111
110111101110101010101010101010101010101010101010101010101010101001111
110111101110101010101010101010101010101010101010101010101010101001111
110111111110101010101010101010101010101010101010101010101010101001111
110111011110101010101010101010101010101010101010101010101010101001111
110110011110101010101010101010101010101010101010101010101010101001111
110110011110101010101010101010101010101010101010101010101010101001111
110010011110101010101010101010101010101010101010101010101010101001111
110010011110101010101010101010101010101010101010101010101010101001111
110110011110101010101010101010101010101010101010101010101010101001111
111110011110101010101010101010101010101010101010101010101010101001111
101110011110101010101010101010101010101010101010101010101010101001111
0001110011110101010101010101010101010101010101010101010101010101001111
0001110011110101010101010101010101010101010101010101010101010101001111
0101110011110101010101010101010101010101010101010101010101010101001111
01101110011110101010101010101010101010101010101010101010101010101001111
11101110011110101010101010101010101010101010101010101010101010101001111
11101110011110101010101010101010101010101010101010101010101010101001111
11001110011110101010101010101010101010101010101010101010101010101001111
11011110011110101010101010101010101010101010101010101010101010101001111
11111110011110101010101010101010101010101010101010101010101010101001111
11111110011110101010101010101010101010101010101010101010101010101001111
11110110011110101010101010101010101010101010101010101010101010101001111
11110010011110101010101010101010101010101010101010101010101010101001111
11110000011110101010101010101010101010101010101010101010101010101001111
11110001011110101010101010101010101010101010101010101010101010101001111
11110011011110101010101010101010101010101010101010101010101010101001111
11110011011110101010101010101010101010101010101010101010101010101001111
11110011111110101010101010101010101010101010101010101010101010101001111
11110010111110101010101010101010101010101010101010101010101010101001111
11110000111110101010101010101010101010101010101010101010101010101001111
11110000111110101010101010101010101010101010101010101010101010101001111
11110010111110101010101010101010101010101010101010101010101010101001111
11110110111110101010101010101010101010101010101010101010101010101001111
11111110111110101010101010101010101010101010101010101010101010101001111
11111110111110101010101010101010101010101010101010101010101010101001111
11111100111110101010101010101010101010101010101010101010101010101001111
11111101111110101010101010101010101010101010101010101010101010101001111
11111111111110101010101010101010101010101010101010101010101010101001111
11111111111110101010101010101010101010101010101010101010101010101001111
11111111011110101010101010101010101010101010101010101010101010101001111
11111111001110101010101010101010101010101010101010101010101010101001111
11111111000110101010101010101010101010101010101010101010101010101001111
11111111000010101010101010101010101010101010101010101010101010101001111
11111111000000101010101010101010101010101010101010101010101010101001111
11111111000001101010101010101010101010101010101010101010101010101001111
11111111000011101010101010101010101010101010101010101010101010101001111
11111111000011101010101010101010101010101010101010101010101010101001111
11111111000011001010101010101010101010101010101010101010101010101001111
11111111000011011010101010101010101010101010101010101010101010101001111
11111111000011111010101010101010101010101010101010101010101010101001111
11111111000011111010101010101010101010101010101010101010101010101001111
11111111000011110010101010101010101010101010101010101010101010101001111
11111111000011110110101010101010101010101010101010101010101010101001111
11111111000011111110101010101010101010101010101010101010101010101001111
11111111000011111110101010101010101010101010101010101010101010101001111
11111111000011111100101010101010101010101010101010101010101010101001111
11111111000011111101101010101010101010101010101010101010101010101001111
11111111000011111111101010101010101010101010101010101010101010101001111
11111111000011111111101010101010101010101010101010101010101010101001111
11111111000011111111001010101010101010101010101010101010101010101001111
11111111000011111111011010101010101010101010101010101010101010101001111
11111111000011111111111010101010101010101010101010101010101010101001111
11111111000011111111111010101010101010101010101010101010101010101001111
11111111000011111111110010101010101010101010101010101010101010101001111
11111111000011111111110110101010101010101010101010101010101010101001111
11111111000011111111111110101010101010101010101010101010101010101001111
11111111000011111111111110101010101010101010101010101010101010101001111
11111111000011111111111100101010101010101010101010101010101010101001111
11111111000011111111111101101010101010101010101010101010101010101001111
11111111000011111111111111101010101010101010101010101010101010101001111
11111111000011111111111111101010101010101010101010101010101010101001111
11111111000011111111111111001010101010101010101010101010101010101001111
11111111000011111111111111011010101010101010101010101010101010101001111
11111111000011111111111111111010101010101010101010101010101010101001111
11111111000011111111111111111010101010101010101010101010101010101001111
11111111000011111111111111110010101010101010101010101010101010101001111
11111111000011111111111111110110101010101010101010101010101010101001111
11111111000011111111111111111110101010101010101010101010101010101001111
11111111000011111111111111111110101010101010101010101010101010101001111
11111111000011111111111111111100101010101010101010101010101010101001111
11111111000011111111111111111101101010101010101010101010101010101001111
11111111000011111111111111111111101010101010101010101010101010101001111
11111111000011111111111111111111101010101010101010101010101010101001111
11111111000011111111111111111111001010101010101010101010101010101001111
11111111000011111111111111111111011010101010101010101010101010101001111
11111111000011111111111111111111111010101010101010101010101010101001111
11111111000011111111111111111111111010101010101010101010101010101001111
11111111000011111111111111111111110010101010101010101010101010101001111
11111111000011111111111111111111110110101010101010101010101010101001111
11111111000011111111111111111111111110101010101010101010101010101001111
11111111000011111111111111111111111110101010101010101010101010101001111
11111111000011111111111111111111111100101010101010101010101010101001111
11111111000011111111111111111111111101101010101010101010101010101001111
11111111000011111111111111111111111111101010101010101010101010101001111
11111111000011111111111111111111111111101010101010101010101010101001111
11111111000011111111111111111111111111001010101010101010101010101001111
11111111000011111111111111111111111111011010101010101010101010101001111
11111111000011111111111111111111111111111010101010101010101010101001111
11111111000011111111111111111111111111111010101010101010101010101001111
11111111000011111111111111111111111111110010101010101010101010101001111
11111111000011111111111111111111111111110110101010101010101010101001111
11111111000011111111111111111111111111111110101010101010101010101001111
11111111000011111111111111111111111111111110101010101010101010101001111
11111111000011111111111111111111111111111100101010101010101010101001111
11111111000011111111111111111111111111111101101010101010101010101001111
11111111000011111111111111111111111111111111101010101010101010101001111
11111111000011111111111111111111111111111111101010101010101010101001111
11111111000011111111111111111111111111111111001010101010101010101001111
11111111000011111111111111111111111111111111011010101010101010101001111
11111111000011111111111111111111111111111111111010101010101010101001111
11111111000011111111111111111111111111111111111010101010101010101001111
11111111000011111111111111111111111111111111110010101010101010101001111
11111111000011111111111111111111111111111111110110101010101010101001111
11111111000011111111111111111111111111111111111110101010101010101001111
11111111000011111111111111111111111111111111111110101010101010101001111
11111111000011111111111111111111111111111111111100101010101010101001111
11111111000011111111111111111111111111111111111101101010101010101001111
11111111000011111111111111111111111111111111111111101010101010101001111
11111111000011111111111111111111111111111111111111101010101010101001111
11111111000011111111111111111111111111111111111111001010101010101001111
11111111000011111111111111111111111111111111111111011010101010101001111
11111111000011111111111111111111111111111111111111111010101010101001111
11111111000011111111111111111111111111111111111111111010101010101001111
11111111000011111111111111111111111111111111111111110010101010101001111
11111111000011111111111111111111111111111111111111110110101010101001111
11111111000011111111111111111111111111111111111111111110101010101001111
11111111000011111111111111111111111111111111111111111110101010101001111
11111111000011111111111111111111111111111111111111111100101010101001111
11111111000011111111111111111111111111111111111111111101101010101001111
11111111000011111111111111111111111111111111111111111111101010101001111
11111111000011111111111111111111111111111111111111111111101010101001111
11111111000011111111111111111111111111111111111111111111001010101001111
11111111000011111111111111111111111111111111111111111111011010101001111
11111111000011111111111111111111111111111111111111111111111010101001111
11111111000011111111111111111111111111111111111111111111111010101001111
11111111000011111111111111111111111111111111111111111111110010101001111
11111111000011111111111111111111111111111111111111111111110110101001111
11111111000011111111111111111111111111111111111111111111111110101001111
11111111000011111111111111111111111111111111111111111111111110101001111
11111111000011111111111111111111111111111111111111111111111100101001111
11111111000011111111111111111111111111111111111111111111111101101001111
11111111000011111111111111111111111111111111111111111111111111101001111
11111111000011111111111111111111111111111111111111111111111111101001111
11111111000011111111111111111111111111111111111111111111111111001001111
11111111000011111111111111111111111111111111111111111111111111011001111
11111111000011111111111111111111111111111111111111111111111111111001111
11111111000011111111111111111111111111111111111111111111111111111001111
11111111000011111111111111111111111111111111111111111111111111110001111
11111111000011111111111111111111111111111111111111111111111111110101111
11111111000011111111111111111111111111111111111111111111111111111101111
11111111000011111111111111111111111111111111111111111111111111111101111
11111111000011111111111111111111111111111111111111111111111111111111111
11111111000011111111111111111111111111111111111111111111111111111011111
11111111000011111111111111111111111111111111111111111111111111110011111
11111111000011111111111111111111111111111111111111111111111111110011111
11111111000011111111111111111111111111111111111111111111111111010011111
11111111000011111111111111111111111111111111111111111111111111010011111
11111111000011111111111111111111111111111111111111111111111101010011111
11111111000011111111111111111111111111111111111111111111111101010011111
11111111000011111111111111111111111111111111111111111111110101010011111
11111111000011111111111111111111111111111111111111111111110101010011111
11111111000011111111111111111111111111111111111111111111010101010011111
11111111000011111111111111111111111111111111111111111111010101010011111
11111111000011111111111111111111111111111111111111111101010101010011111
11111111000011111111111111111111111111111111111111111101010101010011111
11111111000011111111111111111111111111111111111111110101010101010011111
11111111000011111111111111111111111111111111111111110101010101010011111
11111111000011111111111111111111111111111111111111010101010101010011111
11111111000011111111111111111111111111111111111111010101010101010011111
11111111000011111111111111111111111111111111111101010101010101010011111
11111111000011111111111111111111111111111111111101010101010101010011111
11111111000011111111111111111111111111111111110101010101010101010011111
11111111000011111111111111111111111111111111110101010101010101010011111
11111111000011111111111111111111111111111111010101010101010101010011111
11111111000011111111111111111111111111111111010101010101010101010011111
11111111000011111111111111111111111111111101010101010101010101010011111
11111111000011111111111111111111111111111101010101010101010101010011111
11111111000011111111111111111111111111110101010101010101010101010011111
11111111000011111111111111111111111111110101010101010101010101010011111
11111111000011111111111111111111111111010101010101010101010101010011111
11111111000011111111111111111111111111010101010101010101010101010011111
11111111000011111111111111111111111101010101010101010101010101010011111
11111111000011111111111111111111111101010101010101010101010101010011111
11111111000011111111111111111111110101010101010101010101010101010011111
11111111000011111111111111111111110101010101010101010101010101010011111
11111111000011111111111111111111010101010101010101010101010101010011111
11111111000011111111111111111111010101010101010101010101010101010011111
11111111000011111111111111111101010101010101010101010101010101010011111
11111111000011111111111111111101010101010101010101010101010101010011111
11111111000011111111111111110101010101010101010101010101010101010011111
11111111000011111111111111110101010101010101010101010101010101010011111
11111111000011111111111111010101010101010101010101010101010101010011111
11111111000011111111111111010101010101010101010101010101010101010011111
11111111000011111111111101010101010101010101010101010101010101010011111
11111111000011111111111101010101010101010101010101010101010101010011111
11111111000011111111110101010101010101010101010101010101010101010011111
11111111000011111111110101010101010101010101010101010101010101010011111
11111111000011111111010101010101010101010101010101010101010101010011111
11111111000011111111010101010101010101010101010101010101010101010011111
11111111000011111101010101010101010101010101010101010101010101010011111
11111111000011111101010101010101010101010101010101010101010101010011111
11111111000011110101010101010101010101010101010101010101010101010011111
11111111000011110101010101010101010101010101010101010101010101010011111
11111111000011010101010101010101010101010101010101010101010101010011111
11111111000011010101010101010101010101010101010101010101010101010011111
11111111000001010101010101010101010101010101010101010101010101010011111
11111111000001010101010101010101010101010101010101010101010101010011111
11111111000011010101010101010101010101010101010101010101010101010011111
11111111000111010101010101010101010101010101010101010101010101010011111
11111111001111010101010101010101010101010101010101010101010101010011111
11111111001111010101010101010101010101010101010101010101010101010011111
11111111001101010101010101010101010101010101010101010101010101010011111
11111111001100010101010101010101010101010101010101010101010101010011111
11111111001100110101010101010101010101010101010101010101010101010011111
11111111001101110101010101010101010101010101010101010101010101010011111
11111111001101110101010101010101010101010101010101010101010101010011111
11111111001101100101010101010101010101010101010101010101010101010011111
11111111001101101101010101010101010101010101010101010101010101010011111
11111111001101111101010101010101010101010101010101010101010101010011111
11111111001101111101010101010101010101010101010101010101010101010011111
11111111001101111001010101010101010101010101010101010101010101010011111
11111111001101111011010101010101010101010101010101010101010101010011111
11111111001101111111010101010101010101010101010101010101010101010011111
11111111001101111111010101010101010101010101010101010101010101010011111
11111111001101111110010101010101010101010101010101010101010101010011111
11111111001101111110110101010101010101010101010101010101010101010011111
11111111001101111111110101010101010101010101010101010101010101010011111
11111111001101111111110101010101010101010101010101010101010101010011111
11111111001101111111100101010101010101010101010101010101010101010011111
11111111001101111111101101010101010101010101010101010101010101010011111
11111111001101111111111101010101010101010101010101010101010101010011111
11111111001101111111111101010101010101010101010101010101010101010011111
11111111001101111111111001010101010101010101010101010101010101010011111
11111111001101111111111011010101010101010101010101010101010101010011111
11111111001101111111111111010101010101010101010101010101010101010011111
11111111001101111111111111010101010101010101010101010101010101010011111
11111111001101111111111110010101010101010101010101010101010101010011111
11111111001101111111111110110101010101010101010101010101010101010011111
11111111001101111111111111110101010101010101010101010101010101010011111
11111111001101111111111111110101010101010101010101010101010101010011111
11111111001101111111111111100101010101010101010101010101010101010011111
11111111001101111111111111101101010101010101010101010101010101010011111
11111111001101111111111111111101010101010101010101010101010101010011111
11111111001101111111111111111101010101010101010101010101010101010011111
11111111001101111111111111111001010101010101010101010101010101010011111
11111111001101111111111111111011010101010101010101010101010101010011111
11111111001101111111111111111111010101010101010101010101010101010011111
11111111001101111111111111111111010101010101010101010101010101010011111
11111111001101111111111111111110010101010101010101010101010101010011111
11111111001101111111111111111110110101010101010101010101010101010011111
11111111001101111111111111111111110101010101010101010101010101010011111
11111111001101111111111111111111110101010101010101010101010101010011111
11111111001101111111111111111111100101010101010101010101010101010011111
11111111001101111111111111111111101101010101010101010101010101010011111
11111111001101111111111111111111111101010101010101010101010101010011111
11111111001101111111111111111111111101010101010101010101010101010011111
11111111001101111111111111111111111001010101010101010101010101010011111
11111111001101111111111111111111111011010101010101010101010101010011111
11111111001101111111111111111111111111010101010101010101010101010011111
11111111001101111111111111111111111111010101010101010101010101010011111
11111111001101111111111111111111111110010101010101010101010101010011111
11111111001101111111111111111111111110110101010101010101010101010011111
11111111001101111111111111111111111111110101010101010101010101010011111
11111111001101111111111111111111111111110101010101010101010101010011111
11111111001101111111111111111111111111100101010101010101010101010011111
11111111001101111111111111111111111111101101010101010101010101010011111
11111111001101111111111111111111111111111101010101010101010101010011111
11111111001101111111111111111111111111111101010101010101010101010011111
11111111001101111111111111111111111111111001010101010101010101010011111
11111111001101111111111111111111111111111011010101010101010101010011111
11111111001101111111111111111111111111111111010101010101010101010011111
11111111001101111111111111111111111111111111010101010101010101010011111
11111111001101111111111111111111111111111110010101010101010101010011111
11111111001101111111111111111111111111111110110101010101010101010011111
11111111001101111111111111111111111111111111110101010101010101010011111
11111111001101111111111111111111111111111111110101010101010101010011111
11111111001101111111111111111111111111111111100101010101010101010011111
11111111001101111111111111111111111111111111101101010101010101010011111
11111111001101111111111111111111111111111111111101010101010101010011111
11111111001101111111111111111111111111111111111101010101010101010011111
11111111001101111111111111111111111111111111111001010101010101010011111
11111111001101111111111111111111111111111111111011010101010101010011111
11111111001101111111111111111111111111111111111111010101010101010011111
11111111001101111111111111111111111111111111111111010101010101010011111
11111111001101111111111111111111111111111111111110010101010101010011111
11111111001101111111111111111111111111111111111110110101010101010011111
11111111001101111111111111111111111111111111111111110101010101010011111
11111111001101111111111111111111111111111111111111110101010101010011111
11111111001101111111111111111111111111111111111111100101010101010011111
11111111001101111111111111111111111111111111111111101101010101010011111
11111111001101111111111111111111111111111111111111111101010101010011111
11111111001101111111111111111111111111111111111111111101010101010011111
11111111001101111111111111111111111111111111111111111001010101010011111
11111111001101111111111111111111111111111111111111111011010101010011111
11111111001101111111111111111111111111111111111111111111010101010011111
11111111001101111111111111111111111111111111111111111111010101010011111
11111111001101111111111111111111111111111111111111111110010101010011111
11111111001101111111111111111111111111111111111111111110110101010011111
11111111001101111111111111111111111111111111111111111111110101010011111
11111111001101111111111111111111111111111111111111111111110101010011111
11111111001101111111111111111111111111111111111111111111100101010011111
11111111001101111111111111111111111111111111111111111111101101010011111
11111111001101111111111111111111111111111111111111111111111101010011111
11111111001101111111111111111111111111111111111111111111111101010011111
11111111001101111111111111111111111111111111111111111111111001010011111
11111111001101111111111111111111111111111111111111111111111011010011111
11111111001101111111111111111111111111111111111111111111111111010011111
11111111001101111111111111111111111111111111111111111111111111010011111
11111111001101111111111111111111111111111111111111111111111110010011111
11111111001101111111111111111111111111111111111111111111111110110011111
11111111001101111111111111111111111111111111111111111111111111110011111
11111111001101111111111111111111111111111111111111111111111111110011111
11111111001101111111111111111111111111111111111111111111111111100011111
11111111001101111111111111111111111111111111111111111111111111101011111
11111111001101111111111111111111111111111111111111111111111111111011111
11111111001101111111111111111111111111111111111111111111111111111011111
11111111001101111111111111111111111111111111111111111111111111111111111
11111111001101111111111111111111111111111111111111111111111111110111111
11111111001101111111111111111111111111111111111111111111111111100111111
11111111001101111111111111111111111111111111111111111111111111100111111
11111111001101111111111111111111111111111111111111111111111110100111111
11111111001101111111111111111111111111111111111111111111111110100111111
11111111001101111111111111111111111111111111111111111111111010100111111
11111111001101111111111111111111111111111111111111111111111010100111111
11111111001101111111111111111111111111111111111111111111101010100111111
11111111001101111111111111111111111111111111111111111111101010100111111
11111111001101111111111111111111111111111111111111111110101010100111111
11111111001101111111111111111111111111111111111111111110101010100111111
11111111001101111111111111111111111111111111111111111010101010100111111
11111111001101111111111111111111111111111111111111111010101010100111111
11111111001101111111111111111111111111111111111111101010101010100111111
11111111001101111111111111111111111111111111111111101010101010100111111
11111111001101111111111111111111111111111111111110101010101010100111111
11111111001101111111111111111111111111111111111110101010101010100111111
11111111001101111111111111111111111111111111111010101010101010100111111
11111111001101111111111111111111111111111111111010101010101010100111111
11111111001101111111111111111111111111111111101010101010101010100111111
11111111001101111111111111111111111111111111101010101010101010100111111
11111111001101111111111111111111111111111110101010101010101010100111111
11111111001101111111111111111111111111111110101010101010101010100111111
11111111001101111111111111111111111111111010101010101010101010100111111
11111111001101111111111111111111111111111010101010101010101010100111111
11111111001101111111111111111111111111101010101010101010101010100111111
11111111001101111111111111111111111111101010101010101010101010100111111
11111111001101111111111111111111111110101010101010101010101010100111111
11111111001101111111111111111111111110101010101010101010101010100111111
11111111001101111111111111111111111010101010101010101010101010100111111
11111111001101111111111111111111111010101010101010101010101010100111111
11111111001101111111111111111111101010101010101010101010101010100111111
11111111001101111111111111111111101010101010101010101010101010100111111
11111111001101111111111111111110101010101010101010101010101010100111111
11111111001101111111111111111110101010101010101010101010101010100111111
11111111001101111111111111111010101010101010101010101010101010100111111
11111111001101111111111111111010101010101010101010101010101010100111111
11111111001101111111111111101010101010101010101010101010101010100111111
11111111001101111111111111101010101010101010101010101010101010100111111
11111111001101111111111110101010101010101010101010101010101010100111111
11111111001101111111111110101010101010101010101010101010101010100111111
11111111001101111111111010101010101010101010101010101010101010100111111
11111111001101111111111010101010101010101010101010101010101010100111111
11111111001101111111101010101010101010101010101010101010101010100111111
11111111001101111111101010101010101010101010101010101010101010100111111
11111111001101111110101010101010101010101010101010101010101010100111111
11111111001101111110101010101010101010101010101010101010101010100111111
11111111001101111010101010101010101010101010101010101010101010100111111
11111111001101111010101010101010101010101010101010101010101010100111111
11111111001101101010101010101010101010101010101010101010101010100111111
11111111001101101010101010101010101010101010101010101010101010100111111
11111111001100101010101010101010101010101010101010101010101010100111111
11111111001100101010101010101010101010101010101010101010101010100111111
11111111001101101010101010101010101010101010101010101010101010100111111
11111111001111101010101010101010101010101010101010101010101010100111111
11111111001011101010101010101010101010101010101010101010101010100111111
11111111000011101010101010101010101010101010101010101010101010100111111
11111111000011101010101010101010101010101010101010101010101010100111111
11111111001011101010101010101010101010101010101010101010101010100111111
11111111011011101010101010101010101010101010101010101010101010100111111
11111111111011101010101010101010101010101010101010101010101010100111111
11111111111011101010101010101010101010101010101010101010101010100111111
11111111110011101010101010101010101010101010101010101010101010100111111
11111111110111101010101010101010101010101010101010101010101010100111111
11111111111111101010101010101010101010101010101010101010101010100111111
11111111111111101010101010101010101010101010101010101010101010100111111
11111111111101101010101010101010101010101010101010101010101010100111111
11111111111100101010101010101010101010101010101010101010101010100111111
11111111111100001010101010101010101010101010101010101010101010100111111
11111111111100011010101010101010101010101010101010101010101010100111111
11111111111100111010101010101010101010101010101010101010101010100111111
11111111111100111010101010101010101010101010101010101010101010100111111
11111111111100110010101010101010101010101010101010101010101010100111111
11111111111100110110101010101010101010101010101010101010101010100111111
11111111111100111110101010101010101010101010101010101010101010100111111
11111111111100111110101010101010101010101010101010101010101010100111111
11111111111100111100101010101010101010101010101010101010101010100111111
11111111111100111101101010101010101010101010101010101010101010100111111
11111111111100111111101010101010101010101010101010101010101010100111111
11111111111100111111101010101010101010101010101010101010101010100111111
11111111111100111111001010101010101010101010101010101010101010100111111
11111111111100111111011010101010101010101010101010101010101010100111111
11111111111100111111111010101010101010101010101010101010101010100111111
11111111111100111111111010101010101010101010101010101010101010100111111
11111111111100111111110010101010101010101010101010101010101010100111111
11111111111100111111110110101010101010101010101010101010101010100111111
11111111111100111111111110101010101010101010101010101010101010100111111
11111111111100111111111110101010101010101010101010101010101010100111111
11111111111100111111111100101010101010101010101010101010101010100111111
11111111111100111111111101101010101010101010101010101010101010100111111
11111111111100111111111111101010101010101010101010101010101010100111111
11111111111100111111111111101010101010101010101010101010101010100111111
11111111111100111111111111001010101010101010101010101010101010100111111
11111111111100111111111111011010101010101010101010101010101010100111111
11111111111100111111111111111010101010101010101010101010101010100111111
11111111111100111111111111111010101010101010101010101010101010100111111
11111111111100111111111111110010101010101010101010101010101010100111111
11111111111100111111111111110110101010101010101010101010101010100111111
11111111111100111111111111111110101010101010101010101010101010100111111
11111111111100111111111111111110101010101010101010101010101010100111111
11111111111100111111111111111100101010101010101010101010101010100111111
11111111111100111111111111111101101010101010101010101010101010100111111
11111111111100111111111111111111101010101010101010101010101010100111111
11111111111100111111111111111111101010101010101010101010101010100111111
11111111111100111111111111111111001010101010101010101010101010100111111
11111111111100111111111111111111011010101010101010101010101010100111111
11111111111100111111111111111111111010101010101010101010101010100111111
11111111111100111111111111111111111010101010101010101010101010100111111
11111111111100111111111111111111110010101010101010101010101010100111111
11111111111100111111111111111111110110101010101010101010101010100111111
11111111111100111111111111111111111110101010101010101010101010100111111
11111111111100111111111111111111111110101010101010101010101010100111111
11111111111100111111111111111111111100101010101010101010101010100111111
11111111111100111111111111111111111101101010101010101010101010100111111
11111111111100111111111111111111111111101010101010101010101010100111111
11111111111100111111111111111111111111101010101010101010101010100111111
11111111111100111111111111111111111111001010101010101010101010100111111
11111111111100111111111111111111111111011010101010101010101010100111111
11111111111100111111111111111111111111111010101010101010101010100111111
11111111111100111111111111111111111111111010101010101010101010100111111
11111111111100111111111111111111111111110010101010101010101010100111111
11111111111100111111111111111111111111110110101010101010101010100111111
11111111111100111111111111111111111111111110101010101010101010100111111
11111111111100111111111111111111111111111110101010101010101010100111111
11111111111100111111111111111111111111111100101010101010101010100111111
11111111111100111111111111111111111111111101101010101010101010100111111
11111111111100111111111111111111111111111111101010101010101010100111111
11111111111100111111111111111111111111111111101010101010101010100111111
11111111111100111111111111111111111111111111001010101010101010100111111
11111111111100111111111111111111111111111111011010101010101010100111111
11111111111100111111111111111111111111111111111010101010101010100111111
11111111111100111111111111111111111111111111111010101010101010100111111
11111111111100111111111111111111111111111111110010101010101010100111111
11111111111100111111111111111111111111111111110110101010101010100111111
11111111111100111111111111111111111111111111111110101010101010100111111
11111111111100111111111111111111111111111111111110101010101010100111111
11111111111100111111111111111111111111111111111100101010101010100111111
11111111111100111111111111111111111111111111111101101010101010100111111
11111111111100111111111111111111111111111111111111101010101010100111111
11111111111100111111111111111111111111111111111111101010101010100111111
11111111111100111111111111111111111111111111111111001010101010100111111
11111111111100111111111111111111111111111111111111011010101010100111111
11111111111100111111111111111111111111111111111111111010101010100111111
11111111111100111111111111111111111111111111111111111010101010100111111
11111111111100111111111111111111111111111111111111110010101010100111111
11111111111100111111111111111111111111111111111111110110101010100111111
11111111111100111111111111111111111111111111111111111110101010100111111
11111111111100111111111111111111111111111111111111111110101010100111111
11111111111100111111111111111111111111111111111111111100101010100111111
11111111111100111111111111111111111111111111111111111101101010100111111
11111111111100111111111111111111111111111111111111111111101010100111111
11111111111100111111111111111111111111111111111111111111101010100111111
11111111111100111111111111111111111111111111111111111111001010100111111
11111111111100111111111111111111111111111111111111111111011010100111111
11111111111100111111111111111111111111111111111111111111111010100111111
11111111111100111111111111111111111111111111111111111111111010100111111
11111111111100111111111111111111111111111111111111111111110010100111111
11111111111100111111111111111111111111111111111111111111110110100111111
11111111111100111111111111111111111111111111111111111111111110100111111
11111111111100111111111111111111111111111111111111111111111110100111111
11111111111100111111111111111111111111111111111111111111111100100111111
11111111111100111111111111111111111111111111111111111111111101100111111
11111111111100111111111111111111111111111111111111111111111111100111111
11111111111100111111111111111111111111111111111111111111111111100111111
11111111111100111111111111111111111111111111111111111111111111000111111
11111111111100111111111111111111111111111111111111111111111111010111111
11111111111100111111111111111111111111111111111111111111111111110111111
11111111111100111111111111111111111111111111111111111111111111110111111
11111111111100111111111111111111111111111111111111111111111111111111111
11111111111100111111111111111111111111111111111111111111111111101111111
11111111111100111111111111111111111111111111111111111111111111001111111
11111111111100111111111111111111111111111111111111111111111111001111111
11111111111100111111111111111111111111111111111111111111111101001111111
11111111111100111111111111111111111111111111111111111111111101001111111
11111111111100111111111111111111111111111111111111111111110101001111111
11111111111100111111111111111111111111111111111111111111110101001111111
11111111111100111111111111111111111111111111111111111111010101001111111
11111111111100111111111111111111111111111111111111111111010101001111111
11111111111100111111111111111111111111111111111111111101010101001111111
11111111111100111111111111111111111111111111111111111101010101001111111
11111111111100111111111111111111111111111111111111110101010101001111111
11111111111100111111111111111111111111111111111111110101010101001111111
11111111111100111111111111111111111111111111111111010101010101001111111
11111111111100111111111111111111111111111111111111010101010101001111111
11111111111100111111111111111111111111111111111101010101010101001111111
11111111111100111111111111111111111111111111111101010101010101001111111
11111111111100111111111111111111111111111111110101010101010101001111111
11111111111100111111111111111111111111111111110101010101010101001111111
11111111111100111111111111111111111111111111010101010101010101001111111
11111111111100111111111111111111111111111111010101010101010101001111111
11111111111100111111111111111111111111111101010101010101010101001111111
11111111111100111111111111111111111111111101010101010101010101001111111
11111111111100111111111111111111111111110101010101010101010101001111111
11111111111100111111111111111111111111110101010101010101010101001111111
11111111111100111111111111111111111111010101010101010101010101001111111
11111111111100111111111111111111111111010101010101010101010101001111111
11111111111100111111111111111111111101010101010101010101010101001111111
11111111111100111111111111111111111101010101010101010101010101001111111
11111111111100111111111111111111110101010101010101010101010101001111111
11111111111100111111111111111111110101010101010101010101010101001111111
11111111111100111111111111111111010101010101010101010101010101001111111
11111111111100111111111111111111010101010101010101010101010101001111111
11111111111100111111111111111101010101010101010101010101010101001111111
11111111111100111111111111111101010101010101010101010101010101001111111
11111111111100111111111111110101010101010101010101010101010101001111111
11111111111100111111111111110101010101010101010101010101010101001111111
11111111111100111111111111010101010101010101010101010101010101001111111
11111111111100111111111111010101010101010101010101010101010101001111111
11111111111100111111111101010101010101010101010101010101010101001111111
11111111111100111111111101010101010101010101010101010101010101001111111
11111111111100111111110101010101010101010101010101010101010101001111111
11111111111100111111110101010101010101010101010101010101010101001111111
11111111111100111111010101010101010101010101010101010101010101001111111
11111111111100111111010101010101010101010101010101010101010101001111111
11111111111100111101010101010101010101010101010101010101010101001111111
11111111111100111101010101010101010101010101010101010101010101001111111
11111111111100110101010101010101010101010101010101010101010101001111111
11111111111100110101010101010101010101010101010101010101010101001111111
11111111111100010101010101010101010101010101010101010101010101001111111
11111111111100010101010101010101010101010101010101010101010101001111111
11111111111100110101010101010101010101010101010101010101010101001111111
11111111111101110101010101010101010101010101010101010101010101001111111
11111111111111110101010101010101010101010101010101010101010101001111111
11111111111111110101010101010101010101010101010101010101010101001111111
11111111111111010101010101010101010101010101010101010101010101001111111
11111111111111000101010101010101010101010101010101010101010101001111111
11111111111111001101010101010101010101010101010101010101010101001111111
11111111111111011101010101010101010101010101010101010101010101001111111
11111111111111011101010101010101010101010101010101010101010101001111111
11111111111111011001010101010101010101010101010101010101010101001111111
11111111111111011011010101010101010101010101010101010101010101001111111
11111111111111011111010101010101010101010101010101010101010101001111111
11111111111111011111010101010101010101010101010101010101010101001111111
11111111111111011110010101010101010101010101010101010101010101001111111
11111111111111011110110101010101010101010101010101010101010101001111111
11111111111111011111110101010101010101010101010101010101010101001111111
11111111111111011111110101010101010101010101010101010101010101001111111
11111111111111011111100101010101010101010101010101010101010101001111111
11111111111111011111101101010101010101010101010101010101010101001111111
11111111111111011111111101010101010101010101010101010101010101001111111
11111111111111011111111101010101010101010101010101010101010101001111111
11111111111111011111111001010101010101010101010101010101010101001111111
11111111111111011111111011010101010101010101010101010101010101001111111
11111111111111011111111111010101010101010101010101010101010101001111111
11111111111111011111111111010101010101010101010101010101010101001111111
11111111111111011111111110010101010101010101010101010101010101001111111
11111111111111011111111110110101010101010101010101010101010101001111111
11111111111111011111111111110101010101010101010101010101010101001111111
11111111111111011111111111110101010101010101010101010101010101001111111
11111111111111011111111111100101010101010101010101010101010101001111111
11111111111111011111111111101101010101010101010101010101010101001111111
11111111111111011111111111111101010101010101010101010101010101001111111
11111111111111011111111111111101010101010101010101010101010101001111111
11111111111111011111111111111001010101010101010101010101010101001111111
11111111111111011111111111111011010101010101010101010101010101001111111
11111111111111011111111111111111010101010101010101010101010101001111111
11111111111111011111111111111111010101010101010101010101010101001111111
11111111111111011111111111111110010101010101010101010101010101001111111
11111111111111011111111111111110110101010101010101010101010101001111111
11111111111111011111111111111111110101010101010101010101010101001111111
11111111111111011111111111111111110101010101010101010101010101001111111
11111111111111011111111111111111100101010101010101010101010101001111111
11111111111111011111111111111111101101010101010101010101010101001111111
11111111111111011111111111111111111101010101010101010101010101001111111
11111111111111011111111111111111111101010101010101010101010101001111111
11111111111111011111111111111111111001010101010101010101010101001111111
11111111111111011111111111111111111011010101010101010101010101001111111
11111111111111011111111111111111111111010101010101010101010101001111111
11111111111111011111111111111111111111010101010101010101010101001111111
11111111111111011111111111111111111110010101010101010101010101001111111
11111111111111011111111111111111111110110101010101010101010101001111111
11111111111111011111111111111111111111110101010101010101010101001111111
11111111111111011111111111111111111111110101010101010101010101001111111
11111111111111011111111111111111111111100101010101010101010101001111111
11111111111111011111111111111111111111101101010101010101010101001111111
11111111111111011111111111111111111111111101010101010101010101001111111
11111111111111011111111111111111111111111101010101010101010101001111111
11111111111111011111111111111111111111111001010101010101010101001111111
11111111111111011111111111111111111111111011010101010101010101001111111
11111111111111011111111111111111111111111111010101010101010101001111111
11111111111111011111111111111111111111111111010101010101010101001111111
11111111111111011111111111111111111111111110010101010101010101001111111
11111111111111011111111111111111111111111110110101010101010101001111111
11111111111111011111111111111111111111111111110101010101010101001111111
11111111111111011111111111111111111111111111110101010101010101001111111
11111111111111011111111111111111111111111111100101010101010101001111111
11111111111111011111111111111111111111111111101101010101010101001111111
11111111111111011111111111111111111111111111111101010101010101001111111
11111111111111011111111111111111111111111111111101010101010101001111111
11111111111111011111111111111111111111111111111001010101010101001111111
11111111111111011111111111111111111111111111111011010101010101001111111
11111111111111011111111111111111111111111111111111010101010101001111111
11111111111111011111111111111111111111111111111111010101010101001111111
11111111111111011111111111111111111111111111111110010101010101001111111
11111111111111011111111111111111111111111111111110110101010101001111111
11111111111111011111111111111111111111111111111111110101010101001111111
11111111111111011111111111111111111111111111111111110101010101001111111
11111111111111011111111111111111111111111111111111100101010101001111111
11111111111111011111111111111111111111111111111111101101010101001111111
11111111111111011111111111111111111111111111111111111101010101001111111
11111111111111011111111111111111111111111111111111111101010101001111111
11111111111111011111111111111111111111111111111111111001010101001111111
11111111111111011111111111111111111111111111111111111011010101001111111
11111111111111011111111111111111111111111111111111111111010101001111111
11111111111111011111111111111111111111111111111111111111010101001111111
11111111111111011111111111111111111111111111111111111110010101001111111
11111111111111011111111111111111111111111111111111111110110101001111111
11111111111111011111111111111111111111111111111111111111110101001111111
11111111111111011111111111111111111111111111111111111111110101001111111
11111111111111011111111111111111111111111111111111111111100101001111111
11111111111111011111111111111111111111111111111111111111101101001111111
11111111111111011111111111111111111111111111111111111111111101001111111
11111111111111011111111111111111111111111111111111111111111101001111111
11111111111111011111111111111111111111111111111111111111111001001111111
11111111111111011111111111111111111111111111111111111111111011001111111
11111111111111011111111111111111111111111111111111111111111111001111111
11111111111111011111111111111111111111111111111111111111111111001111111
11111111111111011111111111111111111111111111111111111111111110001111111
11111111111111011111111111111111111111111111111111111111111110101111111
11111111111111011111111111111111111111111111111111111111111111101111111
11111111111111011111111111111111111111111111111111111111111111101111111
11111111111111011111111111111111111111111111111111111111111111111111111
11111111111111011111111111111111111111111111111111111111111111011111111
11111111111111011111111111111111111111111111111111111111111110011111111
11111111111111011111111111111111111111111111111111111111111110011111111
11111111111111011111111111111111111111111111111111111111111010011111111
11111111111111011111111111111111111111111111111111111111111010011111111
11111111111111011111111111111111111111111111111111111111101010011111111
11111111111111011111111111111111111111111111111111111111101010011111111
11111111111111011111111111111111111111111111111111111110101010011111111
11111111111111011111111111111111111111111111111111111110101010011111111
11111111111111011111111111111111111111111111111111111010101010011111111
11111111111111011111111111111111111111111111111111111010101010011111111
11111111111111011111111111111111111111111111111111101010101010011111111
11111111111111011111111111111111111111111111111111101010101010011111111
11111111111111011111111111111111111111111111111110101010101010011111111
11111111111111011111111111111111111111111111111110101010101010011111111
11111111111111011111111111111111111111111111111010101010101010011111111
11111111111111011111111111111111111111111111111010101010101010011111111
11111111111111011111111111111111111111111111101010101010101010011111111
11111111111111011111111111111111111111111111101010101010101010011111111
11111111111111011111111111111111111111111110101010101010101010011111111
11111111111111011111111111111111111111111110101010101010101010011111111
11111111111111011111111111111111111111111010101010101010101010011111111
11111111111111011111111111111111111111111010101010101010101010011111111
11111111111111011111111111111111111111101010101010101010101010011111111
11111111111111011111111111111111111111101010101010101010101010011111111
11111111111111011111111111111111111110101010101010101010101010011111111
11111111111111011111111111111111111110101010101010101010101010011111111
11111111111111011111111111111111111010101010101010101010101010011111111
11111111111111011111111111111111111010101010101010101010101010011111111
11111111111111011111111111111111101010101010101010101010101010011111111
11111111111111011111111111111111101010101010101010101010101010011111111
11111111111111011111111111111110101010101010101010101010101010011111111
11111111111111011111111111111110101010101010101010101010101010011111111
11111111111111011111111111111010101010101010101010101010101010011111111
11111111111111011111111111111010101010101010101010101010101010011111111
11111111111111011111111111101010101010101010101010101010101010011111111
11111111111111011111111111101010101010101010101010101010101010011111111
11111111111111011111111110101010101010101010101010101010101010011111111
11111111111111011111111110101010101010101010101010101010101010011111111
11111111111111011111111010101010101010101010101010101010101010011111111
11111111111111011111111010101010101010101010101010101010101010011111111
11111111111111011111101010101010101010101010101010101010101010011111111
11111111111111011111101010101010101010101010101010101010101010011111111
11111111111111011110101010101010101010101010101010101010101010011111111
11111111111111011110101010101010101010101010101010101010101010011111111
11111111111111011010101010101010101010101010101010101010101010011111111
11111111111111011010101010101010101010101010101010101010101010011111111
11111111111111001010101010101010101010101010101010101010101010011111111
11111111111111001010101010101010101010101010101010101010101010011111111
11111111111111011010101010101010101010101010101010101010101010011111111
11111111111111111010101010101010101010101010101010101010101010011111111
11111111111110111010101010101010101010101010101010101010101010011111111
11111111111100111010101010101010101010101010101010101010101010011111111
11111111111100111010101010101010101010101010101010101010101010011111111
11111111110100111010101010101010101010101010101010101010101010011111111
11111111110100111010101010101010101010101010101010101010101010011111111
11111111010100111010101010101010101010101010101010101010101010011111111
11111111010100111010101010101010101010101010101010101010101010011111111
11111101010100111010101010101010101010101010101010101010101010011111111
11111101010100111010101010101010101010101010101010101010101010011111111
11110101010100111010101010101010101010101010101010101010101010011111111
11110101010100111010101010101010101010101010101010101010101010011111111
11010101010100111010101010101010101010101010101010101010101010011111111
11010101010100111010101010101010101010101010101010101010101010011111111
001010101010100111010101010101010101010101010101010101010101010011111111
001010101010100111010101010101010101010101010101010101010101010011111111
011010101010100111010101010101010101010101010101010101010101010011111111
0111010101010100111010101010101010101010101010101010101010101010011111111
1111010101010100111010101010101010101010101010101010101010101010011111111
1111010101010100111010101010101010101010101010101010101010101010011111111
1101010101010100111010101010101010101010101010101010101010101010011111111
1100010101010100111010101010101010101010101010101010101010101010011111111
1100110101010100111010101010101010101010101010101010101010101010011111111
1101110101010100111010101010101010101010101010101010101010101010011111111
1101110101010100111010101010101010101010101010101010101010101010011111111
1101100101010100111010101010101010101010101010101010101010101010011111111
1101101101010100111010101010101010101010101010101010101010101010011111111
1101111101010100111010101010101010101010101010101010101010101010011111111
1101111101010100111010101010101010101010101010101010101010101010011111111
1101111001010100111010101010101010101010101010101010101010101010011111111
1101111011010100111010101010101010101010101010101010101010101010011111111
1101111111010100111010101010101010101010101010101010101010101010011111111
1101111111010100111010101010101010101010101010101010101010101010011111111
1101111110010100111010101010101010101010101010101010101010101010011111111
1101111110110100111010101010101010101010101010101010101010101010011111111
1101111111110100111010101010101010101010101010101010101010101010011111111
1101111111110100111010101010101010101010101010101010101010101010011111111
1101111111100100111010101010101010101010101010101010101010101010011111111
1101111111101100111010101010101010101010101010101010101010101010011111111
1101111111111100111010101010101010101010101010101010101010101010011111111
1101111111111100111010101010101010101010101010101010101010101010011111111
1101111111111000111010101010101010101010101010101010101010101010011111111
1101111111111010111010101010101010101010101010101010101010101010011111111
1101111111111110111010101010101010101010101010101010101010101010011111111
1101111111111110111010101010101010101010101010101010101010101010011111111
1101111111111111111010101010101010101010101010101010101010101010011111111
1101111111111101111010101010101010101010101010101010101010101010011111111
1101111111111001111010101010101010101010101010101010101010101010011111111
1101111111111001111010101010101010101010101010101010101010101010011111111
1101111111101001111010101010101010101010101010101010101010101010011111111
1101111111101001111010101010101010101010101010101010101010101010011111111
1101111110101001111010101010101010101010101010101010101010101010011111111
1101111110101001111010101010101010101010101010101010101010101010011111111
1101111010101001111010101010101010101010101010101010101010101010011111111
1101111010101001111010101010101010101010101010101010101010101010011111111
1101101010101001111010101010101010101010101010101010101010101010011111111
1101101010101001111010101010101010101010101010101010101010101010011111111
1100101010101001111010101010101010101010101010101010101010101010011111111
1100101010101001111010101010101010101010101010101010101010101010011111111
1101101010101001111010101010101010101010101010101010101010101010011111111
1111101010101001111010101010101010101010101010101010101010101010011111111
1011101010101001111010101010101010101010101010101010101010101010011111111
00011101010101001111010101010101010101010101010101010101010101010011111111
00011101010101001111010101010101010101010101010101010101010101010011111111
01011101010101001111010101010101010101010101010101010101010101010011111111
011011101010101001111010101010101010101010101010101010101010101010011111111
111011101010101001111010101010101010101010101010101010101010101010011111111
111011101010101001111010101010101010101010101010101010101010101010011111111
110011101010101001111010101010101010101010101010101010101010101010011111111
110111101010101001111010101010101010101010101010101010101010101010011111111
111111101010101001111010101010101010101010101010101010101010101010011111111
111111101010101001111010101010101010101010101010101010101010101010011111111
111101101010101001111010101010101010101010101010101010101010101010011111111
111100101010101001111010101010101010101010101010101010101010101010011111111
111100001010101001111010101010101010101010101010101010101010101010011111111
111100011010101001111010101010101010101010101010101010101010101010011111111
111100111010101001111010101010101010101010101010101010101010101010011111111
111100111010101001111010101010101010101010101010101010101010101010011111111
111100110010101001111010101010101010101010101010101010101010101010011111111
111100110110101001111010101010101010101010101010101010101010101010011111111
111100111110101001111010101010101010101010101010101010101010101010011111111
111100111110101001111010101010101010101010101010101010101010101010011111111
111100111100101001111010101010101010101010101010101010101010101010011111111
111100111101101001111010101010101010101010101010101010101010101010011111111
111100111111101001111010101010101010101010101010101010101010101010011111111
111100111111101001111010101010101010101010101010101010101010101010011111111
111100111111001001111010101010101010101010101010101010101010101010011111111
111100111111011001111010101010101010101010101010101010101010101010011111111
111100111111111001111010101010101010101010101010101010101010101010011111111
111100111111111001111010101010101010101010101010101010101010101010011111111
111100111111110001111010101010101010101010101010101010101010101010011111111
111100111111110101111010101010101010101010101010101010101010101010011111111
111100111111111101111010101010101010101010101010101010101010101010011111111
111100111111111101111010101010101010101010101010101010101010101010011111111
111100111111111111111010101010101010101010101010101010101010101010011111111
111100111111111011111010101010101010101010101010101010101010101010011111111
111100111111110011111010101010101010101010101010101010101010101010011111111
111100111111110011111010101010101010101010101010101010101010101010011111111
111100111111010011111010101010101010101010101010101010101010101010011111111
111100111111010011111010101010101010101010101010101010101010101010011111111
111100111101010011111010101010101010101010101010101010101010101010011111111
111100111101010011111010101010101010101010101010101010101010101010011111111
111100110101010011111010101010101010101010101010101010101010101010011111111
111100110101010011111010101010101010101010101010101010101010101010011111111
111100010101010011111010101010101010101010101010101010101010101010011111111
111100010101010011111010101010101010101010101010101010101010101010011111111
111100110101010011111010101010101010101010101010101010101010101010011111111
111101110101010011111010101010101010101010101010101010101010101010011111111
111111110101010011111010101010101010101010101010101010101010101010011111111
111111110101010011111010101010101010101010101010101010101010101010011111111
111111010101010011111010101010101010101010101010101010101010101010011111111
111111000101010011111010101010101010101010101010101010101010101010011111111
111111001101010011111010101010101010101010101010101010101010101010011111111
111111011101010011111010101010101010101010101010101010101010101010011111111
111111011101010011111010101010101010101010101010101010101010101010011111111
111111011001010011111010101010101010101010101010101010101010101010011111111
111111011011010011111010101010101010101010101010101010101010101010011111111
111111011111010011111010101010101010101010101010101010101010101010011111111
111111011111010011111010101010101010101010101010101010101010101010011111111
111111011110010011111010101010101010101010101010101010101010101010011111111
111111011110110011111010101010101010101010101010101010101010101010011111111
111111011111110011111010101010101010101010101010101010101010101010011111111
111111011111110011111010101010101010101010101010101010101010101010011111111
111111011111100011111010101010101010101010101010101010101010101010011111111
111111011111101011111010101010101010101010101010101010101010101010011111111
111111011111111011111010101010101010101010101010101010101010101010011111111
111111011111111011111010101010101010101010101010101010101010101010011111111
111111011111111111111010101010101010101010101010101010101010101010011111111
111111011111110111111010101010101010101010101010101010101010101010011111111
111111011111100111111010101010101010101010101010101010101010101010011111111
111111011111100111111010101010101010101010101010101010101010101010011111111
111111011110100111111010101010101010101010101010101010101010101010011111111
111111011110100111111010101010101010101010101010101010101010101010011111111
111111011010100111111010101010101010101010101010101010101010101010011111111
111111011010100111111010101010101010101010101010101010101010101010011111111
111111001010100111111010101010101010101010101010101010101010101010011111111
111111001010100111111010101010101010101010101010101010101010101010011111111
111111011010100111111010101010101010101010101010101010101010101010011111111
111111111010100111111010101010101010101010101010101010101010101010011111111
111110111010100111111010101010101010101010101010101010101010101010011111111
111100111010100111111010101010101010101010101010101010101010101010011111111
111100111010100111111010101010101010101010101010101010101010101010011111111
110100111010100111111010101010101010101010101010101010101010101010011111111
110100111010100111111010101010101010101010101010101010101010101010011111111
0010100111010100111111010101010101010101010101010101010101010101010011111111
0010100111010100111111010101010101010101010101010101010101010101010011111111
0110100111010100111111010101010101010101010101010101010101010101010011111111
01110100111010100111111010101010101010101010101010101010101010101010011111111
11110100111010100111111010101010101010101010101010101010101010101010011111111
11110100111010100111111010101010101010101010101010101010101010101010011111111
11010100111010100111111010101010101010101010101010101010101010101010011111111
11000100111010100111111010101010101010101010101010101010101010101010011111111
11001100111010100111111010101010101010101010101010101010101010101010011111111
11011100111010100111111010101010101010101010101010101010101010101010011111111
11011100111010100111111010101010101010101010101010101010101010101010011111111
11011000111010100111111010101010101010101010101010101010101010101010011111111
11011010111010100111111010101010101010101010101010101010101010101010011111111
11011110111010100111111010101010101010101010101010101010101010101010011111111
11011110111010100111111010101010101010101010101010101010101010101010011111111
11011111111010100111111010101010101010101010101010101010101010101010011111111
11011101111010100111111010101010101010101010101010101010101010101010011111111
11011001111010100111111010101010101010101010101010101010101010101010011111111
11011001111010100111111010101010101010101010101010101010101010101010011111111
11001001111010100111111010101010101010101010101010101010101010101010011111111
11001001111010100111111010101010101010101010101010101010101010101010011111111
11011001111010100111111010101010101010101010101010101010101010101010011111111
11111001111010100111111010101010101010101010101010101010101010101010011111111
10111001111010100111111010101010101010101010101010101010101010101010011111111
000111001111010100111111010101010101010101010101010101010101010101010011111111
000111001111010100111111010101010101010101010101010101010101010101010011111111
010111001111010100111111010101010101010101010101010101010101010101010011111111
0110111001111010100111111010101010101010101010101010101010101010101010011111111
1110111001111010100111111010101010101010101010101010101010101010101010011111111
1110111001111010100111111010101010101010101010101010101010101010101010011111111
1100111001111010100111111010101010101010101010101010101010101010101010011111111
1101111001111010100111111010101010101010101010101010101010101010101010011111111
1111111001111010100111111010101010101010101010101010101010101010101010011111111
1111111001111010100111111010101010101010101010101010101010101010101010011111111
1111011001111010100111111010101010101010101010101010101010101010101010011111111
1111001001111010100111111010101010101010101010101010101010101010101010011111111
1111000001111010100111111010101010101010101010101010101010101010101010011111111
1111000101111010100111111010101010101010101010101010101010101010101010011111111
1111001101111010100111111010101010101010101010101010101010101010101010011111111
1111001101111010100111111010101010101010101010101010101010101010101010011111111
1111001111111010100111111010101010101010101010101010101010101010101010011111111
1111001011111010100111111010101010101010101010101010101010101010101010011111111
1111000011111010100111111010101010101010101010101010101010101010101010011111111
1111000011111010100111111010101010101010101010101010101010101010101010011111111
1111001011111010100111111010101010101010101010101010101010101010101010011111111
1111011011111010100111111010101010101010101010101010101010101010101010011111111
1111111011111010100111111010101010101010101010101010101010101010101010011111111
1111111011111010100111111010101010101010101010101010101010101010101010011111111
1111110011111010100111111010101010101010101010101010101010101010101010011111111
1111110111111010100111111010101010101010101010101010101010101010101010011111111
1111111111111010100111111010101010101010101010101010101010101010101010011111111
1111111111111010100111111010101010101010101010101010101010101010101010011111111
1111111101111010100111111010101010101010101010101010101010101010101010011111111
1111111100111010100111111010101010101010101010101010101010101010101010011111111
1111111100011010100111111010101010101010101010101010101010101010101010011111111
1111111100001010100111111010101010101010101010101010101010101010101010011111111
1111111100000010100111111010101010101010101010101010101010101010101010011111111
1111111100000110100111111010101010101010101010101010101010101010101010011111111
1111111100001110100111111010101010101010101010101010101010101010101010011111111
1111111100001110100111111010101010101010101010101010101010101010101010011111111
1111111100001100100111111010101010101010101010101010101010101010101010011111111
1111111100001101100111111010101010101010101010101010101010101010101010011111111
1111111100001111100111111010101010101010101010101010101010101010101010011111111
1111111100001111100111111010101010101010101010101010101010101010101010011111111
1111111100001111000111111010101010101010101010101010101010101010101010011111111
1111111100001111010111111010101010101010101010101010101010101010101010011111111
1111111100001111110111111010101010101010101010101010101010101010101010011111111
1111111100001111110111111010101010101010101010101010101010101010101010011111111
1111111100001111111111111010101010101010101010101010101010101010101010011111111
1111111100001111101111111010101010101010101010101010101010101010101010011111111
1111111100001111001111111010101010101010101010101010101010101010101010011111111
1111111100001111001111111010101010101010101010101010101010101010101010011111111
1111111100001101001111111010101010101010101010101010101010101010101010011111111
1111111100001101001111111010101010101010101010101010101010101010101010011111111
1111111100000101001111111010101010101010101010101010101010101010101010011111111
1111111100000101001111111010101010101010101010101010101010101010101010011111111
1111111100001101001111111010101010101010101010101010101010101010101010011111111
1111111100011101001111111010101010101010101010101010101010101010101010011111111
1111111100111101001111111010101010101010101010101010101010101010101010011111111
1111111100111101001111111010101010101010101010101010101010101010101010011111111
1111111100110101001111111010101010101010101010101010101010101010101010011111111
1111111100110001001111111010101010101010101010101010101010101010101010011111111
1111111100110011001111111010101010101010101010101010101010101010101010011111111
1111111100110111001111111010101010101010101010101010101010101010101010011111111
1111111100110111001111111010101010101010101010101010101010101010101010011111111
1111111100110110001111111010101010101010101010101010101010101010101010011111111
1111111100110110101111111010101010101010101010101010101010101010101010011111111
1111111100110111101111111010101010101010101010101010101010101010101010011111111
1111111100110111101111111010101010101010101010101010101010101010101010011111111
1111111100110111111111111010101010101010101010101010101010101010101010011111111
1111111100110111011111111010101010101010101010101010101010101010101010011111111
1111111100110110011111111010101010101010101010101010101010101010101010011111111
1111111100110110011111111010101010101010101010101010101010101010101010011111111
1111111100110010011111111010101010101010101010101010101010101010101010011111111
1111111100110010011111111010101010101010101010101010101010101010101010011111111
1111111100110110011111111010101010101010101010101010101010101010101010011111111
1111111100111110011111111010101010101010101010101010101010101010101010011111111
1111111100101110011111111010101010101010101010101010101010101010101010011111111
1111111100001110011111111010101010101010101010101010101010101010101010011111111
1111111100001110011111111010101010101010101010101010101010101010101010011111111
1111111100101110011111111010101010101010101010101010101010101010101010011111111
1111111101101110011111111010101010101010101010101010101010101010101010011111111
1111111111101110011111111010101010101010101010101010101010101010101010011111111
1111111111101110011111111010101010101010101010101010101010101010101010011111111
1111111111001110011111111010101010101010101010101010101010101010101010011111111
1111111111011110011111111010101010101010101010101010101010101010101010011111111
1111111111111110011111111010101010101010101010101010101010101010101010011111111
1111111111111110011111111010101010101010101010101010101010101010101010011111111
1111111111110110011111111010101010101010101010101010101010101010101010011111111
1111111111110010011111111010101010101010101010101010101010101010101010011111111
1111111111110000011111111010101010101010101010101010101010101010101010011111111
1111111111110001011111111010101010101010101010101010101010101010101010011111111
1111111111110011011111111010101010101010101010101010101010101010101010011111111
1111111111110011011111111010101010101010101010101010101010101010101010011111111
1111111111110011111111111010101010101010101010101010101010101010101010011111111
1111111111110010111111111010101010101010101010101010101010101010101010011111111
1111111111110000111111111010101010101010101010101010101010101010101010011111111
1111111111110000111111111010101010101010101010101010101010101010101010011111111
1111111111110010111111111010101010101010101010101010101010101010101010011111111
1111111111110110111111111010101010101010101010101010101010101010101010011111111
1111111111111110111111111010101010101010101010101010101010101010101010011111111
1111111111111110111111111010101010101010101010101010101010101010101010011111111
1111111111111100111111111010101010101010101010101010101010101010101010011111111
1111111111111101111111111010101010101010101010101010101010101010101010011111111
1111111111111111111111111010101010101010101010101010101010101010101010011111111
1111111111111111111111111010101010101010101010101010101010101010101010011111111
1111111111111111011111111010101010101010101010101010101010101010101010011111111
1111111111111111001111111010101010101010101010101010101010101010101010011111111
1111111111111111000111111010101010101010101010101010101010101010101010011111111
1111111111111111000011111010101010101010101010101010101010101010101010011111111
1111111111111111000001111010101010101010101010101010101010101010101010011111111
1111111111111111000000111010101010101010101010101010101010101010101010011111111
1111111111111111000000011010101010101010101010101010101010101010101010011111111
1111111111111111000000001010101010101010101010101010101010101010101010011111111
1111111111111111000000000010101010101010101010101010101010101010101010011111111
1111111111111111000000000110101010101010101010101010101010101010101010011111111
1111111111111111000000001110101010101010101010101010101010101010101010011111111
1111111111111111000000001110101010101010101010101010101010101010101010011111111
1111111111111111000000001100101010101010101010101010101010101010101010011111111
1111111111111111000000001101101010101010101010101010101010101010101010011111111
1111111111111111000000001111101010101010101010101010101010101010101010011111111
1111111111111111000000001111101010101010101010101010101010101010101010011111111
1111111111111111000000001111001010101010101010101010101010101010101010011111111
1111111111111111000000001111011010101010101010101010101010101010101010011111111
1111111111111111000000001111111010101010101010101010101010101010101010011111111
1111111111111111000000001111111010101010101010101010101010101010101010011111111
1111111111111111000000001111110010101010101010101010101010101010101010011111111
1111111111111111000000001111110110101010101010101010101010101010101010011111111
1111111111111111000000001111111110101010101010101010101010101010101010011111111
1111111111111111000000001111111110101010101010101010101010101010101010011111111
1111111111111111000000001111111100101010101010101010101010101010101010011111111
1111111111111111000000001111111101101010101010101010101010101010101010011111111
1111111111111111000000001111111111101010101010101010101010101010101010011111111
1111111111111111000000001111111111101010101010101010101010101010101010011111111
1111111111111111000000001111111111001010101010101010101010101010101010011111111
1111111111111111000000001111111111011010101010101010101010101010101010011111111
1111111111111111000000001111111111111010101010101010101010101010101010011111111
1111111111111111000000001111111111111010101010101010101010101010101010011111111
1111111111111111000000001111111111110010101010101010101010101010101010011111111
1111111111111111000000001111111111110110101010101010101010101010101010011111111
1111111111111111000000001111111111111110101010101010101010101010101010011111111
1111111111111111000000001111111111111110101010101010101010101010101010011111111
1111111111111111000000001111111111111100101010101010101010101010101010011111111
1111111111111111000000001111111111111101101010101010101010101010101010011111111
1111111111111111000000001111111111111111101010101010101010101010101010011111111
1111111111111111000000001111111111111111101010101010101010101010101010011111111
1111111111111111000000001111111111111111001010101010101010101010101010011111111
1111111111111111000000001111111111111111011010101010101010101010101010011111111
1111111111111111000000001111111111111111111010101010101010101010101010011111111
1111111111111111000000001111111111111111111010101010101010101010101010011111111
1111111111111111000000001111111111111111110010101010101010101010101010011111111
1111111111111111000000001111111111111111110110101010101010101010101010011111111
1111111111111111000000001111111111111111111110101010101010101010101010011111111
1111111111111111000000001111111111111111111110101010101010101010101010011111111
1111111111111111000000001111111111111111111100101010101010101010101010011111111
1111111111111111000000001111111111111111111101101010101010101010101010011111111
1111111111111111000000001111111111111111111111101010101010101010101010011111111
1111111111111111000000001111111111111111111111101010101010101010101010011111111
1111111111111111000000001111111111111111111111001010101010101010101010011111111
1111111111111111000000001111111111111111111111011010101010101010101010011111111
1111111111111111000000001111111111111111111111111010101010101010101010011111111
1111111111111111000000001111111111111111111111111010101010101010101010011111111
1111111111111111000000001111111111111111111111110010101010101010101010011111111
1111111111111111000000001111111111111111111111110110101010101010101010011111111
1111111111111111000000001111111111111111111111111110101010101010101010011111111
1111111111111111000000001111111111111111111111111110101010101010101010011111111
1111111111111111000000001111111111111111111111111100101010101010101010011111111
1111111111111111000000001111111111111111111111111101101010101010101010011111111
1111111111111111000000001111111111111111111111111111101010101010101010011111111
1111111111111111000000001111111111111111111111111111101010101010101010011111111
1111111111111111000000001111111111111111111111111111001010101010101010011111111
1111111111111111000000001111111111111111111111111111011010101010101010011111111
1111111111111111000000001111111111111111111111111111111010101010101010011111111
1111111111111111000000001111111111111111111111111111111010101010101010011111111
1111111111111111000000001111111111111111111111111111110010101010101010011111111
1111111111111111000000001111111111111111111111111111110110101010101010011111111
1111111111111111000000001111111111111111111111111111111110101010101010011111111
1111111111111111000000001111111111111111111111111111111110101010101010011111111
1111111111111111000000001111111111111111111111111111111100101010101010011111111
1111111111111111000000001111111111111111111111111111111101101010101010011111111
1111111111111111000000001111111111111111111111111111111111101010101010011111111
1111111111111111000000001111111111111111111111111111111111101010101010011111111
1111111111111111000000001111111111111111111111111111111111001010101010011111111
1111111111111111000000001111111111111111111111111111111111011010101010011111111
1111111111111111000000001111111111111111111111111111111111111010101010011111111
1111111111111111000000001111111111111111111111111111111111111010101010011111111
1111111111111111000000001111111111111111111111111111111111110010101010011111111
1111111111111111000000001111111111111111111111111111111111110110101010011111111
1111111111111111000000001111111111111111111111111111111111111110101010011111111
1111111111111111000000001111111111111111111111111111111111111110101010011111111
1111111111111111000000001111111111111111111111111111111111111100101010011111111
1111111111111111000000001111111111111111111111111111111111111101101010011111111
1111111111111111000000001111111111111111111111111111111111111111101010011111111
1111111111111111000000001111111111111111111111111111111111111111101010011111111
1111111111111111000000001111111111111111111111111111111111111111001010011111111
1111111111111111000000001111111111111111111111111111111111111111011010011111111
1111111111111111000000001111111111111111111111111111111111111111111010011111111
1111111111111111000000001111111111111111111111111111111111111111111010011111111
1111111111111111000000001111111111111111111111111111111111111111110010011111111
1111111111111111000000001111111111111111111111111111111111111111110110011111111
1111111111111111000000001111111111111111111111111111111111111111111110011111111
1111111111111111000000001111111111111111111111111111111111111111111110011111111
1111111111111111000000001111111111111111111111111111111111111111111100011111111
1111111111111111000000001111111111111111111111111111111111111111111101011111111
1111111111111111000000001111111111111111111111111111111111111111111111011111111
1111111111111111000000001111111111111111111111111111111111111111111111011111111
1111111111111111000000001111111111111111111111111111111111111111111111111111111
1111111111111111000000001111111111111111111111111111111111111111111110111111111
1111111111111111000000001111111111111111111111111111111111111111111100111111111
1111111111111111000000001111111111111111111111111111111111111111111100111111111
1111111111111111000000001111111111111111111111111111111111111111110100111111111
1111111111111111000000001111111111111111111111111111111111111111110100111111111
1111111111111111000000001111111111111111111111111111111111111111010100111111111
1111111111111111000000001111111111111111111111111111111111111111010100111111111
1111111111111111000000001111111111111111111111111111111111111101010100111111111
1111111111111111000000001111111111111111111111111111111111111101010100111111111
1111111111111111000000001111111111111111111111111111111111110101010100111111111
1111111111111111000000001111111111111111111111111111111111110101010100111111111
1111111111111111000000001111111111111111111111111111111111010101010100111111111
1111111111111111000000001111111111111111111111111111111111010101010100111111111
1111111111111111000000001111111111111111111111111111111101010101010100111111111
1111111111111111000000001111111111111111111111111111111101010101010100111111111
1111111111111111000000001111111111111111111111111111110101010101010100111111111
1111111111111111000000001111111111111111111111111111110101010101010100111111111
1111111111111111000000001111111111111111111111111111010101010101010100111111111
1111111111111111000000001111111111111111111111111111010101010101010100111111111
1111111111111111000000001111111111111111111111111101010101010101010100111111111
1111111111111111000000001111111111111111111111111101010101010101010100111111111
1111111111111111000000001111111111111111111111110101010101010101010100111111111
1111111111111111000000001111111111111111111111110101010101010101010100111111111
1111111111111111000000001111111111111111111111010101010101010101010100111111111
1111111111111111000000001111111111111111111111010101010101010101010100111111111
1111111111111111000000001111111111111111111101010101010101010101010100111111111
1111111111111111000000001111111111111111111101010101010101010101010100111111111
1111111111111111000000001111111111111111110101010101010101010101010100111111111
1111111111111111000000001111111111111111110101010101010101010101010100111111111
1111111111111111000000001111111111111111010101010101010101010101010100111111111
1111111111111111000000001111111111111111010101010101010101010101010100111111111
1111111111111111000000001111111111111101010101010101010101010101010100111111111
1111111111111111000000001111111111111101010101010101010101010101010100111111111
1111111111111111000000001111111111110101010101010101010101010101010100111111111
1111111111111111000000001111111111110101010101010101010101010101010100111111111
1111111111111111000000001111111111010101010101010101010101010101010100111111111
1111111111111111000000001111111111010101010101010101010101010101010100111111111
1111111111111111000000001111111101010101010101010101010101010101010100111111111
1111111111111111000000001111111101010101010101010101010101010101010100111111111
1111111111111111000000001111110101010101010101010101010101010101010100111111111
1111111111111111000000001111110101010101010101010101010101010101010100111111111
1111111111111111000000001111010101010101010101010101010101010101010100111111111
1111111111111111000000001111010101010101010101010101010101010101010100111111111
1111111111111111000000001101010101010101010101010101010101010101010100111111111
1111111111111111000000001101010101010101010101010101010101010101010100111111111
1111111111111111000000000101010101010101010101010101010101010101010100111111111
1111111111111111000000000101010101010101010101010101010101010101010100111111111
1111111111111111000000001101010101010101010101010101010101010101010100111111111
1111111111111111000000011101010101010101010101010101010101010101010100111111111
1111111111111111000000111101010101010101010101010101010101010101010100111111111
1111111111111111000000111101010101010101010101010101010101010101010100111111111
1111111111111111000000110101010101010101010101010101010101010101010100111111111
1111111111111111000000110001010101010101010101010101010101010101010100111111111
1111111111111111000000110011010101010101010101010101010101010101010100111111111
1111111111111111000000110111010101010101010101010101010101010101010100111111111
1111111111111111000000110111010101010101010101010101010101010101010100111111111
1111111111111111000000110110010101010101010101010101010101010101010100111111111
1111111111111111000000110110110101010101010101010101010101010101010100111111111
1111111111111111000000110111110101010101010101010101010101010101010100111111111
1111111111111111000000110111110101010101010101010101010101010101010100111111111
1111111111111111000000110111100101010101010101010101010101010101010100111111111
1111111111111111000000110111101101010101010101010101010101010101010100111111111
1111111111111111000000110111111101010101010101010101010101010101010100111111111
1111111111111111000000110111111101010101010101010101010101010101010100111111111
1111111111111111000000110111111001010101010101010101010101010101010100111111111
1111111111111111000000110111111011010101010101010101010101010101010100111111111
1111111111111111000000110111111111010101010101010101010101010101010100111111111
1111111111111111000000110111111111010101010101010101010101010101010100111111111
1111111111111111000000110111111110010101010101010101010101010101010100111111111
1111111111111111000000110111111110110101010101010101010101010101010100111111111
1111111111111111000000110111111111110101010101010101010101010101010100111111111
1111111111111111000000110111111111110101010101010101010101010101010100111111111
1111111111111111000000110111111111100101010101010101010101010101010100111111111
1111111111111111000000110111111111101101010101010101010101010101010100111111111
1111111111111111000000110111111111111101010101010101010101010101010100111111111
1111111111111111000000110111111111111101010101010101010101010101010100111111111
1111111111111111000000110111111111111001010101010101010101010101010100111111111
1111111111111111000000110111111111111011010101010101010101010101010100111111111
1111111111111111000000110111111111111111010101010101010101010101010100111111111
1111111111111111000000110111111111111111010101010101010101010101010100111111111
1111111111111111000000110111111111111110010101010101010101010101010100111111111
1111111111111111000000110111111111111110110101010101010101010101010100111111111
1111111111111111000000110111111111111111110101010101010101010101010100111111111
1111111111111111000000110111111111111111110101010101010101010101010100111111111
1111111111111111000000110111111111111111100101010101010101010101010100111111111
1111111111111111000000110111111111111111101101010101010101010101010100111111111
1111111111111111000000110111111111111111111101010101010101010101010100111111111
1111111111111111000000110111111111111111111101010101010101010101010100111111111
1111111111111111000000110111111111111111111001010101010101010101010100111111111
1111111111111111000000110111111111111111111011010101010101010101010100111111111
1111111111111111000000110111111111111111111111010101010101010101010100111111111
1111111111111111000000110111111111111111111111010101010101010101010100111111111
1111111111111111000000110111111111111111111110010101010101010101010100111111111
1111111111111111000000110111111111111111111110110101010101010101010100111111111
1111111111111111000000110111111111111111111111110101010101010101010100111111111
1111111111111111000000110111111111111111111111110101010101010101010100111111111
1111111111111111000000110111111111111111111111100101010101010101010100111111111
1111111111111111000000110111111111111111111111101101010101010101010100111111111
1111111111111111000000110111111111111111111111111101010101010101010100111111111
1111111111111111000000110111111111111111111111111101010101010101010100111111111
1111111111111111000000110111111111111111111111111001010101010101010100111111111
1111111111111111000000110111111111111111111111111011010101010101010100111111111
1111111111111111000000110111111111111111111111111111010101010101010100111111111
1111111111111111000000110111111111111111111111111111010101010101010100111111111
1111111111111111000000110111111111111111111111111110010101010101010100111111111
1111111111111111000000110111111111111111111111111110110101010101010100111111111
1111111111111111000000110111111111111111111111111111110101010101010100111111111
1111111111111111000000110111111111111111111111111111110101010101010100111111111
1111111111111111000000110111111111111111111111111111100101010101010100111111111
1111111111111111000000110111111111111111111111111111101101010101010100111111111
1111111111111111000000110111111111111111111111111111111101010101010100111111111
1111111111111111000000110111111111111111111111111111111101010101010100111111111
1111111111111111000000110111111111111111111111111111111001010101010100111111111
1111111111111111000000110111111111111111111111111111111011010101010100111111111
1111111111111111000000110111111111111111111111111111111111010101010100111111111
1111111111111111000000110111111111111111111111111111111111010101010100111111111
1111111111111111000000110111111111111111111111111111111110010101010100111111111
1111111111111111000000110111111111111111111111111111111110110101010100111111111
1111111111111111000000110111111111111111111111111111111111110101010100111111111
1111111111111111000000110111111111111111111111111111111111110101010100111111111
1111111111111111000000110111111111111111111111111111111111100101010100111111111
1111111111111111000000110111111111111111111111111111111111101101010100111111111
1111111111111111000000110111111111111111111111111111111111111101010100111111111
1111111111111111000000110111111111111111111111111111111111111101010100111111111
1111111111111111000000110111111111111111111111111111111111111001010100111111111
1111111111111111000000110111111111111111111111111111111111111011010100111111111
1111111111111111000000110111111111111111111111111111111111111111010100111111111
1111111111111111000000110111111111111111111111111111111111111111010100111111111
1111111111111111000000110111111111111111111111111111111111111110010100111111111
1111111111111111000000110111111111111111111111111111111111111110110100111111111
1111111111111111000000110111111111111111111111111111111111111111110100111111111
1111111111111111000000110111111111111111111111111111111111111111110100111111111
1111111111111111000000110111111111111111111111111111111111111111100100111111111
1111111111111111000000110111111111111111111111111111111111111111101100111111111
1111111111111111000000110111111111111111111111111111111111111111111100111111111
1111111111111111000000110111111111111111111111111111111111111111111100111111111
1111111111111111000000110111111111111111111111111111111111111111111000111111111
1111111111111111000000110111111111111111111111111111111111111111111010111111111
1111111111111111000000110111111111111111111111111111111111111111111110111111111
1111111111111111000000110111111111111111111111111111111111111111111110111111111
1111111111111111000000110111111111111111111111111111111111111111111111111111111
1111111111111111000000110111111111111111111111111111111111111111111101111111111
1111111111111111000000110111111111111111111111111111111111111111111001111111111
1111111111111111000000110111111111111111111111111111111111111111111001111111111
1111111111111111000000110111111111111111111111111111111111111111101001111111111
1111111111111111000000110111111111111111111111111111111111111111101001111111111
1111111111111111000000110111111111111111111111111111111111111110101001111111111
1111111111111111000000110111111111111111111111111111111111111110101001111111111
1111111111111111000000110111111111111111111111111111111111111010101001111111111
1111111111111111000000110111111111111111111111111111111111111010101001111111111
1111111111111111000000110111111111111111111111111111111111101010101001111111111
1111111111111111000000110111111111111111111111111111111111101010101001111111111
1111111111111111000000110111111111111111111111111111111110101010101001111111111
1111111111111111000000110111111111111111111111111111111110101010101001111111111
1111111111111111000000110111111111111111111111111111111010101010101001111111111
1111111111111111000000110111111111111111111111111111111010101010101001111111111
1111111111111111000000110111111111111111111111111111101010101010101001111111111
1111111111111111000000110111111111111111111111111111101010101010101001111111111
1111111111111111000000110111111111111111111111111110101010101010101001111111111
1111111111111111000000110111111111111111111111111110101010101010101001111111111
1111111111111111000000110111111111111111111111111010101010101010101001111111111
1111111111111111000000110111111111111111111111111010101010101010101001111111111
1111111111111111000000110111111111111111111111101010101010101010101001111111111
1111111111111111000000110111111111111111111111101010101010101010101001111111111
1111111111111111000000110111111111111111111110101010101010101010101001111111111
1111111111111111000000110111111111111111111110101010101010101010101001111111111
1111111111111111000000110111111111111111111010101010101010101010101001111111111
1111111111111111000000110111111111111111111010101010101010101010101001111111111
1111111111111111000000110111111111111111101010101010101010101010101001111111111
1111111111111111000000110111111111111111101010101010101010101010101001111111111
1111111111111111000000110111111111111110101010101010101010101010101001111111111
1111111111111111000000110111111111111110101010101010101010101010101001111111111
1111111111111111000000110111111111111010101010101010101010101010101001111111111
1111111111111111000000110111111111111010101010101010101010101010101001111111111
1111111111111111000000110111111111101010101010101010101010101010101001111111111
1111111111111111000000110111111111101010101010101010101010101010101001111111111
1111111111111111000000110111111110101010101010101010101010101010101001111111111
1111111111111111000000110111111110101010101010101010101010101010101001111111111
1111111111111111000000110111111010101010101010101010101010101010101001111111111
1111111111111111000000110111111010101010101010101010101010101010101001111111111
1111111111111111000000110111101010101010101010101010101010101010101001111111111
1111111111111111000000110111101010101010101010101010101010101010101001111111111
1111111111111111000000110110101010101010101010101010101010101010101001111111111
1111111111111111000000110110101010101010101010101010101010101010101001111111111
1111111111111111000000110010101010101010101010101010101010101010101001111111111
1111111111111111000000110010101010101010101010101010101010101010101001111111111
1111111111111111000000110110101010101010101010101010101010101010101001111111111
1111111111111111000000111110101010101010101010101010101010101010101001111111111
1111111111111111000000101110101010101010101010101010101010101010101001111111111
1111111111111111000000001110101010101010101010101010101010101010101001111111111
1111111111111111000000001110101010101010101010101010101010101010101001111111111
1111111111111111000000101110101010101010101010101010101010101010101001111111111
1111111111111111000001101110101010101010101010101010101010101010101001111111111
1111111111111111000011101110101010101010101010101010101010101010101001111111111
1111111111111111000011101110101010101010101010101010101010101010101001111111111
1111111111111111000011001110101010101010101010101010101010101010101001111111111
1111111111111111000011011110101010101010101010101010101010101010101001111111111
1111111111111111000011111110101010101010101010101010101010101010101001111111111
1111111111111111000011111110101010101010101010101010101010101010101001111111111
1111111111111111000011110110101010101010101010101010101010101010101001111111111
1111111111111111000011110010101010101010101010101010101010101010101001111111111
1111111111111111000011110000101010101010101010101010101010101010101001111111111
1111111111111111000011110001101010101010101010101010101010101010101001111111111
1111111111111111000011110011101010101010101010101010101010101010101001111111111
1111111111111111000011110011101010101010101010101010101010101010101001111111111
1111111111111111000011110011001010101010101010101010101010101010101001111111111
1111111111111111000011110011011010101010101010101010101010101010101001111111111
1111111111111111000011110011111010101010101010101010101010101010101001111111111
1111111111111111000011110011111010101010101010101010101010101010101001111111111
1111111111111111000011110011110010101010101010101010101010101010101001111111111
1111111111111111000011110011110110101010101010101010101010101010101001111111111
1111111111111111000011110011111110101010101010101010101010101010101001111111111
1111111111111111000011110011111110101010101010101010101010101010101001111111111
1111111111111111000011110011111100101010101010101010101010101010101001111111111
1111111111111111000011110011111101101010101010101010101010101010101001111111111
1111111111111111000011110011111111101010101010101010101010101010101001111111111
1111111111111111000011110011111111101010101010101010101010101010101001111111111
1111111111111111000011110011111111001010101010101010101010101010101001111111111
1111111111111111000011110011111111011010101010101010101010101010101001111111111
1111111111111111000011110011111111111010101010101010101010101010101001111111111
1111111111111111000011110011111111111010101010101010101010101010101001111111111
1111111111111111000011110011111111110010101010101010101010101010101001111111111
1111111111111111000011110011111111110110101010101010101010101010101001111111111
1111111111111111000011110011111111111110101010101010101010101010101001111111111
1111111111111111000011110011111111111110101010101010101010101010101001111111111
1111111111111111000011110011111111111100101010101010101010101010101001111111111
1111111111111111000011110011111111111101101010101010101010101010101001111111111
1111111111111111000011110011111111111111101010101010101010101010101001111111111
1111111111111111000011110011111111111111101010101010101010101010101001111111111
1111111111111111000011110011111111111111001010101010101010101010101001111111111
1111111111111111000011110011111111111111011010101010101010101010101001111111111
1111111111111111000011110011111111111111111010101010101010101010101001111111111
1111111111111111000011110011111111111111111010101010101010101010101001111111111
1111111111111111000011110011111111111111110010101010101010101010101001111111111
1111111111111111000011110011111111111111110110101010101010101010101001111111111
1111111111111111000011110011111111111111111110101010101010101010101001111111111
1111111111111111000011110011111111111111111110101010101010101010101001111111111
1111111111111111000011110011111111111111111100101010101010101010101001111111111
1111111111111111000011110011111111111111111101101010101010101010101001111111111
1111111111111111000011110011111111111111111111101010101010101010101001111111111
1111111111111111000011110011111111111111111111101010101010101010101001111111111
1111111111111111000011110011111111111111111111001010101010101010101001111111111
1111111111111111000011110011111111111111111111011010101010101010101001111111111
1111111111111111000011110011111111111111111111111010101010101010101001111111111
1111111111111111000011110011111111111111111111111010101010101010101001111111111
1111111111111111000011110011111111111111111111110010101010101010101001111111111
1111111111111111000011110011111111111111111111110110101010101010101001111111111
1111111111111111000011110011111111111111111111111110101010101010101001111111111
1111111111111111000011110011111111111111111111111110101010101010101001111111111
1111111111111111000011110011111111111111111111111100101010101010101001111111111
1111111111111111000011110011111111111111111111111101101010101010101001111111111
1111111111111111000011110011111111111111111111111111101010101010101001111111111
1111111111111111000011110011111111111111111111111111101010101010101001111111111
1111111111111111000011110011111111111111111111111111001010101010101001111111111
1111111111111111000011110011111111111111111111111111011010101010101001111111111
1111111111111111000011110011111111111111111111111111111010101010101001111111111
1111111111111111000011110011111111111111111111111111111010101010101001111111111
1111111111111111000011110011111111111111111111111111110010101010101001111111111
1111111111111111000011110011111111111111111111111111110110101010101001111111111
1111111111111111000011110011111111111111111111111111111110101010101001111111111
1111111111111111000011110011111111111111111111111111111110101010101001111111111
1111111111111111000011110011111111111111111111111111111100101010101001111111111
1111111111111111000011110011111111111111111111111111111101101010101001111111111
1111111111111111000011110011111111111111111111111111111111101010101001111111111
1111111111111111000011110011111111111111111111111111111111101010101001111111111
1111111111111111000011110011111111111111111111111111111111001010101001111111111
1111111111111111000011110011111111111111111111111111111111011010101001111111111
1111111111111111000011110011111111111111111111111111111111111010101001111111111
1111111111111111000011110011111111111111111111111111111111111010101001111111111
1111111111111111000011110011111111111111111111111111111111110010101001111111111
1111111111111111000011110011111111111111111111111111111111110110101001111111111
1111111111111111000011110011111111111111111111111111111111111110101001111111111
1111111111111111000011110011111111111111111111111111111111111110101001111111111
1111111111111111000011110011111111111111111111111111111111111100101001111111111
1111111111111111000011110011111111111111111111111111111111111101101001111111111
1111111111111111000011110011111111111111111111111111111111111111101001111111111
1111111111111111000011110011111111111111111111111111111111111111101001111111111
1111111111111111000011110011111111111111111111111111111111111111001001111111111
1111111111111111000011110011111111111111111111111111111111111111011001111111111
1111111111111111000011110011111111111111111111111111111111111111111001111111111
1111111111111111000011110011111111111111111111111111111111111111111001111111111
1111111111111111000011110011111111111111111111111111111111111111110001111111111
1111111111111111000011110011111111111111111111111111111111111111110101111111111
1111111111111111000011110011111111111111111111111111111111111111111101111111111
1111111111111111000011110011111111111111111111111111111111111111111101111111111
1111111111111111000011110011111111111111111111111111111111111111111111111111111
1111111111111111000011110011111111111111111111111111111111111111111011111111111
1111111111111111000011110011111111111111111111111111111111111111110011111111111
1111111111111111000011110011111111111111111111111111111111111111110011111111111
1111111111111111000011110011111111111111111111111111111111111111010011111111111
1111111111111111000011110011111111111111111111111111111111111111010011111111111
1111111111111111000011110011111111111111111111111111111111111101010011111111111
1111111111111111000011110011111111111111111111111111111111111101010011111111111
1111111111111111000011110011111111111111111111111111111111110101010011111111111
1111111111111111000011110011111111111111111111111111111111110101010011111111111
1111111111111111000011110011111111111111111111111111111111010101010011111111111
1111111111111111000011110011111111111111111111111111111111010101010011111111111
1111111111111111000011110011111111111111111111111111111101010101010011111111111
1111111111111111000011110011111111111111111111111111111101010101010011111111111
1111111111111111000011110011111111111111111111111111110101010101010011111111111
1111111111111111000011110011111111111111111111111111110101010101010011111111111
1111111111111111000011110011111111111111111111111111010101010101010011111111111
1111111111111111000011110011111111111111111111111111010101010101010011111111111
1111111111111111000011110011111111111111111111111101010101010101010011111111111
1111111111111111000011110011111111111111111111111101010101010101010011111111111
1111111111111111000011110011111111111111111111110101010101010101010011111111111
1111111111111111000011110011111111111111111111110101010101010101010011111111111
1111111111111111000011110011111111111111111111010101010101010101010011111111111
1111111111111111000011110011111111111111111111010101010101010101010011111111111
1111111111111111000011110011111111111111111101010101010101010101010011111111111
1111111111111111000011110011111111111111111101010101010101010101010011111111111
1111111111111111000011110011111111111111110101010101010101010101010011111111111
1111111111111111000011110011111111111111110101010101010101010101010011111111111
1111111111111111000011110011111111111111010101010101010101010101010011111111111
1111111111111111000011110011111111111111010101010101010101010101010011111111111
1111111111111111000011110011111111111101010101010101010101010101010011111111111
1111111111111111000011110011111111111101010101010101010101010101010011111111111
1111111111111111000011110011111111110101010101010101010101010101010011111111111
1111111111111111000011110011111111110101010101010101010101010101010011111111111
1111111111111111000011110011111111010101010101010101010101010101010011111111111
1111111111111111000011110011111111010101010101010101010101010101010011111111111
1111111111111111000011110011111101010101010101010101010101010101010011111111111
1111111111111111000011110011111101010101010101010101010101010101010011111111111
1111111111111111000011110011110101010101010101010101010101010101010011111111111
1111111111111111000011110011110101010101010101010101010101010101010011111111111
1111111111111111000011110011010101010101010101010101010101010101010011111111111
1111111111111111000011110011010101010101010101010101010101010101010011111111111
1111111111111111000011110001010101010101010101010101010101010101010011111111111
1111111111111111000011110001010101010101010101010101010101010101010011111111111
1111111111111111000011110011010101010101010101010101010101010101010011111111111
1111111111111111000011110111010101010101010101010101010101010101010011111111111
1111111111111111000011111111010101010101010101010101010101010101010011111111111
1111111111111111000011111111010101010101010101010101010101010101010011111111111
1111111111111111000011111101010101010101010101010101010101010101010011111111111
1111111111111111000011111100010101010101010101010101010101010101010011111111111
1111111111111111000011111100110101010101010101010101010101010101010011111111111
1111111111111111000011111101110101010101010101010101010101010101010011111111111
1111111111111111000011111101110101010101010101010101010101010101010011111111111
1111111111111111000011111101100101010101010101010101010101010101010011111111111
1111111111111111000011111101101101010101010101010101010101010101010011111111111
1111111111111111000011111101111101010101010101010101010101010101010011111111111
1111111111111111000011111101111101010101010101010101010101010101010011111111111
1111111111111111000011111101111001010101010101010101010101010101010011111111111
1111111111111111000011111101111011010101010101010101010101010101010011111111111
1111111111111111000011111101111111010101010101010101010101010101010011111111111
1111111111111111000011111101111111010101010101010101010101010101010011111111111
1111111111111111000011111101111110010101010101010101010101010101010011111111111
1111111111111111000011111101111110110101010101010101010101010101010011111111111
1111111111111111000011111101111111110101010101010101010101010101010011111111111
1111111111111111000011111101111111110101010101010101010101010101010011111111111
1111111111111111000011111101111111100101010101010101010101010101010011111111111
1111111111111111000011111101111111101101010101010101010101010101010011111111111
1111111111111111000011111101111111111101010101010101010101010101010011111111111
1111111111111111000011111101111111111101010101010101010101010101010011111111111
1111111111111111000011111101111111111001010101010101010101010101010011111111111
1111111111111111000011111101111111111011010101010101010101010101010011111111111
1111111111111111000011111101111111111111010101010101010101010101010011111111111
1111111111111111000011111101111111111111010101010101010101010101010011111111111
1111111111111111000011111101111111111110010101010101010101010101010011111111111
1111111111111111000011111101111111111110110101010101010101010101010011111111111
1111111111111111000011111101111111111111110101010101010101010101010011111111111
1111111111111111000011111101111111111111110101010101010101010101010011111111111
1111111111111111000011111101111111111111100101010101010101010101010011111111111
1111111111111111000011111101111111111111101101010101010101010101010011111111111
1111111111111111000011111101111111111111111101010101010101010101010011111111111
1111111111111111000011111101111111111111111101010101010101010101010011111111111
1111111111111111000011111101111111111111111001010101010101010101010011111111111
1111111111111111000011111101111111111111111011010101010101010101010011111111111
1111111111111111000011111101111111111111111111010101010101010101010011111111111
1111111111111111000011111101111111111111111111010101010101010101010011111111111
1111111111111111000011111101111111111111111110010101010101010101010011111111111
1111111111111111000011111101111111111111111110110101010101010101010011111111111
1111111111111111000011111101111111111111111111110101010101010101010011111111111
1111111111111111000011111101111111111111111111110101010101010101010011111111111
1111111111111111000011111101111111111111111111100101010101010101010011111111111
1111111111111111000011111101111111111111111111101101010101010101010011111111111
1111111111111111000011111101111111111111111111111101010101010101010011111111111
1111111111111111000011111101111111111111111111111101010101010101010011111111111
1111111111111111000011111101111111111111111111111001010101010101010011111111111
1111111111111111000011111101111111111111111111111011010101010101010011111111111
1111111111111111000011111101111111111111111111111111010101010101010011111111111
1111111111111111000011111101111111111111111111111111010101010101010011111111111
1111111111111111000011111101111111111111111111111110010101010101010011111111111
1111111111111111000011111101111111111111111111111110110101010101010011111111111
1111111111111111000011111101111111111111111111111111110101010101010011111111111
1111111111111111000011111101111111111111111111111111110101010101010011111111111
1111111111111111000011111101111111111111111111111111100101010101010011111111111
1111111111111111000011111101111111111111111111111111101101010101010011111111111
1111111111111111000011111101111111111111111111111111111101010101010011111111111
1111111111111111000011111101111111111111111111111111111101010101010011111111111
1111111111111111000011111101111111111111111111111111111001010101010011111111111
1111111111111111000011111101111111111111111111111111111011010101010011111111111
1111111111111111000011111101111111111111111111111111111111010101010011111111111
1111111111111111000011111101111111111111111111111111111111010101010011111111111
1111111111111111000011111101111111111111111111111111111110010101010011111111111
1111111111111111000011111101111111111111111111111111111110110101010011111111111
1111111111111111000011111101111111111111111111111111111111110101010011111111111
1111111111111111000011111101111111111111111111111111111111110101010011111111111
1111111111111111000011111101111111111111111111111111111111100101010011111111111
1111111111111111000011111101111111111111111111111111111111101101010011111111111
1111111111111111000011111101111111111111111111111111111111111101010011111111111
1111111111111111000011111101111111111111111111111111111111111101010011111111111
1111111111111111000011111101111111111111111111111111111111111001010011111111111
1111111111111111000011111101111111111111111111111111111111111011010011111111111
1111111111111111000011111101111111111111111111111111111111111111010011111111111
1111111111111111000011111101111111111111111111111111111111111111010011111111111
1111111111111111000011111101111111111111111111111111111111111110010011111111111
1111111111111111000011111101111111111111111111111111111111111110110011111111111
1111111111111111000011111101111111111111111111111111111111111111110011111111111
1111111111111111000011111101111111111111111111111111111111111111110011111111111
1111111111111111000011111101111111111111111111111111111111111111100011111111111
1111111111111111000011111101111111111111111111111111111111111111101011111111111
1111111111111111000011111101111111111111111111111111111111111111111011111111111
1111111111111111000011111101111111111111111111111111111111111111111011111111111
1111111111111111000011111101111111111111111111111111111111111111111111111111111
1111111111111111000011111101111111111111111111111111111111111111110111111111111
1111111111111111000011111101111111111111111111111111111111111111100111111111111
1111111111111111000011111101111111111111111111111111111111111111100111111111111
1111111111111111000011111101111111111111111111111111111111111110100111111111111
1111111111111111000011111101111111111111111111111111111111111110100111111111111
1111111111111111000011111101111111111111111111111111111111111010100111111111111
1111111111111111000011111101111111111111111111111111111111111010100111111111111
1111111111111111000011111101111111111111111111111111111111101010100111111111111
1111111111111111000011111101111111111111111111111111111111101010100111111111111
1111111111111111000011111101111111111111111111111111111110101010100111111111111
1111111111111111000011111101111111111111111111111111111110101010100111111111111
1111111111111111000011111101111111111111111111111111111010101010100111111111111
1111111111111111000011111101111111111111111111111111111010101010100111111111111
1111111111111111000011111101111111111111111111111111101010101010100111111111111
1111111111111111000011111101111111111111111111111111101010101010100111111111111
1111111111111111000011111101111111111111111111111110101010101010100111111111111
1111111111111111000011111101111111111111111111111110101010101010100111111111111
1111111111111111000011111101111111111111111111111010101010101010100111111111111
1111111111111111000011111101111111111111111111111010101010101010100111111111111
1111111111111111000011111101111111111111111111101010101010101010100111111111111
1111111111111111000011111101111111111111111111101010101010101010100111111111111
1111111111111111000011111101111111111111111110101010101010101010100111111111111
1111111111111111000011111101111111111111111110101010101010101010100111111111111
1111111111111111000011111101111111111111111010101010101010101010100111111111111
1111111111111111000011111101111111111111111010101010101010101010100111111111111
1111111111111111000011111101111111111111101010101010101010101010100111111111111
1111111111111111000011111101111111111111101010101010101010101010100111111111111
1111111111111111000011111101111111111110101010101010101010101010100111111111111
1111111111111111000011111101111111111110101010101010101010101010100111111111111
1111111111111111000011111101111111111010101010101010101010101010100111111111111
1111111111111111000011111101111111111010101010101010101010101010100111111111111
1111111111111111000011111101111111101010101010101010101010101010100111111111111
1111111111111111000011111101111111101010101010101010101010101010100111111111111
1111111111111111000011111101111110101010101010101010101010101010100111111111111
1111111111111111000011111101111110101010101010101010101010101010100111111111111
1111111111111111000011111101111010101010101010101010101010101010100111111111111
1111111111111111000011111101111010101010101010101010101010101010100111111111111
1111111111111111000011111101101010101010101010101010101010101010100111111111111
1111111111111111000011111101101010101010101010101010101010101010100111111111111
1111111111111111000011111100101010101010101010101010101010101010100111111111111
1111111111111111000011111100101010101010101010101010101010101010100111111111111
1111111111111111000011111101101010101010101010101010101010101010100111111111111
1111111111111111000011111111101010101010101010101010101010101010100111111111111
1111111111111111000011111011101010101010101010101010101010101010100111111111111
1111111111111111000011110011101010101010101010101010101010101010100111111111111
1111111111111111000011110011101010101010101010101010101010101010100111111111111
1111111111111111000011010011101010101010101010101010101010101010100111111111111
1111111111111111000011010011101010101010101010101010101010101010100111111111111
1111111111111111000001010011101010101010101010101010101010101010100111111111111
1111111111111111000001010011101010101010101010101010101010101010100111111111111
1111111111111111000011010011101010101010101010101010101010101010100111111111111
1111111111111111000111010011101010101010101010101010101010101010100111111111111
1111111111111111001111010011101010101010101010101010101010101010100111111111111
1111111111111111001111010011101010101010101010101010101010101010100111111111111
1111111111111111001101010011101010101010101010101010101010101010100111111111111
1111111111111111001100010011101010101010101010101010101010101010100111111111111
1111111111111111001100110011101010101010101010101010101010101010100111111111111
1111111111111111001101110011101010101010101010101010101010101010100111111111111
1111111111111111001101110011101010101010101010101010101010101010100111111111111
1111111111111111001101100011101010101010101010101010101010101010100111111111111
1111111111111111001101101011101010101010101010101010101010101010100111111111111
1111111111111111001101111011101010101010101010101010101010101010100111111111111
1111111111111111001101111011101010101010101010101010101010101010100111111111111
1111111111111111001101111111101010101010101010101010101010101010100111111111111
1111111111111111001101110111101010101010101010101010101010101010100111111111111
1111111111111111001101100111101010101010101010101010101010101010100111111111111
1111111111111111001101100111101010101010101010101010101010101010100111111111111
1111111111111111001100100111101010101010101010101010101010101010100111111111111
1111111111111111001100100111101010101010101010101010101010101010100111111111111
1111111111111111001101100111101010101010101010101010101010101010100111111111111
1111111111111111001111100111101010101010101010101010101010101010100111111111111
1111111111111111001011100111101010101010101010101010101010101010100111111111111
1111111111111111000011100111101010101010101010101010101010101010100111111111111
1111111111111111000011100111101010101010101010101010101010101010100111111111111
1111111111111111001011100111101010101010101010101010101010101010100111111111111
1111111111111111011011100111101010101010101010101010101010101010100111111111111
1111111111111111111011100111101010101010101010101010101010101010100111111111111
1111111111111111111011100111101010101010101010101010101010101010100111111111111
1111111111111111110011100111101010101010101010101010101010101010100111111111111
1111111111111111110111100111101010101010101010101010101010101010100111111111111
1111111111111111111111100111101010101010101010101010101010101010100111111111111
1111111111111111111111100111101010101010101010101010101010101010100111111111111
1111111111111111111101100111101010101010101010101010101010101010100111111111111
1111111111111111111100100111101010101010101010101010101010101010100111111111111
1111111111111111111100000111101010101010101010101010101010101010100111111111111
1111111111111111111100010111101010101010101010101010101010101010100111111111111
1111111111111111111100110111101010101010101010101010101010101010100111111111111
1111111111111111111100110111101010101010101010101010101010101010100111111111111
1111111111111111111100111111101010101010101010101010101010101010100111111111111
1111111111111111111100101111101010101010101010101010101010101010100111111111111
1111111111111111111100001111101010101010101010101010101010101010100111111111111
1111111111111111111100001111101010101010101010101010101010101010100111111111111
1111111111111111111100101111101010101010101010101010101010101010100111111111111
1111111111111111111101101111101010101010101010101010101010101010100111111111111
1111111111111111111111101111101010101010101010101010101010101010100111111111111
1111111111111111111111101111101010101010101010101010101010101010100111111111111
1111111111111111111111001111101010101010101010101010101010101010100111111111111
1111111111111111111111011111101010101010101010101010101010101010100111111111111
1111111111111111111111111111101010101010101010101010101010101010100111111111111
1111111111111111111111111111101010101010101010101010101010101010100111111111111
1111111111111111111111110111101010101010101010101010101010101010100111111111111
1111111111111111111111110011101010101010101010101010101010101010100111111111111
1111111111111111111111110001101010101010101010101010101010101010100111111111111
1111111111111111111111110000101010101010101010101010101010101010100111111111111
1111111111111111111111110000001010101010101010101010101010101010100111111111111
1111111111111111111111110000011010101010101010101010101010101010100111111111111
1111111111111111111111110000111010101010101010101010101010101010100111111111111
1111111111111111111111110000111010101010101010101010101010101010100111111111111
1111111111111111111111110000110010101010101010101010101010101010100111111111111
1111111111111111111111110000110110101010101010101010101010101010100111111111111
1111111111111111111111110000111110101010101010101010101010101010100111111111111
1111111111111111111111110000111110101010101010101010101010101010100111111111111
1111111111111111111111110000111100101010101010101010101010101010100111111111111
1111111111111111111111110000111101101010101010101010101010101010100111111111111
1111111111111111111111110000111111101010101010101010101010101010100111111111111
1111111111111111111111110000111111101010101010101010101010101010100111111111111
1111111111111111111111110000111111001010101010101010101010101010100111111111111
1111111111111111111111110000111111011010101010101010101010101010100111111111111
1111111111111111111111110000111111111010101010101010101010101010100111111111111
1111111111111111111111110000111111111010101010101010101010101010100111111111111
1111111111111111111111110000111111110010101010101010101010101010100111111111111
1111111111111111111111110000111111110110101010101010101010101010100111111111111
1111111111111111111111110000111111111110101010101010101010101010100111111111111
1111111111111111111111110000111111111110101010101010101010101010100111111111111
1111111111111111111111110000111111111100101010101010101010101010100111111111111
1111111111111111111111110000111111111101101010101010101010101010100111111111111
1111111111111111111111110000111111111111101010101010101010101010100111111111111
1111111111111111111111110000111111111111101010101010101010101010100111111111111
1111111111111111111111110000111111111111001010101010101010101010100111111111111
1111111111111111111111110000111111111111011010101010101010101010100111111111111
1111111111111111111111110000111111111111111010101010101010101010100111111111111
1111111111111111111111110000111111111111111010101010101010101010100111111111111
1111111111111111111111110000111111111111110010101010101010101010100111111111111
1111111111111111111111110000111111111111110110101010101010101010100111111111111
1111111111111111111111110000111111111111111110101010101010101010100111111111111
1111111111111111111111110000111111111111111110101010101010101010100111111111111
1111111111111111111111110000111111111111111100101010101010101010100111111111111
1111111111111111111111110000111111111111111101101010101010101010100111111111111
1111111111111111111111110000111111111111111111101010101010101010100111111111111
1111111111111111111111110000111111111111111111101010101010101010100111111111111
1111111111111111111111110000111111111111111111001010101010101010100111111111111
1111111111111111111111110000111111111111111111011010101010101010100111111111111
1111111111111111111111110000111111111111111111111010101010101010100111111111111
1111111111111111111111110000111111111111111111111010101010101010100111111111111
1111111111111111111111110000111111111111111111110010101010101010100111111111111
1111111111111111111111110000111111111111111111110110101010101010100111111111111
1111111111111111111111110000111111111111111111111110101010101010100111111111111
1111111111111111111111110000111111111111111111111110101010101010100111111111111
1111111111111111111111110000111111111111111111111100101010101010100111111111111
1111111111111111111111110000111111111111111111111101101010101010100111111111111
1111111111111111111111110000111111111111111111111111101010101010100111111111111
1111111111111111111111110000111111111111111111111111101010101010100111111111111
1111111111111111111111110000111111111111111111111111001010101010100111111111111
1111111111111111111111110000111111111111111111111111011010101010100111111111111
1111111111111111111111110000111111111111111111111111111010101010100111111111111
1111111111111111111111110000111111111111111111111111111010101010100111111111111
1111111111111111111111110000111111111111111111111111110010101010100111111111111
1111111111111111111111110000111111111111111111111111110110101010100111111111111
1111111111111111111111110000111111111111111111111111111110101010100111111111111
1111111111111111111111110000111111111111111111111111111110101010100111111111111
1111111111111111111111110000111111111111111111111111111100101010100111111111111
1111111111111111111111110000111111111111111111111111111101101010100111111111111
1111111111111111111111110000111111111111111111111111111111101010100111111111111
1111111111111111111111110000111111111111111111111111111111101010100111111111111
1111111111111111111111110000111111111111111111111111111111001010100111111111111
1111111111111111111111110000111111111111111111111111111111011010100111111111111
1111111111111111111111110000111111111111111111111111111111111010100111111111111
1111111111111111111111110000111111111111111111111111111111111010100111111111111
1111111111111111111111110000111111111111111111111111111111110010100111111111111
1111111111111111111111110000111111111111111111111111111111110110100111111111111
1111111111111111111111110000111111111111111111111111111111111110100111111111111
1111111111111111111111110000111111111111111111111111111111111110100111111111111
1111111111111111111111110000111111111111111111111111111111111100100111111111111
1111111111111111111111110000111111111111111111111111111111111101100111111111111
1111111111111111111111110000111111111111111111111111111111111111100111111111111
1111111111111111111111110000111111111111111111111111111111111111100111111111111
1111111111111111111111110000111111111111111111111111111111111111000111111111111
1111111111111111111111110000111111111111111111111111111111111111010111111111111
1111111111111111111111110000111111111111111111111111111111111111110111111111111
1111111111111111111111110000111111111111111111111111111111111111110111111111111
1111111111111111111111110000111111111111111111111111111111111111111111111111111
1111111111111111111111110000111111111111111111111111111111111111101111111111111
1111111111111111111111110000111111111111111111111111111111111111001111111111111
1111111111111111111111110000111111111111111111111111111111111111001111111111111
1111111111111111111111110000111111111111111111111111111111111101001111111111111
1111111111111111111111110000111111111111111111111111111111111101001111111111111
1111111111111111111111110000111111111111111111111111111111110101001111111111111
1111111111111111111111110000111111111111111111111111111111110101001111111111111
1111111111111111111111110000111111111111111111111111111111010101001111111111111
1111111111111111111111110000111111111111111111111111111111010101001111111111111
1111111111111111111111110000111111111111111111111111111101010101001111111111111
1111111111111111111111110000111111111111111111111111111101010101001111111111111
1111111111111111111111110000111111111111111111111111110101010101001111111111111
1111111111111111111111110000111111111111111111111111110101010101001111111111111
1111111111111111111111110000111111111111111111111111010101010101001111111111111
1111111111111111111111110000111111111111111111111111010101010101001111111111111
1111111111111111111111110000111111111111111111111101010101010101001111111111111
1111111111111111111111110000111111111111111111111101010101010101001111111111111
1111111111111111111111110000111111111111111111110101010101010101001111111111111
1111111111111111111111110000111111111111111111110101010101010101001111111111111
1111111111111111111111110000111111111111111111010101010101010101001111111111111
1111111111111111111111110000111111111111111111010101010101010101001111111111111
1111111111111111111111110000111111111111111101010101010101010101001111111111111
1111111111111111111111110000111111111111111101010101010101010101001111111111111
1111111111111111111111110000111111111111110101010101010101010101001111111111111
1111111111111111111111110000111111111111110101010101010101010101001111111111111
1111111111111111111111110000111111111111010101010101010101010101001111111111111
1111111111111111111111110000111111111111010101010101010101010101001111111111111
1111111111111111111111110000111111111101010101010101010101010101001111111111111
1111111111111111111111110000111111111101010101010101010101010101001111111111111
1111111111111111111111110000111111110101010101010101010101010101001111111111111
1111111111111111111111110000111111110101010101010101010101010101001111111111111
1111111111111111111111110000111111010101010101010101010101010101001111111111111
1111111111111111111111110000111111010101010101010101010101010101001111111111111
1111111111111111111111110000111101010101010101010101010101010101001111111111111
1111111111111111111111110000111101010101010101010101010101010101001111111111111
1111111111111111111111110000110101010101010101010101010101010101001111111111111
1111111111111111111111110000110101010101010101010101010101010101001111111111111
1111111111111111111111110000010101010101010101010101010101010101001111111111111
1111111111111111111111110000010101010101010101010101010101010101001111111111111
1111111111111111111111110000110101010101010101010101010101010101001111111111111
1111111111111111111111110001110101010101010101010101010101010101001111111111111
1111111111111111111111110011110101010101010101010101010101010101001111111111111
1111111111111111111111110011110101010101010101010101010101010101001111111111111
1111111111111111111111110011010101010101010101010101010101010101001111111111111
1111111111111111111111110011000101010101010101010101010101010101001111111111111
1111111111111111111111110011001101010101010101010101010101010101001111111111111
1111111111111111111111110011011101010101010101010101010101010101001111111111111
1111111111111111111111110011011101010101010101010101010101010101001111111111111
1111111111111111111111110011011001010101010101010101010101010101001111111111111
1111111111111111111111110011011011010101010101010101010101010101001111111111111
1111111111111111111111110011011111010101010101010101010101010101001111111111111
1111111111111111111111110011011111010101010101010101010101010101001111111111111
1111111111111111111111110011011110010101010101010101010101010101001111111111111
1111111111111111111111110011011110110101010101010101010101010101001111111111111
1111111111111111111111110011011111110101010101010101010101010101001111111111111
1111111111111111111111110011011111110101010101010101010101010101001111111111111
1111111111111111111111110011011111100101010101010101010101010101001111111111111
1111111111111111111111110011011111101101010101010101010101010101001111111111111
1111111111111111111111110011011111111101010101010101010101010101001111111111111
1111111111111111111111110011011111111101010101010101010101010101001111111111111
1111111111111111111111110011011111111001010101010101010101010101001111111111111
1111111111111111111111110011011111111011010101010101010101010101001111111111111
1111111111111111111111110011011111111111010101010101010101010101001111111111111
1111111111111111111111110011011111111111010101010101010101010101001111111111111
1111111111111111111111110011011111111110010101010101010101010101001111111111111
1111111111111111111111110011011111111110110101010101010101010101001111111111111
1111111111111111111111110011011111111111110101010101010101010101001111111111111
1111111111111111111111110011011111111111110101010101010101010101001111111111111
1111111111111111111111110011011111111111100101010101010101010101001111111111111
1111111111111111111111110011011111111111101101010101010101010101001111111111111
1111111111111111111111110011011111111111111101010101010101010101001111111111111
1111111111111111111111110011011111111111111101010101010101010101001111111111111
1111111111111111111111110011011111111111111001010101010101010101001111111111111
1111111111111111111111110011011111111111111011010101010101010101001111111111111
1111111111111111111111110011011111111111111111010101010101010101001111111111111
1111111111111111111111110011011111111111111111010101010101010101001111111111111
1111111111111111111111110011011111111111111110010101010101010101001111111111111
1111111111111111111111110011011111111111111110110101010101010101001111111111111
1111111111111111111111110011011111111111111111110101010101010101001111111111111
1111111111111111111111110011011111111111111111110101010101010101001111111111111
1111111111111111111111110011011111111111111111100101010101010101001111111111111
1111111111111111111111110011011111111111111111101101010101010101001111111111111
1111111111111111111111110011011111111111111111111101010101010101001111111111111
1111111111111111111111110011011111111111111111111101010101010101001111111111111
1111111111111111111111110011011111111111111111111001010101010101001111111111111
1111111111111111111111110011011111111111111111111011010101010101001111111111111
1111111111111111111111110011011111111111111111111111010101010101001111111111111
1111111111111111111111110011011111111111111111111111010101010101001111111111111
1111111111111111111111110011011111111111111111111110010101010101001111111111111
1111111111111111111111110011011111111111111111111110110101010101001111111111111
1111111111111111111111110011011111111111111111111111110101010101001111111111111
1111111111111111111111110011011111111111111111111111110101010101001111111111111
1111111111111111111111110011011111111111111111111111100101010101001111111111111
1111111111111111111111110011011111111111111111111111101101010101001111111111111
1111111111111111111111110011011111111111111111111111111101010101001111111111111
1111111111111111111111110011011111111111111111111111111101010101001111111111111
1111111111111111111111110011011111111111111111111111111001010101001111111111111
1111111111111111111111110011011111111111111111111111111011010101001111111111111
1111111111111111111111110011011111111111111111111111111111010101001111111111111
1111111111111111111111110011011111111111111111111111111111010101001111111111111
1111111111111111111111110011011111111111111111111111111110010101001111111111111
1111111111111111111111110011011111111111111111111111111110110101001111111111111
1111111111111111111111110011011111111111111111111111111111110101001111111111111
1111111111111111111111110011011111111111111111111111111111110101001111111111111
1111111111111111111111110011011111111111111111111111111111100101001111111111111
1111111111111111111111110011011111111111111111111111111111101101001111111111111
1111111111111111111111110011011111111111111111111111111111111101001111111111111
1111111111111111111111110011011111111111111111111111111111111101001111111111111
1111111111111111111111110011011111111111111111111111111111111001001111111111111
1111111111111111111111110011011111111111111111111111111111111011001111111111111
1111111111111111111111110011011111111111111111111111111111111111001111111111111
1111111111111111111111110011011111111111111111111111111111111111001111111111111
1111111111111111111111110011011111111111111111111111111111111110001111111111111
1111111111111111111111110011011111111111111111111111111111111110101111111111111
1111111111111111111111110011011111111111111111111111111111111111101111111111111
1111111111111111111111110011011111111111111111111111111111111111101111111111111
1111111111111111111111110011011111111111111111111111111111111111111111111111111
1111111111111111111111110011011111111111111111111111111111111111011111111111111
1111111111111111111111110011011111111111111111111111111111111110011111111111111
1111111111111111111111110011011111111111111111111111111111111110011111111111111
1111111111111111111111110011011111111111111111111111111111111010011111111111111
1111111111111111111111110011011111111111111111111111111111111010011111111111111
1111111111111111111111110011011111111111111111111111111111101010011111111111111
1111111111111111111111110011011111111111111111111111111111101010011111111111111
1111111111111111111111110011011111111111111111111111111110101010011111111111111
1111111111111111111111110011011111111111111111111111111110101010011111111111111
1111111111111111111111110011011111111111111111111111111010101010011111111111111
1111111111111111111111110011011111111111111111111111111010101010011111111111111
1111111111111111111111110011011111111111111111111111101010101010011111111111111
1111111111111111111111110011011111111111111111111111101010101010011111111111111
1111111111111111111111110011011111111111111111111110101010101010011111111111111
1111111111111111111111110011011111111111111111111110101010101010011111111111111
1111111111111111111111110011011111111111111111111010101010101010011111111111111
1111111111111111111111110011011111111111111111111010101010101010011111111111111
1111111111111111111111110011011111111111111111101010101010101010011111111111111
1111111111111111111111110011011111111111111111101010101010101010011111111111111
1111111111111111111111110011011111111111111110101010101010101010011111111111111
1111111111111111111111110011011111111111111110101010101010101010011111111111111
1111111111111111111111110011011111111111111010101010101010101010011111111111111
1111111111111111111111110011011111111111111010101010101010101010011111111111111
1111111111111111111111110011011111111111101010101010101010101010011111111111111
1111111111111111111111110011011111111111101010101010101010101010011111111111111
1111111111111111111111110011011111111110101010101010101010101010011111111111111
1111111111111111111111110011011111111110101010101010101010101010011111111111111
1111111111111111111111110011011111111010101010101010101010101010011111111111111
1111111111111111111111110011011111111010101010101010101010101010011111111111111
1111111111111111111111110011011111101010101010101010101010101010011111111111111
1111111111111111111111110011011111101010101010101010101010101010011111111111111
1111111111111111111111110011011110101010101010101010101010101010011111111111111
1111111111111111111111110011011110101010101010101010101010101010011111111111111
1111111111111111111111110011011010101010101010101010101010101010011111111111111
1111111111111111111111110011011010101010101010101010101010101010011111111111111
1111111111111111111111110011001010101010101010101010101010101010011111111111111
1111111111111111111111110011001010101010101010101010101010101010011111111111111
1111111111111111111111110011011010101010101010101010101010101010011111111111111
1111111111111111111111110011111010101010101010101010101010101010011111111111111
1111111111111111111111110010111010101010101010101010101010101010011111111111111
1111111111111111111111110000111010101010101010101010101010101010011111111111111
1111111111111111111111110000111010101010101010101010101010101010011111111111111
1111111111111111111111110010111010101010101010101010101010101010011111111111111
1111111111111111111111110110111010101010101010101010101010101010011111111111111
1111111111111111111111111110111010101010101010101010101010101010011111111111111
1111111111111111111111111110111010101010101010101010101010101010011111111111111
1111111111111111111111111100111010101010101010101010101010101010011111111111111
1111111111111111111111111101111010101010101010101010101010101010011111111111111
1111111111111111111111111111111010101010101010101010101010101010011111111111111
1111111111111111111111111111111010101010101010101010101010101010011111111111111
1111111111111111111111111111011010101010101010101010101010101010011111111111111
1111111111111111111111111111001010101010101010101010101010101010011111111111111
1111111111111111111111111111000010101010101010101010101010101010011111111111111
1111111111111111111111111111000110101010101010101010101010101010011111111111111
1111111111111111111111111111001110101010101010101010101010101010011111111111111
1111111111111111111111111111001110101010101010101010101010101010011111111111111
1111111111111111111111111111001100101010101010101010101010101010011111111111111
1111111111111111111111111111001101101010101010101010101010101010011111111111111
1111111111111111111111111111001111101010101010101010101010101010011111111111111
1111111111111111111111111111001111101010101010101010101010101010011111111111111
1111111111111111111111111111001111001010101010101010101010101010011111111111111
1111111111111111111111111111001111011010101010101010101010101010011111111111111
1111111111111111111111111111001111111010101010101010101010101010011111111111111
1111111111111111111111111111001111111010101010101010101010101010011111111111111
1111111111111111111111111111001111110010101010101010101010101010011111111111111
1111111111111111111111111111001111110110101010101010101010101010011111111111111
1111111111111111111111111111001111111110101010101010101010101010011111111111111
1111111111111111111111111111001111111110101010101010101010101010011111111111111
1111111111111111111111111111001111111100101010101010101010101010011111111111111
1111111111111111111111111111001111111101101010101010101010101010011111111111111
1111111111111111111111111111001111111111101010101010101010101010011111111111111
1111111111111111111111111111001111111111101010101010101010101010011111111111111
1111111111111111111111111111001111111111001010101010101010101010011111111111111
1111111111111111111111111111001111111111011010101010101010101010011111111111111
1111111111111111111111111111001111111111111010101010101010101010011111111111111
1111111111111111111111111111001111111111111010101010101010101010011111111111111
1111111111111111111111111111001111111111110010101010101010101010011111111111111
1111111111111111111111111111001111111111110110101010101010101010011111111111111
1111111111111111111111111111001111111111111110101010101010101010011111111111111
1111111111111111111111111111001111111111111110101010101010101010011111111111111
1111111111111111111111111111001111111111111100101010101010101010011111111111111
1111111111111111111111111111001111111111111101101010101010101010011111111111111
1111111111111111111111111111001111111111111111101010101010101010011111111111111
1111111111111111111111111111001111111111111111101010101010101010011111111111111
1111111111111111111111111111001111111111111111001010101010101010011111111111111
1111111111111111111111111111001111111111111111011010101010101010011111111111111
1111111111111111111111111111001111111111111111111010101010101010011111111111111
1111111111111111111111111111001111111111111111111010101010101010011111111111111
1111111111111111111111111111001111111111111111110010101010101010011111111111111
1111111111111111111111111111001111111111111111110110101010101010011111111111111
1111111111111111111111111111001111111111111111111110101010101010011111111111111
1111111111111111111111111111001111111111111111111110101010101010011111111111111
1111111111111111111111111111001111111111111111111100101010101010011111111111111
1111111111111111111111111111001111111111111111111101101010101010011111111111111
1111111111111111111111111111001111111111111111111111101010101010011111111111111
1111111111111111111111111111001111111111111111111111101010101010011111111111111
1111111111111111111111111111001111111111111111111111001010101010011111111111111
1111111111111111111111111111001111111111111111111111011010101010011111111111111
1111111111111111111111111111001111111111111111111111111010101010011111111111111
1111111111111111111111111111001111111111111111111111111010101010011111111111111
1111111111111111111111111111001111111111111111111111110010101010011111111111111
1111111111111111111111111111001111111111111111111111110110101010011111111111111
1111111111111111111111111111001111111111111111111111111110101010011111111111111
1111111111111111111111111111001111111111111111111111111110101010011111111111111
1111111111111111111111111111001111111111111111111111111100101010011111111111111
1111111111111111111111111111001111111111111111111111111101101010011111111111111
1111111111111111111111111111001111111111111111111111111111101010011111111111111
1111111111111111111111111111001111111111111111111111111111101010011111111111111
1111111111111111111111111111001111111111111111111111111111001010011111111111111
1111111111111111111111111111001111111111111111111111111111011010011111111111111
1111111111111111111111111111001111111111111111111111111111111010011111111111111
1111111111111111111111111111001111111111111111111111111111111010011111111111111
1111111111111111111111111111001111111111111111111111111111110010011111111111111
1111111111111111111111111111001111111111111111111111111111110110011111111111111
1111111111111111111111111111001111111111111111111111111111111110011111111111111
1111111111111111111111111111001111111111111111111111111111111110011111111111111
1111111111111111111111111111001111111111111111111111111111111100011111111111111
1111111111111111111111111111001111111111111111111111111111111101011111111111111
1111111111111111111111111111001111111111111111111111111111111111011111111111111
1111111111111111111111111111001111111111111111111111111111111111011111111111111
1111111111111111111111111111001111111111111111111111111111111111111111111111111
1111111111111111111111111111001111111111111111111111111111111110111111111111111
1111111111111111111111111111001111111111111111111111111111111100111111111111111
1111111111111111111111111111001111111111111111111111111111111100111111111111111
1111111111111111111111111111001111111111111111111111111111110100111111111111111
1111111111111111111111111111001111111111111111111111111111110100111111111111111
1111111111111111111111111111001111111111111111111111111111010100111111111111111
1111111111111111111111111111001111111111111111111111111111010100111111111111111
1111111111111111111111111111001111111111111111111111111101010100111111111111111
1111111111111111111111111111001111111111111111111111111101010100111111111111111
1111111111111111111111111111001111111111111111111111110101010100111111111111111
1111111111111111111111111111001111111111111111111111110101010100111111111111111
1111111111111111111111111111001111111111111111111111010101010100111111111111111
1111111111111111111111111111001111111111111111111111010101010100111111111111111
1111111111111111111111111111001111111111111111111101010101010100111111111111111
1111111111111111111111111111001111111111111111111101010101010100111111111111111
1111111111111111111111111111001111111111111111110101010101010100111111111111111
1111111111111111111111111111001111111111111111110101010101010100111111111111111
1111111111111111111111111111001111111111111111010101010101010100111111111111111
1111111111111111111111111111001111111111111111010101010101010100111111111111111
1111111111111111111111111111001111111111111101010101010101010100111111111111111
1111111111111111111111111111001111111111111101010101010101010100111111111111111
1111111111111111111111111111001111111111110101010101010101010100111111111111111
1111111111111111111111111111001111111111110101010101010101010100111111111111111
1111111111111111111111111111001111111111010101010101010101010100111111111111111
1111111111111111111111111111001111111111010101010101010101010100111111111111111
1111111111111111111111111111001111111101010101010101010101010100111111111111111
1111111111111111111111111111001111111101010101010101010101010100111111111111111
1111111111111111111111111111001111110101010101010101010101010100111111111111111
1111111111111111111111111111001111110101010101010101010101010100111111111111111
1111111111111111111111111111001111010101010101010101010101010100111111111111111
1111111111111111111111111111001111010101010101010101010101010100111111111111111
1111111111111111111111111111001101010101010101010101010101010100111111111111111
1111111111111111111111111111001101010101010101010101010101010100111111111111111
1111111111111111111111111111000101010101010101010101010101010100111111111111111
1111111111111111111111111111000101010101010101010101010101010100111111111111111
1111111111111111111111111111001101010101010101010101010101010100111111111111111
1111111111111111111111111111011101010101010101010101010101010100111111111111111
1111111111111111111111111111111101010101010101010101010101010100111111111111111
1111111111111111111111111111111101010101010101010101010101010100111111111111111
1111111111111111111111111111110101010101010101010101010101010100111111111111111
1111111111111111111111111111110001010101010101010101010101010100111111111111111
1111111111111111111111111111110011010101010101010101010101010100111111111111111
1111111111111111111111111111110111010101010101010101010101010100111111111111111
1111111111111111111111111111110111010101010101010101010101010100111111111111111
1111111111111111111111111111110110010101010101010101010101010100111111111111111
1111111111111111111111111111110110110101010101010101010101010100111111111111111
1111111111111111111111111111110111110101010101010101010101010100111111111111111
1111111111111111111111111111110111110101010101010101010101010100111111111111111
1111111111111111111111111111110111100101010101010101010101010100111111111111111
1111111111111111111111111111110111101101010101010101010101010100111111111111111
1111111111111111111111111111110111111101010101010101010101010100111111111111111
1111111111111111111111111111110111111101010101010101010101010100111111111111111
1111111111111111111111111111110111111001010101010101010101010100111111111111111
1111111111111111111111111111110111111011010101010101010101010100111111111111111
1111111111111111111111111111110111111111010101010101010101010100111111111111111
1111111111111111111111111111110111111111010101010101010101010100111111111111111
1111111111111111111111111111110111111110010101010101010101010100111111111111111
1111111111111111111111111111110111111110110101010101010101010100111111111111111
1111111111111111111111111111110111111111110101010101010101010100111111111111111
1111111111111111111111111111110111111111110101010101010101010100111111111111111
1111111111111111111111111111110111111111100101010101010101010100111111111111111
1111111111111111111111111111110111111111101101010101010101010100111111111111111
1111111111111111111111111111110111111111111101010101010101010100111111111111111
1111111111111111111111111111110111111111111101010101010101010100111111111111111
1111111111111111111111111111110111111111111001010101010101010100111111111111111
1111111111111111111111111111110111111111111011010101010101010100111111111111111
1111111111111111111111111111110111111111111111010101010101010100111111111111111
1111111111111111111111111111110111111111111111010101010101010100111111111111111
1111111111111111111111111111110111111111111110010101010101010100111111111111111
1111111111111111111111111111110111111111111110110101010101010100111111111111111
1111111111111111111111111111110111111111111111110101010101010100111111111111111
1111111111111111111111111111110111111111111111110101010101010100111111111111111
1111111111111111111111111111110111111111111111100101010101010100111111111111111
1111111111111111111111111111110111111111111111101101010101010100111111111111111
1111111111111111111111111111110111111111111111111101010101010100111111111111111
1111111111111111111111111111110111111111111111111101010101010100111111111111111
1111111111111111111111111111110111111111111111111001010101010100111111111111111
1111111111111111111111111111110111111111111111111011010101010100111111111111111
1111111111111111111111111111110111111111111111111111010101010100111111111111111
1111111111111111111111111111110111111111111111111111010101010100111111111111111
1111111111111111111111111111110111111111111111111110010101010100111111111111111
1111111111111111111111111111110111111111111111111110110101010100111111111111111
1111111111111111111111111111110111111111111111111111110101010100111111111111111
1111111111111111111111111111110111111111111111111111110101010100111111111111111
1111111111111111111111111111110111111111111111111111100101010100111111111111111
1111111111111111111111111111110111111111111111111111101101010100111111111111111
1111111111111111111111111111110111111111111111111111111101010100111111111111111
1111111111111111111111111111110111111111111111111111111101010100111111111111111
1111111111111111111111111111110111111111111111111111111001010100111111111111111
1111111111111111111111111111110111111111111111111111111011010100111111111111111
1111111111111111111111111111110111111111111111111111111111010100111111111111111
1111111111111111111111111111110111111111111111111111111111010100111111111111111
1111111111111111111111111111110111111111111111111111111110010100111111111111111
1111111111111111111111111111110111111111111111111111111110110100111111111111111
1111111111111111111111111111110111111111111111111111111111110100111111111111111
1111111111111111111111111111110111111111111111111111111111110100111111111111111
1111111111111111111111111111110111111111111111111111111111100100111111111111111
1111111111111111111111111111110111111111111111111111111111101100111111111111111
1111111111111111111111111111110111111111111111111111111111111100111111111111111
1111111111111111111111111111110111111111111111111111111111111100111111111111111
1111111111111111111111111111110111111111111111111111111111111000111111111111111
1111111111111111111111111111110111111111111111111111111111111010111111111111111
1111111111111111111111111111110111111111111111111111111111111110111111111111111
1111111111111111111111111111110111111111111111111111111111111110111111111111111
1111111111111111111111111111110111111111111111111111111111111111111111111111111
1111111111111111111111111111110111111111111111111111111111111101111111111111111
1111111111111111111111111111110111111111111111111111111111111001111111111111111
1111111111111111111111111111110111111111111111111111111111111001111111111111111
1111111111111111111111111111110111111111111111111111111111101001111111111111111
1111111111111111111111111111110111111111111111111111111111101001111111111111111
1111111111111111111111111111110111111111111111111111111110101001111111111111111
1111111111111111111111111111110111111111111111111111111110101001111111111111111
1111111111111111111111111111110111111111111111111111111010101001111111111111111
1111111111111111111111111111110111111111111111111111111010101001111111111111111
1111111111111111111111111111110111111111111111111111101010101001111111111111111
1111111111111111111111111111110111111111111111111111101010101001111111111111111
1111111111111111111111111111110111111111111111111110101010101001111111111111111
1111111111111111111111111111110111111111111111111110101010101001111111111111111
1111111111111111111111111111110111111111111111111010101010101001111111111111111
1111111111111111111111111111110111111111111111111010101010101001111111111111111
1111111111111111111111111111110111111111111111101010101010101001111111111111111
1111111111111111111111111111110111111111111111101010101010101001111111111111111
1111111111111111111111111111110111111111111110101010101010101001111111111111111
1111111111111111111111111111110111111111111110101010101010101001111111111111111
1111111111111111111111111111110111111111111010101010101010101001111111111111111
1111111111111111111111111111110111111111111010101010101010101001111111111111111
1111111111111111111111111111110111111111101010101010101010101001111111111111111
1111111111111111111111111111110111111111101010101010101010101001111111111111111
1111111111111111111111111111110111111110101010101010101010101001111111111111111
1111111111111111111111111111110111111110101010101010101010101001111111111111111
1111111111111111111111111111110111111010101010101010101010101001111111111111111
1111111111111111111111111111110111111010101010101010101010101001111111111111111
1111111111111111111111111111110111101010101010101010101010101001111111111111111
1111111111111111111111111111110111101010101010101010101010101001111111111111111
1111111111111111111111111111110110101010101010101010101010101001111111111111111
1111111111111111111111111111110110101010101010101010101010101001111111111111111
1111111111111111111111111111110010101010101010101010101010101001111111111111111
1111111111111111111111111111110010101010101010101010101010101001111111111111111
1111111111111111111111111111110110101010101010101010101010101001111111111111111
1111111111111111111111111111111110101010101010101010101010101001111111111111111
1111111111111111111111111111101110101010101010101010101010101001111111111111111
1111111111111111111111111111001110101010101010101010101010101001111111111111111
1111111111111111111111111111001110101010101010101010101010101001111111111111111
1111111111111111111111111101001110101010101010101010101010101001111111111111111
1111111111111111111111111101001110101010101010101010101010101001111111111111111
1111111111111111111111110101001110101010101010101010101010101001111111111111111
1111111111111111111111110101001110101010101010101010101010101001111111111111111
1111111111111111111111010101001110101010101010101010101010101001111111111111111
1111111111111111111111010101001110101010101010101010101010101001111111111111111
1111111111111111111101010101001110101010101010101010101010101001111111111111111
1111111111111111111101010101001110101010101010101010101010101001111111111111111
1111111111111111110101010101001110101010101010101010101010101001111111111111111
1111111111111111110101010101001110101010101010101010101010101001111111111111111
1111111111111111010101010101001110101010101010101010101010101001111111111111111
1111111111111111010101010101001110101010101010101010101010101001111111111111111
1111111111111101010101010101001110101010101010101010101010101001111111111111111
1111111111111101010101010101001110101010101010101010101010101001111111111111111
1111111111110101010101010101001110101010101010101010101010101001111111111111111
1111111111110101010101010101001110101010101010101010101010101001111111111111111
1111111111010101010101010101001110101010101010101010101010101001111111111111111
1111111111010101010101010101001110101010101010101010101010101001111111111111111
1111111101010101010101010101001110101010101010101010101010101001111111111111111
1111111101010101010101010101001110101010101010101010101010101001111111111111111
1111110101010101010101010101001110101010101010101010101010101001111111111111111
1111110101010101010101010101001110101010101010101010101010101001111111111111111
1111010101010101010101010101001110101010101010101010101010101001111111111111111
1111010101010101010101010101001110101010101010101010101010101001111111111111111
1101010101010101010101010101001110101010101010101010101010101001111111111111111
1101010101010101010101010101001110101010101010101010101010101001111111111111111
00101010101010101010101010101001110101010101010101010101010101001111111111111111
00101010101010101010101010101001110101010101010101010101010101001111111111111111
01101010101010101010101010101001110101010101010101010101010101001111111111111111
011101010101010101010101010101001110101010101010101010101010101001111111111111111
111101010101010101010101010101001110101010101010101010101010101001111111111111111
111101010101010101010101010101001110101010101010101010101010101001111111111111111
110101010101010101010101010101001110101010101010101010101010101001111111111111111
110001010101010101010101010101001110101010101010101010101010101001111111111111111
110011010101010101010101010101001110101010101010101010101010101001111111111111111
110111010101010101010101010101001110101010101010101010101010101001111111111111111
110111010101010101010101010101001110101010101010101010101010101001111111111111111
110110010101010101010101010101001110101010101010101010101010101001111111111111111
110110110101010101010101010101001110101010101010101010101010101001111111111111111
110111110101010101010101010101001110101010101010101010101010101001111111111111111
110111110101010101010101010101001110101010101010101010101010101001111111111111111
110111100101010101010101010101001110101010101010101010101010101001111111111111111
110111101101010101010101010101001110101010101010101010101010101001111111111111111
110111111101010101010101010101001110101010101010101010101010101001111111111111111
110111111101010101010101010101001110101010101010101010101010101001111111111111111
110111111001010101010101010101001110101010101010101010101010101001111111111111111
110111111011010101010101010101001110101010101010101010101010101001111111111111111
110111111111010101010101010101001110101010101010101010101010101001111111111111111
110111111111010101010101010101001110101010101010101010101010101001111111111111111
110111111110010101010101010101001110101010101010101010101010101001111111111111111
110111111110110101010101010101001110101010101010101010101010101001111111111111111
110111111111110101010101010101001110101010101010101010101010101001111111111111111
110111111111110101010101010101001110101010101010101010101010101001111111111111111
110111111111100101010101010101001110101010101010101010101010101001111111111111111
110111111111101101010101010101001110101010101010101010101010101001111111111111111
110111111111111101010101010101001110101010101010101010101010101001111111111111111
110111111111111101010101010101001110101010101010101010101010101001111111111111111
110111111111111001010101010101001110101010101010101010101010101001111111111111111
110111111111111011010101010101001110101010101010101010101010101001111111111111111
110111111111111111010101010101001110101010101010101010101010101001111111111111111
110111111111111111010101010101001110101010101010101010101010101001111111111111111
110111111111111110010101010101001110101010101010101010101010101001111111111111111
110111111111111110110101010101001110101010101010101010101010101001111111111111111
110111111111111111110101010101001110101010101010101010101010101001111111111111111
110111111111111111110101010101001110101010101010101010101010101001111111111111111
110111111111111111100101010101001110101010101010101010101010101001111111111111111
110111111111111111101101010101001110101010101010101010101010101001111111111111111
110111111111111111111101010101001110101010101010101010101010101001111111111111111
110111111111111111111101010101001110101010101010101010101010101001111111111111111
110111111111111111111001010101001110101010101010101010101010101001111111111111111
110111111111111111111011010101001110101010101010101010101010101001111111111111111
110111111111111111111111010101001110101010101010101010101010101001111111111111111
110111111111111111111111010101001110101010101010101010101010101001111111111111111
110111111111111111111110010101001110101010101010101010101010101001111111111111111
110111111111111111111110110101001110101010101010101010101010101001111111111111111
110111111111111111111111110101001110101010101010101010101010101001111111111111111
110111111111111111111111110101001110101010101010101010101010101001111111111111111
110111111111111111111111100101001110101010101010101010101010101001111111111111111
110111111111111111111111101101001110101010101010101010101010101001111111111111111
110111111111111111111111111101001110101010101010101010101010101001111111111111111
110111111111111111111111111101001110101010101010101010101010101001111111111111111
110111111111111111111111111001001110101010101010101010101010101001111111111111111
110111111111111111111111111011001110101010101010101010101010101001111111111111111
110111111111111111111111111111001110101010101010101010101010101001111111111111111
110111111111111111111111111111001110101010101010101010101010101001111111111111111
110111111111111111111111111110001110101010101010101010101010101001111111111111111
110111111111111111111111111110101110101010101010101010101010101001111111111111111
110111111111111111111111111111101110101010101010101010101010101001111111111111111
110111111111111111111111111111101110101010101010101010101010101001111111111111111
110111111111111111111111111111111110101010101010101010101010101001111111111111111
110111111111111111111111111111011110101010101010101010101010101001111111111111111
110111111111111111111111111110011110101010101010101010101010101001111111111111111
110111111111111111111111111110011110101010101010101010101010101001111111111111111
110111111111111111111111111010011110101010101010101010101010101001111111111111111
110111111111111111111111111010011110101010101010101010101010101001111111111111111
110111111111111111111111101010011110101010101010101010101010101001111111111111111
110111111111111111111111101010011110101010101010101010101010101001111111111111111
110111111111111111111110101010011110101010101010101010101010101001111111111111111
110111111111111111111110101010011110101010101010101010101010101001111111111111111
110111111111111111111010101010011110101010101010101010101010101001111111111111111
110111111111111111111010101010011110101010101010101010101010101001111111111111111
110111111111111111101010101010011110101010101010101010101010101001111111111111111
110111111111111111101010101010011110101010101010101010101010101001111111111111111
110111111111111110101010101010011110101010101010101010101010101001111111111111111
110111111111111110101010101010011110101010101010101010101010101001111111111111111
110111111111111010101010101010011110101010101010101010101010101001111111111111111
110111111111111010101010101010011110101010101010101010101010101001111111111111111
110111111111101010101010101010011110101010101010101010101010101001111111111111111
110111111111101010101010101010011110101010101010101010101010101001111111111111111
110111111110101010101010101010011110101010101010101010101010101001111111111111111
110111111110101010101010101010011110101010101010101010101010101001111111111111111
110111111010101010101010101010011110101010101010101010101010101001111111111111111
110111111010101010101010101010011110101010101010101010101010101001111111111111111
110111101010101010101010101010011110101010101010101010101010101001111111111111111
110111101010101010101010101010011110101010101010101010101010101001111111111111111
110110101010101010101010101010011110101010101010101010101010101001111111111111111
110110101010101010101010101010011110101010101010101010101010101001111111111111111
110010101010101010101010101010011110101010101010101010101010101001111111111111111
110010101010101010101010101010011110101010101010101010101010101001111111111111111
110110101010101010101010101010011110101010101010101010101010101001111111111111111
111110101010101010101010101010011110101010101010101010101010101001111111111111111
101110101010101010101010101010011110101010101010101010101010101001111111111111111
0001110101010101010101010101010011110101010101010101010101010101001111111111111111
0001110101010101010101010101010011110101010101010101010101010101001111111111111111
0101110101010101010101010101010011110101010101010101010101010101001111111111111111
01101110101010101010101010101010011110101010101010101010101010101001111111111111111
11101110101010101010101010101010011110101010101010101010101010101001111111111111111
11101110101010101010101010101010011110101010101010101010101010101001111111111111111
11001110101010101010101010101010011110101010101010101010101010101001111111111111111
11011110101010101010101010101010011110101010101010101010101010101001111111111111111
11111110101010101010101010101010011110101010101010101010101010101001111111111111111
11111110101010101010101010101010011110101010101010101010101010101001111111111111111
11110110101010101010101010101010011110101010101010101010101010101001111111111111111
11110010101010101010101010101010011110101010101010101010101010101001111111111111111
11110000101010101010101010101010011110101010101010101010101010101001111111111111111
11110001101010101010101010101010011110101010101010101010101010101001111111111111111
11110011101010101010101010101010011110101010101010101010101010101001111111111111111
11110011101010101010101010101010011110101010101010101010101010101001111111111111111
11110011001010101010101010101010011110101010101010101010101010101001111111111111111
11110011011010101010101010101010011110101010101010101010101010101001111111111111111
11110011111010101010101010101010011110101010101010101010101010101001111111111111111
11110011111010101010101010101010011110101010101010101010101010101001111111111111111
11110011110010101010101010101010011110101010101010101010101010101001111111111111111
11110011110110101010101010101010011110101010101010101010101010101001111111111111111
11110011111110101010101010101010011110101010101010101010101010101001111111111111111
11110011111110101010101010101010011110101010101010101010101010101001111111111111111
11110011111100101010101010101010011110101010101010101010101010101001111111111111111
11110011111101101010101010101010011110101010101010101010101010101001111111111111111
11110011111111101010101010101010011110101010101010101010101010101001111111111111111
11110011111111101010101010101010011110101010101010101010101010101001111111111111111
11110011111111001010101010101010011110101010101010101010101010101001111111111111111
11110011111111011010101010101010011110101010101010101010101010101001111111111111111
11110011111111111010101010101010011110101010101010101010101010101001111111111111111
11110011111111111010101010101010011110101010101010101010101010101001111111111111111
11110011111111110010101010101010011110101010101010101010101010101001111111111111111
11110011111111110110101010101010011110101010101010101010101010101001111111111111111
11110011111111111110101010101010011110101010101010101010101010101001111111111111111
11110011111111111110101010101010011110101010101010101010101010101001111111111111111
11110011111111111100101010101010011110101010101010101010101010101001111111111111111
11110011111111111101101010101010011110101010101010101010101010101001111111111111111
11110011111111111111101010101010011110101010101010101010101010101001111111111111111
11110011111111111111101010101010011110101010101010101010101010101001111111111111111
11110011111111111111001010101010011110101010101010101010101010101001111111111111111
11110011111111111111011010101010011110101010101010101010101010101001111111111111111
11110011111111111111111010101010011110101010101010101010101010101001111111111111111
11110011111111111111111010101010011110101010101010101010101010101001111111111111111
11110011111111111111110010101010011110101010101010101010101010101001111111111111111
11110011111111111111110110101010011110101010101010101010101010101001111111111111111
11110011111111111111111110101010011110101010101010101010101010101001111111111111111
11110011111111111111111110101010011110101010101010101010101010101001111111111111111
11110011111111111111111100101010011110101010101010101010101010101001111111111111111
11110011111111111111111101101010011110101010101010101010101010101001111111111111111
11110011111111111111111111101010011110101010101010101010101010101001111111111111111
11110011111111111111111111101010011110101010101010101010101010101001111111111111111
11110011111111111111111111001010011110101010101010101010101010101001111111111111111
11110011111111111111111111011010011110101010101010101010101010101001111111111111111
11110011111111111111111111111010011110101010101010101010101010101001111111111111111
11110011111111111111111111111010011110101010101010101010101010101001111111111111111
11110011111111111111111111110010011110101010101010101010101010101001111111111111111
11110011111111111111111111110110011110101010101010101010101010101001111111111111111
11110011111111111111111111111110011110101010101010101010101010101001111111111111111
11110011111111111111111111111110011110101010101010101010101010101001111111111111111
11110011111111111111111111111100011110101010101010101010101010101001111111111111111
11110011111111111111111111111101011110101010101010101010101010101001111111111111111
11110011111111111111111111111111011110101010101010101010101010101001111111111111111
11110011111111111111111111111111011110101010101010101010101010101001111111111111111
11110011111111111111111111111111111110101010101010101010101010101001111111111111111
11110011111111111111111111111110111110101010101010101010101010101001111111111111111
11110011111111111111111111111100111110101010101010101010101010101001111111111111111
11110011111111111111111111111100111110101010101010101010101010101001111111111111111
11110011111111111111111111110100111110101010101010101010101010101001111111111111111
11110011111111111111111111110100111110101010101010101010101010101001111111111111111
11110011111111111111111111010100111110101010101010101010101010101001111111111111111
11110011111111111111111111010100111110101010101010101010101010101001111111111111111
11110011111111111111111101010100111110101010101010101010101010101001111111111111111
11110011111111111111111101010100111110101010101010101010101010101001111111111111111
11110011111111111111110101010100111110101010101010101010101010101001111111111111111
11110011111111111111110101010100111110101010101010101010101010101001111111111111111
11110011111111111111010101010100111110101010101010101010101010101001111111111111111
11110011111111111111010101010100111110101010101010101010101010101001111111111111111
11110011111111111101010101010100111110101010101010101010101010101001111111111111111
11110011111111111101010101010100111110101010101010101010101010101001111111111111111
11110011111111110101010101010100111110101010101010101010101010101001111111111111111
11110011111111110101010101010100111110101010101010101010101010101001111111111111111
11110011111111010101010101010100111110101010101010101010101010101001111111111111111
11110011111111010101010101010100111110101010101010101010101010101001111111111111111
11110011111101010101010101010100111110101010101010101010101010101001111111111111111
11110011111101010101010101010100111110101010101010101010101010101001111111111111111
11110011110101010101010101010100111110101010101010101010101010101001111111111111111
11110011110101010101010101010100111110101010101010101010101010101001111111111111111
11110011010101010101010101010100111110101010101010101010101010101001111111111111111
11110011010101010101010101010100111110101010101010101010101010101001111111111111111
11110001010101010101010101010100111110101010101010101010101010101001111111111111111
11110001010101010101010101010100111110101010101010101010101010101001111111111111111
11110011010101010101010101010100111110101010101010101010101010101001111111111111111
11110111010101010101010101010100111110101010101010101010101010101001111111111111111
11111111010101010101010101010100111110101010101010101010101010101001111111111111111
11111111010101010101010101010100111110101010101010101010101010101001111111111111111
11111101010101010101010101010100111110101010101010101010101010101001111111111111111
11111100010101010101010101010100111110101010101010101010101010101001111111111111111
11111100110101010101010101010100111110101010101010101010101010101001111111111111111
11111101110101010101010101010100111110101010101010101010101010101001111111111111111
11111101110101010101010101010100111110101010101010101010101010101001111111111111111
11111101100101010101010101010100111110101010101010101010101010101001111111111111111
11111101101101010101010101010100111110101010101010101010101010101001111111111111111
11111101111101010101010101010100111110101010101010101010101010101001111111111111111
11111101111101010101010101010100111110101010101010101010101010101001111111111111111
11111101111001010101010101010100111110101010101010101010101010101001111111111111111
11111101111011010101010101010100111110101010101010101010101010101001111111111111111
11111101111111010101010101010100111110101010101010101010101010101001111111111111111
11111101111111010101010101010100111110101010101010101010101010101001111111111111111
11111101111110010101010101010100111110101010101010101010101010101001111111111111111
11111101111110110101010101010100111110101010101010101010101010101001111111111111111
11111101111111110101010101010100111110101010101010101010101010101001111111111111111
11111101111111110101010101010100111110101010101010101010101010101001111111111111111
11111101111111100101010101010100111110101010101010101010101010101001111111111111111
11111101111111101101010101010100111110101010101010101010101010101001111111111111111
11111101111111111101010101010100111110101010101010101010101010101001111111111111111
11111101111111111101010101010100111110101010101010101010101010101001111111111111111
11111101111111111001010101010100111110101010101010101010101010101001111111111111111
11111101111111111011010101010100111110101010101010101010101010101001111111111111111
11111101111111111111010101010100111110101010101010101010101010101001111111111111111
11111101111111111111010101010100111110101010101010101010101010101001111111111111111
11111101111111111110010101010100111110101010101010101010101010101001111111111111111
11111101111111111110110101010100111110101010101010101010101010101001111111111111111
11111101111111111111110101010100111110101010101010101010101010101001111111111111111
11111101111111111111110101010100111110101010101010101010101010101001111111111111111
11111101111111111111100101010100111110101010101010101010101010101001111111111111111
11111101111111111111101101010100111110101010101010101010101010101001111111111111111
11111101111111111111111101010100111110101010101010101010101010101001111111111111111
11111101111111111111111101010100111110101010101010101010101010101001111111111111111
11111101111111111111111001010100111110101010101010101010101010101001111111111111111
11111101111111111111111011010100111110101010101010101010101010101001111111111111111
11111101111111111111111111010100111110101010101010101010101010101001111111111111111
11111101111111111111111111010100111110101010101010101010101010101001111111111111111
11111101111111111111111110010100111110101010101010101010101010101001111111111111111
11111101111111111111111110110100111110101010101010101010101010101001111111111111111
11111101111111111111111111110100111110101010101010101010101010101001111111111111111
11111101111111111111111111110100111110101010101010101010101010101001111111111111111
11111101111111111111111111100100111110101010101010101010101010101001111111111111111
11111101111111111111111111101100111110101010101010101010101010101001111111111111111
11111101111111111111111111111100111110101010101010101010101010101001111111111111111
11111101111111111111111111111100111110101010101010101010101010101001111111111111111
11111101111111111111111111111000111110101010101010101010101010101001111111111111111
11111101111111111111111111111010111110101010101010101010101010101001111111111111111
11111101111111111111111111111110111110101010101010101010101010101001111111111111111
11111101111111111111111111111110111110101010101010101010101010101001111111111111111
11111101111111111111111111111111111110101010101010101010101010101001111111111111111
11111101111111111111111111111101111110101010101010101010101010101001111111111111111
11111101111111111111111111111001111110101010101010101010101010101001111111111111111
11111101111111111111111111111001111110101010101010101010101010101001111111111111111
11111101111111111111111111101001111110101010101010101010101010101001111111111111111
11111101111111111111111111101001111110101010101010101010101010101001111111111111111
11111101111111111111111110101001111110101010101010101010101010101001111111111111111
11111101111111111111111110101001111110101010101010101010101010101001111111111111111
11111101111111111111111010101001111110101010101010101010101010101001111111111111111
11111101111111111111111010101001111110101010101010101010101010101001111111111111111
11111101111111111111101010101001111110101010101010101010101010101001111111111111111
11111101111111111111101010101001111110101010101010101010101010101001111111111111111
11111101111111111110101010101001111110101010101010101010101010101001111111111111111
11111101111111111110101010101001111110101010101010101010101010101001111111111111111
11111101111111111010101010101001111110101010101010101010101010101001111111111111111
11111101111111111010101010101001111110101010101010101010101010101001111111111111111
11111101111111101010101010101001111110101010101010101010101010101001111111111111111
11111101111111101010101010101001111110101010101010101010101010101001111111111111111
11111101111110101010101010101001111110101010101010101010101010101001111111111111111
11111101111110101010101010101001111110101010101010101010101010101001111111111111111
11111101111010101010101010101001111110101010101010101010101010101001111111111111111
11111101111010101010101010101001111110101010101010101010101010101001111111111111111
11111101101010101010101010101001111110101010101010101010101010101001111111111111111
11111101101010101010101010101001111110101010101010101010101010101001111111111111111
11111100101010101010101010101001111110101010101010101010101010101001111111111111111
11111100101010101010101010101001111110101010101010101010101010101001111111111111111
11111101101010101010101010101001111110101010101010101010101010101001111111111111111
11111111101010101010101010101001111110101010101010101010101010101001111111111111111
11111011101010101010101010101001111110101010101010101010101010101001111111111111111
11110011101010101010101010101001111110101010101010101010101010101001111111111111111
11110011101010101010101010101001111110101010101010101010101010101001111111111111111
11010011101010101010101010101001111110101010101010101010101010101001111111111111111
11010011101010101010101010101001111110101010101010101010101010101001111111111111111
001010011101010101010101010101001111110101010101010101010101010101001111111111111111
001010011101010101010101010101001111110101010101010101010101010101001111111111111111
011010011101010101010101010101001111110101010101010101010101010101001111111111111111
0111010011101010101010101010101001111110101010101010101010101010101001111111111111111
1111010011101010101010101010101001111110101010101010101010101010101001111111111111111
1111010011101010101010101010101001111110101010101010101010101010101001111111111111111
1101010011101010101010101010101001111110101010101010101010101010101001111111111111111
1100010011101010101010101010101001111110101010101010101010101010101001111111111111111
1100110011101010101010101010101001111110101010101010101010101010101001111111111111111
1101110011101010101010101010101001111110101010101010101010101010101001111111111111111
1101110011101010101010101010101001111110101010101010101010101010101001111111111111111
1101100011101010101010101010101001111110101010101010101010101010101001111111111111111
1101101011101010101010101010101001111110101010101010101010101010101001111111111111111
1101111011101010101010101010101001111110101010101010101010101010101001111111111111111
1101111011101010101010101010101001111110101010101010101010101010101001111111111111111
1101111111101010101010101010101001111110101010101010101010101010101001111111111111111
1101110111101010101010101010101001111110101010101010101010101010101001111111111111111
1101100111101010101010101010101001111110101010101010101010101010101001111111111111111
1101100111101010101010101010101001111110101010101010101010101010101001111111111111111
1100100111101010101010101010101001111110101010101010101010101010101001111111111111111
1100100111101010101010101010101001111110101010101010101010101010101001111111111111111
1101100111101010101010101010101001111110101010101010101010101010101001111111111111111
1111100111101010101010101010101001111110101010101010101010101010101001111111111111111
1011100111101010101010101010101001111110101010101010101010101010101001111111111111111
00011100111101010101010101010101001111110101010101010101010101010101001111111111111111
00011100111101010101010101010101001111110101010101010101010101010101001111111111111111
01011100111101010101010101010101001111110101010101010101010101010101001111111111111111
011011100111101010101010101010101001111110101010101010101010101010101001111111111111111
111011100111101010101010101010101001111110101010101010101010101010101001111111111111111
111011100111101010101010101010101001111110101010101010101010101010101001111111111111111
110011100111101010101010101010101001111110101010101010101010101010101001111111111111111
110111100111101010101010101010101001111110101010101010101010101010101001111111111111111
111111100111101010101010101010101001111110101010101010101010101010101001111111111111111
111111100111101010101010101010101001111110101010101010101010101010101001111111111111111
111101100111101010101010101010101001111110101010101010101010101010101001111111111111111
111100100111101010101010101010101001111110101010101010101010101010101001111111111111111
111100000111101010101010101010101001111110101010101010101010101010101001111111111111111
111100010111101010101010101010101001111110101010101010101010101010101001111111111111111
111100110111101010101010101010101001111110101010101010101010101010101001111111111111111
111100110111101010101010101010101001111110101010101010101010101010101001111111111111111
111100111111101010101010101010101001111110101010101010101010101010101001111111111111111
111100101111101010101010101010101001111110101010101010101010101010101001111111111111111
111100001111101010101010101010101001111110101010101010101010101010101001111111111111111
111100001111101010101010101010101001111110101010101010101010101010101001111111111111111
111100101111101010101010101010101001111110101010101010101010101010101001111111111111111
111101101111101010101010101010101001111110101010101010101010101010101001111111111111111
111111101111101010101010101010101001111110101010101010101010101010101001111111111111111
111111101111101010101010101010101001111110101010101010101010101010101001111111111111111
111111001111101010101010101010101001111110101010101010101010101010101001111111111111111
111111011111101010101010101010101001111110101010101010101010101010101001111111111111111
111111111111101010101010101010101001111110101010101010101010101010101001111111111111111
111111111111101010101010101010101001111110101010101010101010101010101001111111111111111
111111110111101010101010101010101001111110101010101010101010101010101001111111111111111
111111110011101010101010101010101001111110101010101010101010101010101001111111111111111
111111110001101010101010101010101001111110101010101010101010101010101001111111111111111
111111110000101010101010101010101001111110101010101010101010101010101001111111111111111
111111110000001010101010101010101001111110101010101010101010101010101001111111111111111
111111110000011010101010101010101001111110101010101010101010101010101001111111111111111
111111110000111010101010101010101001111110101010101010101010101010101001111111111111111
111111110000111010101010101010101001111110101010101010101010101010101001111111111111111
111111110000110010101010101010101001111110101010101010101010101010101001111111111111111
111111110000110110101010101010101001111110101010101010101010101010101001111111111111111
111111110000111110101010101010101001111110101010101010101010101010101001111111111111111
111111110000111110101010101010101001111110101010101010101010101010101001111111111111111
111111110000111100101010101010101001111110101010101010101010101010101001111111111111111
111111110000111101101010101010101001111110101010101010101010101010101001111111111111111
111111110000111111101010101010101001111110101010101010101010101010101001111111111111111
111111110000111111101010101010101001111110101010101010101010101010101001111111111111111
111111110000111111001010101010101001111110101010101010101010101010101001111111111111111
111111110000111111011010101010101001111110101010101010101010101010101001111111111111111
111111110000111111111010101010101001111110101010101010101010101010101001111111111111111
111111110000111111111010101010101001111110101010101010101010101010101001111111111111111
111111110000111111110010101010101001111110101010101010101010101010101001111111111111111
111111110000111111110110101010101001111110101010101010101010101010101001111111111111111
111111110000111111111110101010101001111110101010101010101010101010101001111111111111111
111111110000111111111110101010101001111110101010101010101010101010101001111111111111111
111111110000111111111100101010101001111110101010101010101010101010101001111111111111111
111111110000111111111101101010101001111110101010101010101010101010101001111111111111111
111111110000111111111111101010101001111110101010101010101010101010101001111111111111111
111111110000111111111111101010101001111110101010101010101010101010101001111111111111111
111111110000111111111111001010101001111110101010101010101010101010101001111111111111111
111111110000111111111111011010101001111110101010101010101010101010101001111111111111111
111111110000111111111111111010101001111110101010101010101010101010101001111111111111111
111111110000111111111111111010101001111110101010101010101010101010101001111111111111111
111111110000111111111111110010101001111110101010101010101010101010101001111111111111111
111111110000111111111111110110101001111110101010101010101010101010101001111111111111111
111111110000111111111111111110101001111110101010101010101010101010101001111111111111111
111111110000111111111111111110101001111110101010101010101010101010101001111111111111111
111111110000111111111111111100101001111110101010101010101010101010101001111111111111111
111111110000111111111111111101101001111110101010101010101010101010101001111111111111111
111111110000111111111111111111101001111110101010101010101010101010101001111111111111111
111111110000111111111111111111101001111110101010101010101010101010101001111111111111111
111111110000111111111111111111001001111110101010101010101010101010101001111111111111111
111111110000111111111111111111011001111110101010101010101010101010101001111111111111111
111111110000111111111111111111111001111110101010101010101010101010101001111111111111111
111111110000111111111111111111111001111110101010101010101010101010101001111111111111111
111111110000111111111111111111110001111110101010101010101010101010101001111111111111111
111111110000111111111111111111110101111110101010101010101010101010101001111111111111111
111111110000111111111111111111111101111110101010101010101010101010101001111111111111111
111111110000111111111111111111111101111110101010101010101010101010101001111111111111111
111111110000111111111111111111111111111110101010101010101010101010101001111111111111111
111111110000111111111111111111111011111110101010101010101010101010101001111111111111111
111111110000111111111111111111110011111110101010101010101010101010101001111111111111111
111111110000111111111111111111110011111110101010101010101010101010101001111111111111111
111111110000111111111111111111010011111110101010101010101010101010101001111111111111111
111111110000111111111111111111010011111110101010101010101010101010101001111111111111111
111111110000111111111111111101010011111110101010101010101010101010101001111111111111111
111111110000111111111111111101010011111110101010101010101010101010101001111111111111111
111111110000111111111111110101010011111110101010101010101010101010101001111111111111111
111111110000111111111111110101010011111110101010101010101010101010101001111111111111111
111111110000111111111111010101010011111110101010101010101010101010101001111111111111111
111111110000111111111111010101010011111110101010101010101010101010101001111111111111111
111111110000111111111101010101010011111110101010101010101010101010101001111111111111111
111111110000111111111101010101010011111110101010101010101010101010101001111111111111111
111111110000111111110101010101010011111110101010101010101010101010101001111111111111111
111111110000111111110101010101010011111110101010101010101010101010101001111111111111111
111111110000111111010101010101010011111110101010101010101010101010101001111111111111111
111111110000111111010101010101010011111110101010101010101010101010101001111111111111111
111111110000111101010101010101010011111110101010101010101010101010101001111111111111111
111111110000111101010101010101010011111110101010101010101010101010101001111111111111111
111111110000110101010101010101010011111110101010101010101010101010101001111111111111111
111111110000110101010101010101010011111110101010101010101010101010101001111111111111111
111111110000010101010101010101010011111110101010101010101010101010101001111111111111111
111111110000010101010101010101010011111110101010101010101010101010101001111111111111111
111111110000110101010101010101010011111110101010101010101010101010101001111111111111111
111111110001110101010101010101010011111110101010101010101010101010101001111111111111111
111111110011110101010101010101010011111110101010101010101010101010101001111111111111111
111111110011110101010101010101010011111110101010101010101010101010101001111111111111111
111111110011010101010101010101010011111110101010101010101010101010101001111111111111111
111111110011000101010101010101010011111110101010101010101010101010101001111111111111111
111111110011001101010101010101010011111110101010101010101010101010101001111111111111111
111111110011011101010101010101010011111110101010101010101010101010101001111111111111111
111111110011011101010101010101010011111110101010101010101010101010101001111111111111111
111111110011011001010101010101010011111110101010101010101010101010101001111111111111111
111111110011011011010101010101010011111110101010101010101010101010101001111111111111111
111111110011011111010101010101010011111110101010101010101010101010101001111111111111111
111111110011011111010101010101010011111110101010101010101010101010101001111111111111111
111111110011011110010101010101010011111110101010101010101010101010101001111111111111111
111111110011011110110101010101010011111110101010101010101010101010101001111111111111111
111111110011011111110101010101010011111110101010101010101010101010101001111111111111111
111111110011011111110101010101010011111110101010101010101010101010101001111111111111111
111111110011011111100101010101010011111110101010101010101010101010101001111111111111111
111111110011011111101101010101010011111110101010101010101010101010101001111111111111111
111111110011011111111101010101010011111110101010101010101010101010101001111111111111111
111111110011011111111101010101010011111110101010101010101010101010101001111111111111111
111111110011011111111001010101010011111110101010101010101010101010101001111111111111111
111111110011011111111011010101010011111110101010101010101010101010101001111111111111111
111111110011011111111111010101010011111110101010101010101010101010101001111111111111111
111111110011011111111111010101010011111110101010101010101010101010101001111111111111111
111111110011011111111110010101010011111110101010101010101010101010101001111111111111111
111111110011011111111110110101010011111110101010101010101010101010101001111111111111111
111111110011011111111111110101010011111110101010101010101010101010101001111111111111111
111111110011011111111111110101010011111110101010101010101010101010101001111111111111111
111111110011011111111111100101010011111110101010101010101010101010101001111111111111111
111111110011011111111111101101010011111110101010101010101010101010101001111111111111111
111111110011011111111111111101010011111110101010101010101010101010101001111111111111111
111111110011011111111111111101010011111110101010101010101010101010101001111111111111111
111111110011011111111111111001010011111110101010101010101010101010101001111111111111111
111111110011011111111111111011010011111110101010101010101010101010101001111111111111111
111111110011011111111111111111010011111110101010101010101010101010101001111111111111111
111111110011011111111111111111010011111110101010101010101010101010101001111111111111111
111111110011011111111111111110010011111110101010101010101010101010101001111111111111111
111111110011011111111111111110110011111110101010101010101010101010101001111111111111111
111111110011011111111111111111110011111110101010101010101010101010101001111111111111111
111111110011011111111111111111110011111110101010101010101010101010101001111111111111111
111111110011011111111111111111100011111110101010101010101010101010101001111111111111111
111111110011011111111111111111101011111110101010101010101010101010101001111111111111111
111111110011011111111111111111111011111110101010101010101010101010101001111111111111111
111111110011011111111111111111111011111110101010101010101010101010101001111111111111111
111111110011011111111111111111111111111110101010101010101010101010101001111111111111111
111111110011011111111111111111110111111110101010101010101010101010101001111111111111111
111111110011011111111111111111100111111110101010101010101010101010101001111111111111111
111111110011011111111111111111100111111110101010101010101010101010101001111111111111111
111111110011011111111111111110100111111110101010101010101010101010101001111111111111111
111111110011011111111111111110100111111110101010101010101010101010101001111111111111111
111111110011011111111111111010100111111110101010101010101010101010101001111111111111111
111111110011011111111111111010100111111110101010101010101010101010101001111111111111111
111111110011011111111111101010100111111110101010101010101010101010101001111111111111111
111111110011011111111111101010100111111110101010101010101010101010101001111111111111111
111111110011011111111110101010100111111110101010101010101010101010101001111111111111111
111111110011011111111110101010100111111110101010101010101010101010101001111111111111111
111111110011011111111010101010100111111110101010101010101010101010101001111111111111111
111111110011011111111010101010100111111110101010101010101010101010101001111111111111111
111111110011011111101010101010100111111110101010101010101010101010101001111111111111111
111111110011011111101010101010100111111110101010101010101010101010101001111111111111111
111111110011011110101010101010100111111110101010101010101010101010101001111111111111111
111111110011011110101010101010100111111110101010101010101010101010101001111111111111111
111111110011011010101010101010100111111110101010101010101010101010101001111111111111111
111111110011011010101010101010100111111110101010101010101010101010101001111111111111111
111111110011001010101010101010100111111110101010101010101010101010101001111111111111111
111111110011001010101010101010100111111110101010101010101010101010101001111111111111111
111111110011011010101010101010100111111110101010101010101010101010101001111111111111111
111111110011111010101010101010100111111110101010101010101010101010101001111111111111111
111111110010111010101010101010100111111110101010101010101010101010101001111111111111111
111111110000111010101010101010100111111110101010101010101010101010101001111111111111111
111111110000111010101010101010100111111110101010101010101010101010101001111111111111111
111111110010111010101010101010100111111110101010101010101010101010101001111111111111111
111111110110111010101010101010100111111110101010101010101010101010101001111111111111111
111111111110111010101010101010100111111110101010101010101010101010101001111111111111111
111111111110111010101010101010100111111110101010101010101010101010101001111111111111111
111111111100111010101010101010100111111110101010101010101010101010101001111111111111111
111111111101111010101010101010100111111110101010101010101010101010101001111111111111111
111111111111111010101010101010100111111110101010101010101010101010101001111111111111111
111111111111111010101010101010100111111110101010101010101010101010101001111111111111111
111111111111011010101010101010100111111110101010101010101010101010101001111111111111111
111111111111001010101010101010100111111110101010101010101010101010101001111111111111111
111111111111000010101010101010100111111110101010101010101010101010101001111111111111111
111111111111000110101010101010100111111110101010101010101010101010101001111111111111111
111111111111001110101010101010100111111110101010101010101010101010101001111111111111111
111111111111001110101010101010100111111110101010101010101010101010101001111111111111111
111111111111001100101010101010100111111110101010101010101010101010101001111111111111111
111111111111001101101010101010100111111110101010101010101010101010101001111111111111111
111111111111001111101010101010100111111110101010101010101010101010101001111111111111111
111111111111001111101010101010100111111110101010101010101010101010101001111111111111111
111111111111001111001010101010100111111110101010101010101010101010101001111111111111111
111111111111001111011010101010100111111110101010101010101010101010101001111111111111111
111111111111001111111010101010100111111110101010101010101010101010101001111111111111111
111111111111001111111010101010100111111110101010101010101010101010101001111111111111111
111111111111001111110010101010100111111110101010101010101010101010101001111111111111111
111111111111001111110110101010100111111110101010101010101010101010101001111111111111111
111111111111001111111110101010100111111110101010101010101010101010101001111111111111111
111111111111001111111110101010100111111110101010101010101010101010101001111111111111111
111111111111001111111100101010100111111110101010101010101010101010101001111111111111111
111111111111001111111101101010100111111110101010101010101010101010101001111111111111111
111111111111001111111111101010100111111110101010101010101010101010101001111111111111111
111111111111001111111111101010100111111110101010101010101010101010101001111111111111111
111111111111001111111111001010100111111110101010101010101010101010101001111111111111111
111111111111001111111111011010100111111110101010101010101010101010101001111111111111111
111111111111001111111111111010100111111110101010101010101010101010101001111111111111111
111111111111001111111111111010100111111110101010101010101010101010101001111111111111111
111111111111001111111111110010100111111110101010101010101010101010101001111111111111111
111111111111001111111111110110100111111110101010101010101010101010101001111111111111111
111111111111001111111111111110100111111110101010101010101010101010101001111111111111111
111111111111001111111111111110100111111110101010101010101010101010101001111111111111111
111111111111001111111111111100100111111110101010101010101010101010101001111111111111111
111111111111001111111111111101100111111110101010101010101010101010101001111111111111111
111111111111001111111111111111100111111110101010101010101010101010101001111111111111111
111111111111001111111111111111100111111110101010101010101010101010101001111111111111111
111111111111001111111111111111000111111110101010101010101010101010101001111111111111111
111111111111001111111111111111010111111110101010101010101010101010101001111111111111111
111111111111001111111111111111110111111110101010101010101010101010101001111111111111111
111111111111001111111111111111110111111110101010101010101010101010101001111111111111111
111111111111001111111111111111111111111110101010101010101010101010101001111111111111111
111111111111001111111111111111101111111110101010101010101010101010101001111111111111111
111111111111001111111111111111001111111110101010101010101010101010101001111111111111111
111111111111001111111111111111001111111110101010101010101010101010101001111111111111111
111111111111001111111111111101001111111110101010101010101010101010101001111111111111111
111111111111001111111111111101001111111110101010101010101010101010101001111111111111111
111111111111001111111111110101001111111110101010101010101010101010101001111111111111111
111111111111001111111111110101001111111110101010101010101010101010101001111111111111111
111111111111001111111111010101001111111110101010101010101010101010101001111111111111111
111111111111001111111111010101001111111110101010101010101010101010101001111111111111111
111111111111001111111101010101001111111110101010101010101010101010101001111111111111111
111111111111001111111101010101001111111110101010101010101010101010101001111111111111111
111111111111001111110101010101001111111110101010101010101010101010101001111111111111111
111111111111001111110101010101001111111110101010101010101010101010101001111111111111111
111111111111001111010101010101001111111110101010101010101010101010101001111111111111111
111111111111001111010101010101001111111110101010101010101010101010101001111111111111111
111111111111001101010101010101001111111110101010101010101010101010101001111111111111111
111111111111001101010101010101001111111110101010101010101010101010101001111111111111111
111111111111000101010101010101001111111110101010101010101010101010101001111111111111111
111111111111000101010101010101001111111110101010101010101010101010101001111111111111111
111111111111001101010101010101001111111110101010101010101010101010101001111111111111111
111111111111011101010101010101001111111110101010101010101010101010101001111111111111111
111111111111111101010101010101001111111110101010101010101010101010101001111111111111111
111111111111111101010101010101001111111110101010101010101010101010101001111111111111111
111111111111110101010101010101001111111110101010101010101010101010101001111111111111111
111111111111110001010101010101001111111110101010101010101010101010101001111111111111111
111111111111110011010101010101001111111110101010101010101010101010101001111111111111111
111111111111110111010101010101001111111110101010101010101010101010101001111111111111111
111111111111110111010101010101001111111110101010101010101010101010101001111111111111111
111111111111110110010101010101001111111110101010101010101010101010101001111111111111111
111111111111110110110101010101001111111110101010101010101010101010101001111111111111111
111111111111110111110101010101001111111110101010101010101010101010101001111111111111111
111111111111110111110101010101001111111110101010101010101010101010101001111111111111111
111111111111110111100101010101001111111110101010101010101010101010101001111111111111111
111111111111110111101101010101001111111110101010101010101010101010101001111111111111111
111111111111110111111101010101001111111110101010101010101010101010101001111111111111111
111111111111110111111101010101001111111110101010101010101010101010101001111111111111111
111111111111110111111001010101001111111110101010101010101010101010101001111111111111111
111111111111110111111011010101001111111110101010101010101010101010101001111111111111111
111111111111110111111111010101001111111110101010101010101010101010101001111111111111111
111111111111110111111111010101001111111110101010101010101010101010101001111111111111111
111111111111110111111110010101001111111110101010101010101010101010101001111111111111111
111111111111110111111110110101001111111110101010101010101010101010101001111111111111111
111111111111110111111111110101001111111110101010101010101010101010101001111111111111111
111111111111110111111111110101001111111110101010101010101010101010101001111111111111111
111111111111110111111111100101001111111110101010101010101010101010101001111111111111111
111111111111110111111111101101001111111110101010101010101010101010101001111111111111111
111111111111110111111111111101001111111110101010101010101010101010101001111111111111111
111111111111110111111111111101001111111110101010101010101010101010101001111111111111111
111111111111110111111111111001001111111110101010101010101010101010101001111111111111111
111111111111110111111111111011001111111110101010101010101010101010101001111111111111111
111111111111110111111111111111001111111110101010101010101010101010101001111111111111111
111111111111110111111111111111001111111110101010101010101010101010101001111111111111111
111111111111110111111111111110001111111110101010101010101010101010101001111111111111111
111111111111110111111111111110101111111110101010101010101010101010101001111111111111111
111111111111110111111111111111101111111110101010101010101010101010101001111111111111111
111111111111110111111111111111101111111110101010101010101010101010101001111111111111111
111111111111110111111111111111111111111110101010101010101010101010101001111111111111111
111111111111110111111111111111011111111110101010101010101010101010101001111111111111111
111111111111110111111111111110011111111110101010101010101010101010101001111111111111111
111111111111110111111111111110011111111110101010101010101010101010101001111111111111111
111111111111110111111111111010011111111110101010101010101010101010101001111111111111111
111111111111110111111111111010011111111110101010101010101010101010101001111111111111111
111111111111110111111111101010011111111110101010101010101010101010101001111111111111111
111111111111110111111111101010011111111110101010101010101010101010101001111111111111111
111111111111110111111110101010011111111110101010101010101010101010101001111111111111111
111111111111110111111110101010011111111110101010101010101010101010101001111111111111111
111111111111110111111010101010011111111110101010101010101010101010101001111111111111111
111111111111110111111010101010011111111110101010101010101010101010101001111111111111111
111111111111110111101010101010011111111110101010101010101010101010101001111111111111111
111111111111110111101010101010011111111110101010101010101010101010101001111111111111111
111111111111110110101010101010011111111110101010101010101010101010101001111111111111111
111111111111110110101010101010011111111110101010101010101010101010101001111111111111111
111111111111110010101010101010011111111110101010101010101010101010101001111111111111111
111111111111110010101010101010011111111110101010101010101010101010101001111111111111111
111111111111110110101010101010011111111110101010101010101010101010101001111111111111111
111111111111111110101010101010011111111110101010101010101010101010101001111111111111111
111111111111101110101010101010011111111110101010101010101010101010101001111111111111111
111111111111001110101010101010011111111110101010101010101010101010101001111111111111111
111111111111001110101010101010011111111110101010101010101010101010101001111111111111111
111111111101001110101010101010011111111110101010101010101010101010101001111111111111111
111111111101001110101010101010011111111110101010101010101010101010101001111111111111111
111111110101001110101010101010011111111110101010101010101010101010101001111111111111111
111111110101001110101010101010011111111110101010101010101010101010101001111111111111111
111111010101001110101010101010011111111110101010101010101010101010101001111111111111111
111111010101001110101010101010011111111110101010101010101010101010101001111111111111111
111101010101001110101010101010011111111110101010101010101010101010101001111111111111111
111101010101001110101010101010011111111110101010101010101010101010101001111111111111111
110101010101001110101010101010011111111110101010101010101010101010101001111111111111111
110101010101001110101010101010011111111110101010101010101010101010101001111111111111111
0010101010101001110101010101010011111111110101010101010101010101010101001111111111111111
0010101010101001110101010101010011111111110101010101010101010101010101001111111111111111
0110101010101001110101010101010011111111110101010101010101010101010101001111111111111111
01110101010101001110101010101010011111111110101010101010101010101010101001111111111111111
11110101010101001110101010101010011111111110101010101010101010101010101001111111111111111
11110101010101001110101010101010011111111110101010101010101010101010101001111111111111111
11010101010101001110101010101010011111111110101010101010101010101010101001111111111111111
11000101010101001110101010101010011111111110101010101010101010101010101001111111111111111
11001101010101001110101010101010011111111110101010101010101010101010101001111111111111111
11011101010101001110101010101010011111111110101010101010101010101010101001111111111111111
11011101010101001110101010101010011111111110101010101010101010101010101001111111111111111
11011001010101001110101010101010011111111110101010101010101010101010101001111111111111111
11011011010101001110101010101010011111111110101010101010101010101010101001111111111111111
11011111010101001110101010101010011111111110101010101010101010101010101001111111111111111
11011111010101001110101010101010011111111110101010101010101010101010101001111111111111111
11011110010101001110101010101010011111111110101010101010101010101010101001111111111111111
11011110110101001110101010101010011111111110101010101010101010101010101001111111111111111
11011111110101001110101010101010011111111110101010101010101010101010101001111111111111111
11011111110101001110101010101010011111111110101010101010101010101010101001111111111111111
11011111100101001110101010101010011111111110101010101010101010101010101001111111111111111
11011111101101001110101010101010011111111110101010101010101010101010101001111111111111111
11011111111101001110101010101010011111111110101010101010101010101010101001111111111111111
11011111111101001110101010101010011111111110101010101010101010101010101001111111111111111
11011111111001001110101010101010011111111110101010101010101010101010101001111111111111111
11011111111011001110101010101010011111111110101010101010101010101010101001111111111111111
11011111111111001110101010101010011111111110101010101010101010101010101001111111111111111
11011111111111001110101010101010011111111110101010101010101010101010101001111111111111111
11011111111110001110101010101010011111111110101010101010101010101010101001111111111111111
11011111111110101110101010101010011111111110101010101010101010101010101001111111111111111
11011111111111101110101010101010011111111110101010101010101010101010101001111111111111111
11011111111111101110101010101010011111111110101010101010101010101010101001111111111111111
11011111111111111110101010101010011111111110101010101010101010101010101001111111111111111
11011111111111011110101010101010011111111110101010101010101010101010101001111111111111111
11011111111110011110101010101010011111111110101010101010101010101010101001111111111111111
11011111111110011110101010101010011111111110101010101010101010101010101001111111111111111
11011111111010011110101010101010011111111110101010101010101010101010101001111111111111111
11011111111010011110101010101010011111111110101010101010101010101010101001111111111111111
11011111101010011110101010101010011111111110101010101010101010101010101001111111111111111
11011111101010011110101010101010011111111110101010101010101010101010101001111111111111111
11011110101010011110101010101010011111111110101010101010101010101010101001111111111111111
11011110101010011110101010101010011111111110101010101010101010101010101001111111111111111
11011010101010011110101010101010011111111110101010101010101010101010101001111111111111111
11011010101010011110101010101010011111111110101010101010101010101010101001111111111111111
11001010101010011110101010101010011111111110101010101010101010101010101001111111111111111
11001010101010011110101010101010011111111110101010101010101010101010101001111111111111111
11011010101010011110101010101010011111111110101010101010101010101010101001111111111111111
11111010101010011110101010101010011111111110101010101010101010101010101001111111111111111
10111010101010011110101010101010011111111110101010101010101010101010101001111111111111111
000111010101010011110101010101010011111111110101010101010101010101010101001111111111111111
000111010101010011110101010101010011111111110101010101010101010101010101001111111111111111
010111010101010011110101010101010011111111110101010101010101010101010101001111111111111111
0110111010101010011110101010101010011111111110101010101010101010101010101001111111111111111
1110111010101010011110101010101010011111111110101010101010101010101010101001111111111111111
1110111010101010011110101010101010011111111110101010101010101010101010101001111111111111111
1100111010101010011110101010101010011111111110101010101010101010101010101001111111111111111
1101111010101010011110101010101010011111111110101010101010101010101010101001111111111111111
1111111010101010011110101010101010011111111110101010101010101010101010101001111111111111111
1111111010101010011110101010101010011111111110101010101010101010101010101001111111111111111
1111011010101010011110101010101010011111111110101010101010101010101010101001111111111111111
1111001010101010011110101010101010011111111110101010101010101010101010101001111111111111111
1111000010101010011110101010101010011111111110101010101010101010101010101001111111111111111
1111000110101010011110101010101010011111111110101010101010101010101010101001111111111111111
1111001110101010011110101010101010011111111110101010101010101010101010101001111111111111111
1111001110101010011110101010101010011111111110101010101010101010101010101001111111111111111
1111001100101010011110101010101010011111111110101010101010101010101010101001111111111111111
1111001101101010011110101010101010011111111110101010101010101010101010101001111111111111111
1111001111101010011110101010101010011111111110101010101010101010101010101001111111111111111
1111001111101010011110101010101010011111111110101010101010101010101010101001111111111111111
1111001111001010011110101010101010011111111110101010101010101010101010101001111111111111111
1111001111011010011110101010101010011111111110101010101010101010101010101001111111111111111
1111001111111010011110101010101010011111111110101010101010101010101010101001111111111111111
1111001111111010011110101010101010011111111110101010101010101010101010101001111111111111111
1111001111110010011110101010101010011111111110101010101010101010101010101001111111111111111
1111001111110110011110101010101010011111111110101010101010101010101010101001111111111111111
1111001111111110011110101010101010011111111110101010101010101010101010101001111111111111111
1111001111111110011110101010101010011111111110101010101010101010101010101001111111111111111
1111001111111100011110101010101010011111111110101010101010101010101010101001111111111111111
1111001111111101011110101010101010011111111110101010101010101010101010101001111111111111111
1111001111111111011110101010101010011111111110101010101010101010101010101001111111111111111
1111001111111111011110101010101010011111111110101010101010101010101010101001111111111111111
1111001111111111111110101010101010011111111110101010101010101010101010101001111111111111111
1111001111111110111110101010101010011111111110101010101010101010101010101001111111111111111
1111001111111100111110101010101010011111111110101010101010101010101010101001111111111111111
1111001111111100111110101010101010011111111110101010101010101010101010101001111111111111111
1111001111110100111110101010101010011111111110101010101010101010101010101001111111111111111
1111001111110100111110101010101010011111111110101010101010101010101010101001111111111111111
1111001111010100111110101010101010011111111110101010101010101010101010101001111111111111111
1111001111010100111110101010101010011111111110101010101010101010101010101001111111111111111
1111001101010100111110101010101010011111111110101010101010101010101010101001111111111111111
1111001101010100111110101010101010011111111110101010101010101010101010101001111111111111111
1111000101010100111110101010101010011111111110101010101010101010101010101001111111111111111
1111000101010100111110101010101010011111111110101010101010101010101010101001111111111111111
1111001101010100111110101010101010011111111110101010101010101010101010101001111111111111111
1111011101010100111110101010101010011111111110101010101010101010101010101001111111111111111
1111111101010100111110101010101010011111111110101010101010101010101010101001111111111111111
1111111101010100111110101010101010011111111110101010101010101010101010101001111111111111111
1111110101010100111110101010101010011111111110101010101010101010101010101001111111111111111
1111110001010100111110101010101010011111111110101010101010101010101010101001111111111111111
1111110011010100111110101010101010011111111110101010101010101010101010101001111111111111111
1111110111010100111110101010101010011111111110101010101010101010101010101001111111111111111
1111110111010100111110101010101010011111111110101010101010101010101010101001111111111111111
1111110110010100111110101010101010011111111110101010101010101010101010101001111111111111111
1111110110110100111110101010101010011111111110101010101010101010101010101001111111111111111
1111110111110100111110101010101010011111111110101010101010101010101010101001111111111111111
1111110111110100111110101010101010011111111110101010101010101010101010101001111111111111111
1111110111100100111110101010101010011111111110101010101010101010101010101001111111111111111
1111110111101100111110101010101010011111111110101010101010101010101010101001111111111111111
1111110111111100111110101010101010011111111110101010101010101010101010101001111111111111111
1111110111111100111110101010101010011111111110101010101010101010101010101001111111111111111
1111110111111000111110101010101010011111111110101010101010101010101010101001111111111111111
1111110111111010111110101010101010011111111110101010101010101010101010101001111111111111111
1111110111111110111110101010101010011111111110101010101010101010101010101001111111111111111
1111110111111110111110101010101010011111111110101010101010101010101010101001111111111111111
1111110111111111111110101010101010011111111110101010101010101010101010101001111111111111111
1111110111111101111110101010101010011111111110101010101010101010101010101001111111111111111
1111110111111001111110101010101010011111111110101010101010101010101010101001111111111111111
1111110111111001111110101010101010011111111110101010101010101010101010101001111111111111111
1111110111101001111110101010101010011111111110101010101010101010101010101001111111111111111
1111110111101001111110101010101010011111111110101010101010101010101010101001111111111111111
1111110110101001111110101010101010011111111110101010101010101010101010101001111111111111111
1111110110101001111110101010101010011111111110101010101010101010101010101001111111111111111
1111110010101001111110101010101010011111111110101010101010101010101010101001111111111111111
1111110010101001111110101010101010011111111110101010101010101010101010101001111111111111111
1111110110101001111110101010101010011111111110101010101010101010101010101001111111111111111
1111111110101001111110101010101010011111111110101010101010101010101010101001111111111111111
1111101110101001111110101010101010011111111110101010101010101010101010101001111111111111111
1111001110101001111110101010101010011111111110101010101010101010101010101001111111111111111
1111001110101001111110101010101010011111111110101010101010101010101010101001111111111111111
1101001110101001111110101010101010011111111110101010101010101010101010101001111111111111111
1101001110101001111110101010101010011111111110101010101010101010101010101001111111111111111
00101001110101001111110101010101010011111111110101010101010101010101010101001111111111111111
00101001110101001111110101010101010011111111110101010101010101010101010101001111111111111111
01101001110101001111110101010101010011111111110101010101010101010101010101001111111111111111
011101001110101001111110101010101010011111111110101010101010101010101010101001111111111111111
111101001110101001111110101010101010011111111110101010101010101010101010101001111111111111111
111101001110101001111110101010101010011111111110101010101010101010101010101001111111111111111
110101001110101001111110101010101010011111111110101010101010101010101010101001111111111111111
110001001110101001111110101010101010011111111110101010101010101010101010101001111111111111111
110011001110101001111110101010101010011111111110101010101010101010101010101001111111111111111
110111001110101001111110101010101010011111111110101010101010101010101010101001111111111111111
110111001110101001111110101010101010011111111110101010101010101010101010101001111111111111111
110110001110101001111110101010101010011111111110101010101010101010101010101001111111111111111
110110101110101001111110101010101010011111111110101010101010101010101010101001111111111111111
110111101110101001111110101010101010011111111110101010101010101010101010101001111111111111111
110111101110101001111110101010101010011111111110101010101010101010101010101001111111111111111
110111111110101001111110101010101010011111111110101010101010101010101010101001111111111111111
110111011110101001111110101010101010011111111110101010101010101010101010101001111111111111111
110110011110101001111110101010101010011111111110101010101010101010101010101001111111111111111
110110011110101001111110101010101010011111111110101010101010101010101010101001111111111111111
110010011110101001111110101010101010011111111110101010101010101010101010101001111111111111111
110010011110101001111110101010101010011111111110101010101010101010101010101001111111111111111
110110011110101001111110101010101010011111111110101010101010101010101010101001111111111111111
111110011110101001111110101010101010011111111110101010101010101010101010101001111111111111111
101110011110101001111110101010101010011111111110101010101010101010101010101001111111111111111
0001110011110101001111110101010101010011111111110101010101010101010101010101001111111111111111
0001110011110101001111110101010101010011111111110101010101010101010101010101001111111111111111
0101110011110101001111110101010101010011111111110101010101010101010101010101001111111111111111
01101110011110101001111110101010101010011111111110101010101010101010101010101001111111111111111
11101110011110101001111110101010101010011111111110101010101010101010101010101001111111111111111
11101110011110101001111110101010101010011111111110101010101010101010101010101001111111111111111
11001110011110101001111110101010101010011111111110101010101010101010101010101001111111111111111
11011110011110101001111110101010101010011111111110101010101010101010101010101001111111111111111
11111110011110101001111110101010101010011111111110101010101010101010101010101001111111111111111
11111110011110101001111110101010101010011111111110101010101010101010101010101001111111111111111
11110110011110101001111110101010101010011111111110101010101010101010101010101001111111111111111
11110010011110101001111110101010101010011111111110101010101010101010101010101001111111111111111
11110000011110101001111110101010101010011111111110101010101010101010101010101001111111111111111
11110001011110101001111110101010101010011111111110101010101010101010101010101001111111111111111
11110011011110101001111110101010101010011111111110101010101010101010101010101001111111111111111
11110011011110101001111110101010101010011111111110101010101010101010101010101001111111111111111
11110011111110101001111110101010101010011111111110101010101010101010101010101001111111111111111
11110010111110101001111110101010101010011111111110101010101010101010101010101001111111111111111
11110000111110101001111110101010101010011111111110101010101010101010101010101001111111111111111
11110000111110101001111110101010101010011111111110101010101010101010101010101001111111111111111
11110010111110101001111110101010101010011111111110101010101010101010101010101001111111111111111
11110110111110101001111110101010101010011111111110101010101010101010101010101001111111111111111
11111110111110101001111110101010101010011111111110101010101010101010101010101001111111111111111
11111110111110101001111110101010101010011111111110101010101010101010101010101001111111111111111
11111100111110101001111110101010101010011111111110101010101010101010101010101001111111111111111
11111101111110101001111110101010101010011111111110101010101010101010101010101001111111111111111
11111111111110101001111110101010101010011111111110101010101010101010101010101001111111111111111
11111111111110101001111110101010101010011111111110101010101010101010101010101001111111111111111
11111111011110101001111110101010101010011111111110101010101010101010101010101001111111111111111
11111111001110101001111110101010101010011111111110101010101010101010101010101001111111111111111
11111111000110101001111110101010101010011111111110101010101010101010101010101001111111111111111
11111111000010101001111110101010101010011111111110101010101010101010101010101001111111111111111
11111111000000101001111110101010101010011111111110101010101010101010101010101001111111111111111
11111111000001101001111110101010101010011111111110101010101010101010101010101001111111111111111
11111111000011101001111110101010101010011111111110101010101010101010101010101001111111111111111
11111111000011101001111110101010101010011111111110101010101010101010101010101001111111111111111
11111111000011001001111110101010101010011111111110101010101010101010101010101001111111111111111
11111111000011011001111110101010101010011111111110101010101010101010101010101001111111111111111
11111111000011111001111110101010101010011111111110101010101010101010101010101001111111111111111
11111111000011111001111110101010101010011111111110101010101010101010101010101001111111111111111
11111111000011110001111110101010101010011111111110101010101010101010101010101001111111111111111
11111111000011110101111110101010101010011111111110101010101010101010101010101001111111111111111
11111111000011111101111110101010101010011111111110101010101010101010101010101001111111111111111
11111111000011111101111110101010101010011111111110101010101010101010101010101001111111111111111
11111111000011111111111110101010101010011111111110101010101010101010101010101001111111111111111
11111111000011111011111110101010101010011111111110101010101010101010101010101001111111111111111
11111111000011110011111110101010101010011111111110101010101010101010101010101001111111111111111
11111111000011110011111110101010101010011111111110101010101010101010101010101001111111111111111
11111111000011010011111110101010101010011111111110101010101010101010101010101001111111111111111
11111111000011010011111110101010101010011111111110101010101010101010101010101001111111111111111
11111111000001010011111110101010101010011111111110101010101010101010101010101001111111111111111
11111111000001010011111110101010101010011111111110101010101010101010101010101001111111111111111
11111111000011010011111110101010101010011111111110101010101010101010101010101001111111111111111
11111111000111010011111110101010101010011111111110101010101010101010101010101001111111111111111
11111111001111010011111110101010101010011111111110101010101010101010101010101001111111111111111
11111111001111010011111110101010101010011111111110101010101010101010101010101001111111111111111
11111111001101010011111110101010101010011111111110101010101010101010101010101001111111111111111
11111111001100010011111110101010101010011111111110101010101010101010101010101001111111111111111
11111111001100110011111110101010101010011111111110101010101010101010101010101001111111111111111
11111111001101110011111110101010101010011111111110101010101010101010101010101001111111111111111
11111111001101110011111110101010101010011111111110101010101010101010101010101001111111111111111
11111111001101100011111110101010101010011111111110101010101010101010101010101001111111111111111
11111111001101101011111110101010101010011111111110101010101010101010101010101001111111111111111
11111111001101111011111110101010101010011111111110101010101010101010101010101001111111111111111
11111111001101111011111110101010101010011111111110101010101010101010101010101001111111111111111
11111111001101111111111110101010101010011111111110101010101010101010101010101001111111111111111
11111111001101110111111110101010101010011111111110101010101010101010101010101001111111111111111
11111111001101100111111110101010101010011111111110101010101010101010101010101001111111111111111
11111111001101100111111110101010101010011111111110101010101010101010101010101001111111111111111
11111111001100100111111110101010101010011111111110101010101010101010101010101001111111111111111
11111111001100100111111110101010101010011111111110101010101010101010101010101001111111111111111
11111111001101100111111110101010101010011111111110101010101010101010101010101001111111111111111
11111111001111100111111110101010101010011111111110101010101010101010101010101001111111111111111
11111111001011100111111110101010101010011111111110101010101010101010101010101001111111111111111
11111111000011100111111110101010101010011111111110101010101010101010101010101001111111111111111
11111111000011100111111110101010101010011111111110101010101010101010101010101001111111111111111
11111111001011100111111110101010101010011111111110101010101010101010101010101001111111111111111
11111111011011100111111110101010101010011111111110101010101010101010101010101001111111111111111
11111111111011100111111110101010101010011111111110101010101010101010101010101001111111111111111
11111111111011100111111110101010101010011111111110101010101010101010101010101001111111111111111
11111111110011100111111110101010101010011111111110101010101010101010101010101001111111111111111
11111111110111100111111110101010101010011111111110101010101010101010101010101001111111111111111
11111111111111100111111110101010101010011111111110101010101010101010101010101001111111111111111
11111111111111100111111110101010101010011111111110101010101010101010101010101001111111111111111
11111111111101100111111110101010101010011111111110101010101010101010101010101001111111111111111
11111111111100100111111110101010101010011111111110101010101010101010101010101001111111111111111
11111111111100000111111110101010101010011111111110101010101010101010101010101001111111111111111
11111111111100010111111110101010101010011111111110101010101010101010101010101001111111111111111
11111111111100110111111110101010101010011111111110101010101010101010101010101001111111111111111
11111111111100110111111110101010101010011111111110101010101010101010101010101001111111111111111
11111111111100111111111110101010101010011111111110101010101010101010101010101001111111111111111
11111111111100101111111110101010101010011111111110101010101010101010101010101001111111111111111
11111111111100001111111110101010101010011111111110101010101010101010101010101001111111111111111
11111111111100001111111110101010101010011111111110101010101010101010101010101001111111111111111
11111111111100101111111110101010101010011111111110101010101010101010101010101001111111111111111
11111111111101101111111110101010101010011111111110101010101010101010101010101001111111111111111
11111111111111101111111110101010101010011111111110101010101010101010101010101001111111111111111
11111111111111101111111110101010101010011111111110101010101010101010101010101001111111111111111
11111111111111001111111110101010101010011111111110101010101010101010101010101001111111111111111
11111111111111011111111110101010101010011111111110101010101010101010101010101001111111111111111
11111111111111111111111110101010101010011111111110101010101010101010101010101001111111111111111
11111111111111111111111110101010101010011111111110101010101010101010101010101001111111111111111
11111111111111110111111110101010101010011111111110101010101010101010101010101001111111111111111
11111111111111110011111110101010101010011111111110101010101010101010101010101001111111111111111
11111111111111110001111110101010101010011111111110101010101010101010101010101001111111111111111
11111111111111110000111110101010101010011111111110101010101010101010101010101001111111111111111
11111111111111110000011110101010101010011111111110101010101010101010101010101001111111111111111
11111111111111110000001110101010101010011111111110101010101010101010101010101001111111111111111
11111111111111110000000110101010101010011111111110101010101010101010101010101001111111111111111
11111111111111110000000010101010101010011111111110101010101010101010101010101001111111111111111
11111111111111110000000000101010101010011111111110101010101010101010101010101001111111111111111
11111111111111110000000001101010101010011111111110101010101010101010101010101001111111111111111
11111111111111110000000011101010101010011111111110101010101010101010101010101001111111111111111
11111111111111110000000011101010101010011111111110101010101010101010101010101001111111111111111
11111111111111110000000011001010101010011111111110101010101010101010101010101001111111111111111
11111111111111110000000011011010101010011111111110101010101010101010101010101001111111111111111
11111111111111110000000011111010101010011111111110101010101010101010101010101001111111111111111
11111111111111110000000011111010101010011111111110101010101010101010101010101001111111111111111
11111111111111110000000011110010101010011111111110101010101010101010101010101001111111111111111
11111111111111110000000011110110101010011111111110101010101010101010101010101001111111111111111
11111111111111110000000011111110101010011111111110101010101010101010101010101001111111111111111
11111111111111110000000011111110101010011111111110101010101010101010101010101001111111111111111
11111111111111110000000011111100101010011111111110101010101010101010101010101001111111111111111
11111111111111110000000011111101101010011111111110101010101010101010101010101001111111111111111
11111111111111110000000011111111101010011111111110101010101010101010101010101001111111111111111
11111111111111110000000011111111101010011111111110101010101010101010101010101001111111111111111
11111111111111110000000011111111001010011111111110101010101010101010101010101001111111111111111
11111111111111110000000011111111011010011111111110101010101010101010101010101001111111111111111
11111111111111110000000011111111111010011111111110101010101010101010101010101001111111111111111
11111111111111110000000011111111111010011111111110101010101010101010101010101001111111111111111
11111111111111110000000011111111110010011111111110101010101010101010101010101001111111111111111
11111111111111110000000011111111110110011111111110101010101010101010101010101001111111111111111
11111111111111110000000011111111111110011111111110101010101010101010101010101001111111111111111
11111111111111110000000011111111111110011111111110101010101010101010101010101001111111111111111
11111111111111110000000011111111111100011111111110101010101010101010101010101001111111111111111
11111111111111110000000011111111111101011111111110101010101010101010101010101001111111111111111
11111111111111110000000011111111111111011111111110101010101010101010101010101001111111111111111
11111111111111110000000011111111111111011111111110101010101010101010101010101001111111111111111
11111111111111110000000011111111111111111111111110101010101010101010101010101001111111111111111
11111111111111110000000011111111111110111111111110101010101010101010101010101001111111111111111
11111111111111110000000011111111111100111111111110101010101010101010101010101001111111111111111
11111111111111110000000011111111111100111111111110101010101010101010101010101001111111111111111
11111111111111110000000011111111110100111111111110101010101010101010101010101001111111111111111
11111111111111110000000011111111110100111111111110101010101010101010101010101001111111111111111
11111111111111110000000011111111010100111111111110101010101010101010101010101001111111111111111
11111111111111110000000011111111010100111111111110101010101010101010101010101001111111111111111
11111111111111110000000011111101010100111111111110101010101010101010101010101001111111111111111
11111111111111110000000011111101010100111111111110101010101010101010101010101001111111111111111
11111111111111110000000011110101010100111111111110101010101010101010101010101001111111111111111
11111111111111110000000011110101010100111111111110101010101010101010101010101001111111111111111
11111111111111110000000011010101010100111111111110101010101010101010101010101001111111111111111
11111111111111110000000011010101010100111111111110101010101010101010101010101001111111111111111
11111111111111110000000001010101010100111111111110101010101010101010101010101001111111111111111
11111111111111110000000001010101010100111111111110101010101010101010101010101001111111111111111
11111111111111110000000011010101010100111111111110101010101010101010101010101001111111111111111
11111111111111110000000111010101010100111111111110101010101010101010101010101001111111111111111
11111111111111110000001111010101010100111111111110101010101010101010101010101001111111111111111
11111111111111110000001111010101010100111111111110101010101010101010101010101001111111111111111
11111111111111110000001101010101010100111111111110101010101010101010101010101001111111111111111
11111111111111110000001100010101010100111111111110101010101010101010101010101001111111111111111
11111111111111110000001100110101010100111111111110101010101010101010101010101001111111111111111
11111111111111110000001101110101010100111111111110101010101010101010101010101001111111111111111
11111111111111110000001101110101010100111111111110101010101010101010101010101001111111111111111
11111111111111110000001101100101010100111111111110101010101010101010101010101001111111111111111
11111111111111110000001101101101010100111111111110101010101010101010101010101001111111111111111
11111111111111110000001101111101010100111111111110101010101010101010101010101001111111111111111
11111111111111110000001101111101010100111111111110101010101010101010101010101001111111111111111
11111111111111110000001101111001010100111111111110101010101010101010101010101001111111111111111
11111111111111110000001101111011010100111111111110101010101010101010101010101001111111111111111
11111111111111110000001101111111010100111111111110101010101010101010101010101001111111111111111
11111111111111110000001101111111010100111111111110101010101010101010101010101001111111111111111
11111111111111110000001101111110010100111111111110101010101010101010101010101001111111111111111
11111111111111110000001101111110110100111111111110101010101010101010101010101001111111111111111
11111111111111110000001101111111110100111111111110101010101010101010101010101001111111111111111
11111111111111110000001101111111110100111111111110101010101010101010101010101001111111111111111
11111111111111110000001101111111100100111111111110101010101010101010101010101001111111111111111
11111111111111110000001101111111101100111111111110101010101010101010101010101001111111111111111
11111111111111110000001101111111111100111111111110101010101010101010101010101001111111111111111
11111111111111110000001101111111111100111111111110101010101010101010101010101001111111111111111
11111111111111110000001101111111111000111111111110101010101010101010101010101001111111111111111
11111111111111110000001101111111111010111111111110101010101010101010101010101001111111111111111
11111111111111110000001101111111111110111111111110101010101010101010101010101001111111111111111
11111111111111110000001101111111111110111111111110101010101010101010101010101001111111111111111
11111111111111110000001101111111111111111111111110101010101010101010101010101001111111111111111
11111111111111110000001101111111111101111111111110101010101010101010101010101001111111111111111
11111111111111110000001101111111111001111111111110101010101010101010101010101001111111111111111
11111111111111110000001101111111111001111111111110101010101010101010101010101001111111111111111
11111111111111110000001101111111101001111111111110101010101010101010101010101001111111111111111
11111111111111110000001101111111101001111111111110101010101010101010101010101001111111111111111
11111111111111110000001101111110101001111111111110101010101010101010101010101001111111111111111
11111111111111110000001101111110101001111111111110101010101010101010101010101001111111111111111
11111111111111110000001101111010101001111111111110101010101010101010101010101001111111111111111
11111111111111110000001101111010101001111111111110101010101010101010101010101001111111111111111
11111111111111110000001101101010101001111111111110101010101010101010101010101001111111111111111
11111111111111110000001101101010101001111111111110101010101010101010101010101001111111111111111
11111111111111110000001100101010101001111111111110101010101010101010101010101001111111111111111
11111111111111110000001100101010101001111111111110101010101010101010101010101001111111111111111
11111111111111110000001101101010101001111111111110101010101010101010101010101001111111111111111
11111111111111110000001111101010101001111111111110101010101010101010101010101001111111111111111
11111111111111110000001011101010101001111111111110101010101010101010101010101001111111111111111
11111111111111110000000011101010101001111111111110101010101010101010101010101001111111111111111
11111111111111110000000011101010101001111111111110101010101010101010101010101001111111111111111
11111111111111110000001011101010101001111111111110101010101010101010101010101001111111111111111
11111111111111110000011011101010101001111111111110101010101010101010101010101001111111111111111
11111111111111110000111011101010101001111111111110101010101010101010101010101001111111111111111
11111111111111110000111011101010101001111111111110101010101010101010101010101001111111111111111
11111111111111110000110011101010101001111111111110101010101010101010101010101001111111111111111
11111111111111110000110111101010101001111111111110101010101010101010101010101001111111111111111
11111111111111110000111111101010101001111111111110101010101010101010101010101001111111111111111
11111111111111110000111111101010101001111111111110101010101010101010101010101001111111111111111
11111111111111110000111101101010101001111111111110101010101010101010101010101001111111111111111
11111111111111110000111100101010101001111111111110101010101010101010101010101001111111111111111
11111111111111110000111100001010101001111111111110101010101010101010101010101001111111111111111
11111111111111110000111100011010101001111111111110101010101010101010101010101001111111111111111
11111111111111110000111100111010101001111111111110101010101010101010101010101001111111111111111
11111111111111110000111100111010101001111111111110101010101010101010101010101001111111111111111
11111111111111110000111100110010101001111111111110101010101010101010101010101001111111111111111
11111111111111110000111100110110101001111111111110101010101010101010101010101001111111111111111
11111111111111110000111100111110101001111111111110101010101010101010101010101001111111111111111
11111111111111110000111100111110101001111111111110101010101010101010101010101001111111111111111
11111111111111110000111100111100101001111111111110101010101010101010101010101001111111111111111
11111111111111110000111100111101101001111111111110101010101010101010101010101001111111111111111
11111111111111110000111100111111101001111111111110101010101010101010101010101001111111111111111
11111111111111110000111100111111101001111111111110101010101010101010101010101001111111111111111
11111111111111110000111100111111001001111111111110101010101010101010101010101001111111111111111
11111111111111110000111100111111011001111111111110101010101010101010101010101001111111111111111
11111111111111110000111100111111111001111111111110101010101010101010101010101001111111111111111
11111111111111110000111100111111111001111111111110101010101010101010101010101001111111111111111
11111111111111110000111100111111110001111111111110101010101010101010101010101001111111111111111
11111111111111110000111100111111110101111111111110101010101010101010101010101001111111111111111
11111111111111110000111100111111111101111111111110101010101010101010101010101001111111111111111
11111111111111110000111100111111111101111111111110101010101010101010101010101001111111111111111
11111111111111110000111100111111111111111111111110101010101010101010101010101001111111111111111
11111111111111110000111100111111111011111111111110101010101010101010101010101001111111111111111
11111111111111110000111100111111110011111111111110101010101010101010101010101001111111111111111
11111111111111110000111100111111110011111111111110101010101010101010101010101001111111111111111
11111111111111110000111100111111010011111111111110101010101010101010101010101001111111111111111
11111111111111110000111100111111010011111111111110101010101010101010101010101001111111111111111
11111111111111110000111100111101010011111111111110101010101010101010101010101001111111111111111
11111111111111110000111100111101010011111111111110101010101010101010101010101001111111111111111
11111111111111110000111100110101010011111111111110101010101010101010101010101001111111111111111
11111111111111110000111100110101010011111111111110101010101010101010101010101001111111111111111
11111111111111110000111100010101010011111111111110101010101010101010101010101001111111111111111
11111111111111110000111100010101010011111111111110101010101010101010101010101001111111111111111
11111111111111110000111100110101010011111111111110101010101010101010101010101001111111111111111
11111111111111110000111101110101010011111111111110101010101010101010101010101001111111111111111
11111111111111110000111111110101010011111111111110101010101010101010101010101001111111111111111
11111111111111110000111111110101010011111111111110101010101010101010101010101001111111111111111
11111111111111110000111111010101010011111111111110101010101010101010101010101001111111111111111
11111111111111110000111111000101010011111111111110101010101010101010101010101001111111111111111
11111111111111110000111111001101010011111111111110101010101010101010101010101001111111111111111
11111111111111110000111111011101010011111111111110101010101010101010101010101001111111111111111
11111111111111110000111111011101010011111111111110101010101010101010101010101001111111111111111
11111111111111110000111111011001010011111111111110101010101010101010101010101001111111111111111
11111111111111110000111111011011010011111111111110101010101010101010101010101001111111111111111
11111111111111110000111111011111010011111111111110101010101010101010101010101001111111111111111
11111111111111110000111111011111010011111111111110101010101010101010101010101001111111111111111
11111111111111110000111111011110010011111111111110101010101010101010101010101001111111111111111
11111111111111110000111111011110110011111111111110101010101010101010101010101001111111111111111
11111111111111110000111111011111110011111111111110101010101010101010101010101001111111111111111
11111111111111110000111111011111110011111111111110101010101010101010101010101001111111111111111
11111111111111110000111111011111100011111111111110101010101010101010101010101001111111111111111
11111111111111110000111111011111101011111111111110101010101010101010101010101001111111111111111
11111111111111110000111111011111111011111111111110101010101010101010101010101001111111111111111
11111111111111110000111111011111111011111111111110101010101010101010101010101001111111111111111
11111111111111110000111111011111111111111111111110101010101010101010101010101001111111111111111
11111111111111110000111111011111110111111111111110101010101010101010101010101001111111111111111
11111111111111110000111111011111100111111111111110101010101010101010101010101001111111111111111
11111111111111110000111111011111100111111111111110101010101010101010101010101001111111111111111
11111111111111110000111111011110100111111111111110101010101010101010101010101001111111111111111
11111111111111110000111111011110100111111111111110101010101010101010101010101001111111111111111
11111111111111110000111111011010100111111111111110101010101010101010101010101001111111111111111
11111111111111110000111111011010100111111111111110101010101010101010101010101001111111111111111
11111111111111110000111111001010100111111111111110101010101010101010101010101001111111111111111
11111111111111110000111111001010100111111111111110101010101010101010101010101001111111111111111
11111111111111110000111111011010100111111111111110101010101010101010101010101001111111111111111
11111111111111110000111111111010100111111111111110101010101010101010101010101001111111111111111
11111111111111110000111110111010100111111111111110101010101010101010101010101001111111111111111
11111111111111110000111100111010100111111111111110101010101010101010101010101001111111111111111
11111111111111110000111100111010100111111111111110101010101010101010101010101001111111111111111
11111111111111110000110100111010100111111111111110101010101010101010101010101001111111111111111
11111111111111110000110100111010100111111111111110101010101010101010101010101001111111111111111
11111111111111110000010100111010100111111111111110101010101010101010101010101001111111111111111
11111111111111110000010100111010100111111111111110101010101010101010101010101001111111111111111
11111111111111110000110100111010100111111111111110101010101010101010101010101001111111111111111
11111111111111110001110100111010100111111111111110101010101010101010101010101001111111111111111
11111111111111110011110100111010100111111111111110101010101010101010101010101001111111111111111
11111111111111110011110100111010100111111111111110101010101010101010101010101001111111111111111
11111111111111110011010100111010100111111111111110101010101010101010101010101001111111111111111
11111111111111110011000100111010100111111111111110101010101010101010101010101001111111111111111
11111111111111110011001100111010100111111111111110101010101010101010101010101001111111111111111
11111111111111110011011100111010100111111111111110101010101010101010101010101001111111111111111
11111111111111110011011100111010100111111111111110101010101010101010101010101001111111111111111
11111111111111110011011000111010100111111111111110101010101010101010101010101001111111111111111
11111111111111110011011010111010100111111111111110101010101010101010101010101001111111111111111
11111111111111110011011110111010100111111111111110101010101010101010101010101001111111111111111
11111111111111110011011110111010100111111111111110101010101010101010101010101001111111111111111
11111111111111110011011111111010100111111111111110101010101010101010101010101001111111111111111
11111111111111110011011101111010100111111111111110101010101010101010101010101001111111111111111
11111111111111110011011001111010100111111111111110101010101010101010101010101001111111111111111
11111111111111110011011001111010100111111111111110101010101010101010101010101001111111111111111
11111111111111110011001001111010100111111111111110101010101010101010101010101001111111111111111
11111111111111110011001001111010100111111111111110101010101010101010101010101001111111111111111
11111111111111110011011001111010100111111111111110101010101010101010101010101001111111111111111
11111111111111110011111001111010100111111111111110101010101010101010101010101001111111111111111
11111111111111110010111001111010100111111111111110101010101010101010101010101001111111111111111
11111111111111110000111001111010100111111111111110101010101010101010101010101001111111111111111
11111111111111110000111001111010100111111111111110101010101010101010101010101001111111111111111
11111111111111110010111001111010100111111111111110101010101010101010101010101001111111111111111
11111111111111110110111001111010100111111111111110101010101010101010101010101001111111111111111
11111111111111111110111001111010100111111111111110101010101010101010101010101001111111111111111
11111111111111111110111001111010100111111111111110101010101010101010101010101001111111111111111
11111111111111111100111001111010100111111111111110101010101010101010101010101001111111111111111
11111111111111111101111001111010100111111111111110101010101010101010101010101001111111111111111
11111111111111111111111001111010100111111111111110101010101010101010101010101001111111111111111
11111111111111111111111001111010100111111111111110101010101010101010101010101001111111111111111
11111111111111111111011001111010100111111111111110101010101010101010101010101001111111111111111
11111111111111111111001001111010100111111111111110101010101010101010101010101001111111111111111
11111111111111111111000001111010100111111111111110101010101010101010101010101001111111111111111
11111111111111111111000101111010100111111111111110101010101010101010101010101001111111111111111
11111111111111111111001101111010100111111111111110101010101010101010101010101001111111111111111
11111111111111111111001101111010100111111111111110101010101010101010101010101001111111111111111
11111111111111111111001111111010100111111111111110101010101010101010101010101001111111111111111
11111111111111111111001011111010100111111111111110101010101010101010101010101001111111111111111
11111111111111111111000011111010100111111111111110101010101010101010101010101001111111111111111
11111111111111111111000011111010100111111111111110101010101010101010101010101001111111111111111
11111111111111111111001011111010100111111111111110101010101010101010101010101001111111111111111
11111111111111111111011011111010100111111111111110101010101010101010101010101001111111111111111
11111111111111111111111011111010100111111111111110101010101010101010101010101001111111111111111
11111111111111111111111011111010100111111111111110101010101010101010101010101001111111111111111
11111111111111111111110011111010100111111111111110101010101010101010101010101001111111111111111
11111111111111111111110111111010100111111111111110101010101010101010101010101001111111111111111
11111111111111111111111111111010100111111111111110101010101010101010101010101001111111111111111
11111111111111111111111111111010100111111111111110101010101010101010101010101001111111111111111
11111111111111111111111101111010100111111111111110101010101010101010101010101001111111111111111
11111111111111111111111100111010100111111111111110101010101010101010101010101001111111111111111
11111111111111111111111100011010100111111111111110101010101010101010101010101001111111111111111
11111111111111111111111100001010100111111111111110101010101010101010101010101001111111111111111
11111111111111111111111100000010100111111111111110101010101010101010101010101001111111111111111
11111111111111111111111100000110100111111111111110101010101010101010101010101001111111111111111
11111111111111111111111100001110100111111111111110101010101010101010101010101001111111111111111
11111111111111111111111100001110100111111111111110101010101010101010101010101001111111111111111
11111111111111111111111100001100100111111111111110101010101010101010101010101001111111111111111
11111111111111111111111100001101100111111111111110101010101010101010101010101001111111111111111
11111111111111111111111100001111100111111111111110101010101010101010101010101001111111111111111
11111111111111111111111100001111100111111111111110101010101010101010101010101001111111111111111
11111111111111111111111100001111000111111111111110101010101010101010101010101001111111111111111
11111111111111111111111100001111010111111111111110101010101010101010101010101001111111111111111
11111111111111111111111100001111110111111111111110101010101010101010101010101001111111111111111
11111111111111111111111100001111110111111111111110101010101010101010101010101001111111111111111
11111111111111111111111100001111111111111111111110101010101010101010101010101001111111111111111
11111111111111111111111100001111101111111111111110101010101010101010101010101001111111111111111
11111111111111111111111100001111001111111111111110101010101010101010101010101001111111111111111
11111111111111111111111100001111001111111111111110101010101010101010101010101001111111111111111
11111111111111111111111100001101001111111111111110101010101010101010101010101001111111111111111
11111111111111111111111100001101001111111111111110101010101010101010101010101001111111111111111
11111111111111111111111100000101001111111111111110101010101010101010101010101001111111111111111
11111111111111111111111100000101001111111111111110101010101010101010101010101001111111111111111
11111111111111111111111100001101001111111111111110101010101010101010101010101001111111111111111
11111111111111111111111100011101001111111111111110101010101010101010101010101001111111111111111
11111111111111111111111100111101001111111111111110101010101010101010101010101001111111111111111
11111111111111111111111100111101001111111111111110101010101010101010101010101001111111111111111
11111111111111111111111100110101001111111111111110101010101010101010101010101001111111111111111
11111111111111111111111100110001001111111111111110101010101010101010101010101001111111111111111
11111111111111111111111100110011001111111111111110101010101010101010101010101001111111111111111
11111111111111111111111100110111001111111111111110101010101010101010101010101001111111111111111
11111111111111111111111100110111001111111111111110101010101010101010101010101001111111111111111
11111111111111111111111100110110001111111111111110101010101010101010101010101001111111111111111
11111111111111111111111100110110101111111111111110101010101010101010101010101001111111111111111
11111111111111111111111100110111101111111111111110101010101010101010101010101001111111111111111
11111111111111111111111100110111101111111111111110101010101010101010101010101001111111111111111
11111111111111111111111100110111111111111111111110101010101010101010101010101001111111111111111
11111111111111111111111100110111011111111111111110101010101010101010101010101001111111111111111
11111111111111111111111100110110011111111111111110101010101010101010101010101001111111111111111
11111111111111111111111100110110011111111111111110101010101010101010101010101001111111111111111
11111111111111111111111100110010011111111111111110101010101010101010101010101001111111111111111
11111111111111111111111100110010011111111111111110101010101010101010101010101001111111111111111
11111111111111111111111100110110011111111111111110101010101010101010101010101001111111111111111
11111111111111111111111100111110011111111111111110101010101010101010101010101001111111111111111
11111111111111111111111100101110011111111111111110101010101010101010101010101001111111111111111
11111111111111111111111100001110011111111111111110101010101010101010101010101001111111111111111
11111111111111111111111100001110011111111111111110101010101010101010101010101001111111111111111
11111111111111111111111100101110011111111111111110101010101010101010101010101001111111111111111
11111111111111111111111101101110011111111111111110101010101010101010101010101001111111111111111
11111111111111111111111111101110011111111111111110101010101010101010101010101001111111111111111
11111111111111111111111111101110011111111111111110101010101010101010101010101001111111111111111
11111111111111111111111111001110011111111111111110101010101010101010101010101001111111111111111
11111111111111111111111111011110011111111111111110101010101010101010101010101001111111111111111
11111111111111111111111111111110011111111111111110101010101010101010101010101001111111111111111
11111111111111111111111111111110011111111111111110101010101010101010101010101001111111111111111
11111111111111111111111111110110011111111111111110101010101010101010101010101001111111111111111
11111111111111111111111111110010011111111111111110101010101010101010101010101001111111111111111
11111111111111111111111111110000011111111111111110101010101010101010101010101001111111111111111
11111111111111111111111111110001011111111111111110101010101010101010101010101001111111111111111
11111111111111111111111111110011011111111111111110101010101010101010101010101001111111111111111
11111111111111111111111111110011011111111111111110101010101010101010101010101001111111111111111
11111111111111111111111111110011111111111111111110101010101010101010101010101001111111111111111
11111111111111111111111111110010111111111111111110101010101010101010101010101001111111111111111
11111111111111111111111111110000111111111111111110101010101010101010101010101001111111111111111
11111111111111111111111111110000111111111111111110101010101010101010101010101001111111111111111
11111111111111111111111111110010111111111111111110101010101010101010101010101001111111111111111
11111111111111111111111111110110111111111111111110101010101010101010101010101001111111111111111
11111111111111111111111111111110111111111111111110101010101010101010101010101001111111111111111
11111111111111111111111111111110111111111111111110101010101010101010101010101001111111111111111
11111111111111111111111111111100111111111111111110101010101010101010101010101001111111111111111
11111111111111111111111111111101111111111111111110101010101010101010101010101001111111111111111
11111111111111111111111111111111111111111111111110101010101010101010101010101001111111111111111
11111111111111111111111111111111111111111111111110101010101010101010101010101001111111111111111
11111111111111111111111111111111011111111111111110101010101010101010101010101001111111111111111
11111111111111111111111111111111001111111111111110101010101010101010101010101001111111111111111
11111111111111111111111111111111000111111111111110101010101010101010101010101001111111111111111
11111111111111111111111111111111000011111111111110101010101010101010101010101001111111111111111
11111111111111111111111111111111000001111111111110101010101010101010101010101001111111111111111
11111111111111111111111111111111000000111111111110101010101010101010101010101001111111111111111
11111111111111111111111111111111000000011111111110101010101010101010101010101001111111111111111
11111111111111111111111111111111000000001111111110101010101010101010101010101001111111111111111
11111111111111111111111111111111000000000111111110101010101010101010101010101001111111111111111
11111111111111111111111111111111000000000011111110101010101010101010101010101001111111111111111
11111111111111111111111111111111000000000001111110101010101010101010101010101001111111111111111
11111111111111111111111111111111000000000000111110101010101010101010101010101001111111111111111
11111111111111111111111111111111000000000000011110101010101010101010101010101001111111111111111
11111111111111111111111111111111000000000000001110101010101010101010101010101001111111111111111
11111111111111111111111111111111000000000000000110101010101010101010101010101001111111111111111
11111111111111111111111111111111000000000000000010101010101010101010101010101001111111111111111
11111111111111111111111111111111000000000000000000101010101010101010101010101001111111111111111
11111111111111111111111111111111000000000000000001101010101010101010101010101001111111111111111
11111111111111111111111111111111000000000000000011101010101010101010101010101001111111111111111
11111111111111111111111111111111000000000000000011101010101010101010101010101001111111111111111
11111111111111111111111111111111000000000000000011001010101010101010101010101001111111111111111
11111111111111111111111111111111000000000000000011011010101010101010101010101001111111111111111
11111111111111111111111111111111000000000000000011111010101010101010101010101001111111111111111
11111111111111111111111111111111000000000000000011111010101010101010101010101001111111111111111
11111111111111111111111111111111000000000000000011110010101010101010101010101001111111111111111
11111111111111111111111111111111000000000000000011110110101010101010101010101001111111111111111
11111111111111111111111111111111000000000000000011111110101010101010101010101001111111111111111
11111111111111111111111111111111000000000000000011111110101010101010101010101001111111111111111
11111111111111111111111111111111000000000000000011111100101010101010101010101001111111111111111
11111111111111111111111111111111000000000000000011111101101010101010101010101001111111111111111
11111111111111111111111111111111000000000000000011111111101010101010101010101001111111111111111
11111111111111111111111111111111000000000000000011111111101010101010101010101001111111111111111
11111111111111111111111111111111000000000000000011111111001010101010101010101001111111111111111
11111111111111111111111111111111000000000000000011111111011010101010101010101001111111111111111
11111111111111111111111111111111000000000000000011111111111010101010101010101001111111111111111
11111111111111111111111111111111000000000000000011111111111010101010101010101001111111111111111
11111111111111111111111111111111000000000000000011111111110010101010101010101001111111111111111
11111111111111111111111111111111000000000000000011111111110110101010101010101001111111111111111
11111111111111111111111111111111000000000000000011111111111110101010101010101001111111111111111
11111111111111111111111111111111000000000000000011111111111110101010101010101001111111111111111
11111111111111111111111111111111000000000000000011111111111100101010101010101001111111111111111
11111111111111111111111111111111000000000000000011111111111101101010101010101001111111111111111
11111111111111111111111111111111000000000000000011111111111111101010101010101001111111111111111
11111111111111111111111111111111000000000000000011111111111111101010101010101001111111111111111
11111111111111111111111111111111000000000000000011111111111111001010101010101001111111111111111
11111111111111111111111111111111000000000000000011111111111111011010101010101001111111111111111
11111111111111111111111111111111000000000000000011111111111111111010101010101001111111111111111
11111111111111111111111111111111000000000000000011111111111111111010101010101001111111111111111
11111111111111111111111111111111000000000000000011111111111111110010101010101001111111111111111
11111111111111111111111111111111000000000000000011111111111111110110101010101001111111111111111
11111111111111111111111111111111000000000000000011111111111111111110101010101001111111111111111
11111111111111111111111111111111000000000000000011111111111111111110101010101001111111111111111
11111111111111111111111111111111000000000000000011111111111111111100101010101001111111111111111
11111111111111111111111111111111000000000000000011111111111111111101101010101001111111111111111
11111111111111111111111111111111000000000000000011111111111111111111101010101001111111111111111
11111111111111111111111111111111000000000000000011111111111111111111101010101001111111111111111
11111111111111111111111111111111000000000000000011111111111111111111001010101001111111111111111
11111111111111111111111111111111000000000000000011111111111111111111011010101001111111111111111
11111111111111111111111111111111000000000000000011111111111111111111111010101001111111111111111
11111111111111111111111111111111000000000000000011111111111111111111111010101001111111111111111
11111111111111111111111111111111000000000000000011111111111111111111110010101001111111111111111
11111111111111111111111111111111000000000000000011111111111111111111110110101001111111111111111
11111111111111111111111111111111000000000000000011111111111111111111111110101001111111111111111
11111111111111111111111111111111000000000000000011111111111111111111111110101001111111111111111
11111111111111111111111111111111000000000000000011111111111111111111111100101001111111111111111
11111111111111111111111111111111000000000000000011111111111111111111111101101001111111111111111
11111111111111111111111111111111000000000000000011111111111111111111111111101001111111111111111
11111111111111111111111111111111000000000000000011111111111111111111111111101001111111111111111
11111111111111111111111111111111000000000000000011111111111111111111111111001001111111111111111
11111111111111111111111111111111000000000000000011111111111111111111111111011001111111111111111
11111111111111111111111111111111000000000000000011111111111111111111111111111001111111111111111
11111111111111111111111111111111000000000000000011111111111111111111111111111001111111111111111
11111111111111111111111111111111000000000000000011111111111111111111111111110001111111111111111
11111111111111111111111111111111000000000000000011111111111111111111111111110101111111111111111
11111111111111111111111111111111000000000000000011111111111111111111111111111101111111111111111
11111111111111111111111111111111000000000000000011111111111111111111111111111101111111111111111
11111111111111111111111111111111000000000000000011111111111111111111111111111111111111111111111
11111111111111111111111111111111000000000000000011111111111111111111111111111011111111111111111
11111111111111111111111111111111000000000000000011111111111111111111111111110011111111111111111
11111111111111111111111111111111000000000000000011111111111111111111111111110011111111111111111
11111111111111111111111111111111000000000000000011111111111111111111111111010011111111111111111
11111111111111111111111111111111000000000000000011111111111111111111111111010011111111111111111
11111111111111111111111111111111000000000000000011111111111111111111111101010011111111111111111
11111111111111111111111111111111000000000000000011111111111111111111111101010011111111111111111
11111111111111111111111111111111000000000000000011111111111111111111110101010011111111111111111
11111111111111111111111111111111000000000000000011111111111111111111110101010011111111111111111
11111111111111111111111111111111000000000000000011111111111111111111010101010011111111111111111
11111111111111111111111111111111000000000000000011111111111111111111010101010011111111111111111
11111111111111111111111111111111000000000000000011111111111111111101010101010011111111111111111
11111111111111111111111111111111000000000000000011111111111111111101010101010011111111111111111
11111111111111111111111111111111000000000000000011111111111111110101010101010011111111111111111
11111111111111111111111111111111000000000000000011111111111111110101010101010011111111111111111
11111111111111111111111111111111000000000000000011111111111111010101010101010011111111111111111
11111111111111111111111111111111000000000000000011111111111111010101010101010011111111111111111
11111111111111111111111111111111000000000000000011111111111101010101010101010011111111111111111
11111111111111111111111111111111000000000000000011111111111101010101010101010011111111111111111
11111111111111111111111111111111000000000000000011111111110101010101010101010011111111111111111
11111111111111111111111111111111000000000000000011111111110101010101010101010011111111111111111
11111111111111111111111111111111000000000000000011111111010101010101010101010011111111111111111
11111111111111111111111111111111000000000000000011111111010101010101010101010011111111111111111
11111111111111111111111111111111000000000000000011111101010101010101010101010011111111111111111
11111111111111111111111111111111000000000000000011111101010101010101010101010011111111111111111
11111111111111111111111111111111000000000000000011110101010101010101010101010011111111111111111
11111111111111111111111111111111000000000000000011110101010101010101010101010011111111111111111
11111111111111111111111111111111000000000000000011010101010101010101010101010011111111111111111
11111111111111111111111111111111000000000000000011010101010101010101010101010011111111111111111
11111111111111111111111111111111000000000000000001010101010101010101010101010011111111111111111
11111111111111111111111111111111000000000000000001010101010101010101010101010011111111111111111
11111111111111111111111111111111000000000000000011010101010101010101010101010011111111111111111
11111111111111111111111111111111000000000000000111010101010101010101010101010011111111111111111
11111111111111111111111111111111000000000000001111010101010101010101010101010011111111111111111
11111111111111111111111111111111000000000000001111010101010101010101010101010011111111111111111
11111111111111111111111111111111000000000000001101010101010101010101010101010011111111111111111
11111111111111111111111111111111000000000000001100010101010101010101010101010011111111111111111
11111111111111111111111111111111000000000000001100110101010101010101010101010011111111111111111
11111111111111111111111111111111000000000000001101110101010101010101010101010011111111111111111
11111111111111111111111111111111000000000000001101110101010101010101010101010011111111111111111
11111111111111111111111111111111000000000000001101100101010101010101010101010011111111111111111
11111111111111111111111111111111000000000000001101101101010101010101010101010011111111111111111
11111111111111111111111111111111000000000000001101111101010101010101010101010011111111111111111
11111111111111111111111111111111000000000000001101111101010101010101010101010011111111111111111
11111111111111111111111111111111000000000000001101111001010101010101010101010011111111111111111
11111111111111111111111111111111000000000000001101111011010101010101010101010011111111111111111
11111111111111111111111111111111000000000000001101111111010101010101010101010011111111111111111
11111111111111111111111111111111000000000000001101111111010101010101010101010011111111111111111
11111111111111111111111111111111000000000000001101111110010101010101010101010011111111111111111
11111111111111111111111111111111000000000000001101111110110101010101010101010011111111111111111
11111111111111111111111111111111000000000000001101111111110101010101010101010011111111111111111
11111111111111111111111111111111000000000000001101111111110101010101010101010011111111111111111
11111111111111111111111111111111000000000000001101111111100101010101010101010011111111111111111
11111111111111111111111111111111000000000000001101111111101101010101010101010011111111111111111
11111111111111111111111111111111000000000000001101111111111101010101010101010011111111111111111
11111111111111111111111111111111000000000000001101111111111101010101010101010011111111111111111
11111111111111111111111111111111000000000000001101111111111001010101010101010011111111111111111
11111111111111111111111111111111000000000000001101111111111011010101010101010011111111111111111
11111111111111111111111111111111000000000000001101111111111111010101010101010011111111111111111
11111111111111111111111111111111000000000000001101111111111111010101010101010011111111111111111
11111111111111111111111111111111000000000000001101111111111110010101010101010011111111111111111
11111111111111111111111111111111000000000000001101111111111110110101010101010011111111111111111
11111111111111111111111111111111000000000000001101111111111111110101010101010011111111111111111
11111111111111111111111111111111000000000000001101111111111111110101010101010011111111111111111
11111111111111111111111111111111000000000000001101111111111111100101010101010011111111111111111
11111111111111111111111111111111000000000000001101111111111111101101010101010011111111111111111
11111111111111111111111111111111000000000000001101111111111111111101010101010011111111111111111
11111111111111111111111111111111000000000000001101111111111111111101010101010011111111111111111
11111111111111111111111111111111000000000000001101111111111111111001010101010011111111111111111
11111111111111111111111111111111000000000000001101111111111111111011010101010011111111111111111
11111111111111111111111111111111000000000000001101111111111111111111010101010011111111111111111
11111111111111111111111111111111000000000000001101111111111111111111010101010011111111111111111
11111111111111111111111111111111000000000000001101111111111111111110010101010011111111111111111
11111111111111111111111111111111000000000000001101111111111111111110110101010011111111111111111
11111111111111111111111111111111000000000000001101111111111111111111110101010011111111111111111
11111111111111111111111111111111000000000000001101111111111111111111110101010011111111111111111
11111111111111111111111111111111000000000000001101111111111111111111100101010011111111111111111
11111111111111111111111111111111000000000000001101111111111111111111101101010011111111111111111
11111111111111111111111111111111000000000000001101111111111111111111111101010011111111111111111
11111111111111111111111111111111000000000000001101111111111111111111111101010011111111111111111
11111111111111111111111111111111000000000000001101111111111111111111111001010011111111111111111
11111111111111111111111111111111000000000000001101111111111111111111111011010011111111111111111
11111111111111111111111111111111000000000000001101111111111111111111111111010011111111111111111
11111111111111111111111111111111000000000000001101111111111111111111111111010011111111111111111
11111111111111111111111111111111000000000000001101111111111111111111111110010011111111111111111
11111111111111111111111111111111000000000000001101111111111111111111111110110011111111111111111
11111111111111111111111111111111000000000000001101111111111111111111111111110011111111111111111
11111111111111111111111111111111000000000000001101111111111111111111111111110011111111111111111
11111111111111111111111111111111000000000000001101111111111111111111111111100011111111111111111
11111111111111111111111111111111000000000000001101111111111111111111111111101011111111111111111
11111111111111111111111111111111000000000000001101111111111111111111111111111011111111111111111
11111111111111111111111111111111000000000000001101111111111111111111111111111011111111111111111
11111111111111111111111111111111000000000000001101111111111111111111111111111111111111111111111
11111111111111111111111111111111000000000000001101111111111111111111111111110111111111111111111
11111111111111111111111111111111000000000000001101111111111111111111111111100111111111111111111
11111111111111111111111111111111000000000000001101111111111111111111111111100111111111111111111
11111111111111111111111111111111000000000000001101111111111111111111111110100111111111111111111
11111111111111111111111111111111000000000000001101111111111111111111111110100111111111111111111
11111111111111111111111111111111000000000000001101111111111111111111111010100111111111111111111
11111111111111111111111111111111000000000000001101111111111111111111111010100111111111111111111
11111111111111111111111111111111000000000000001101111111111111111111101010100111111111111111111
11111111111111111111111111111111000000000000001101111111111111111111101010100111111111111111111
11111111111111111111111111111111000000000000001101111111111111111110101010100111111111111111111
11111111111111111111111111111111000000000000001101111111111111111110101010100111111111111111111
11111111111111111111111111111111000000000000001101111111111111111010101010100111111111111111111
11111111111111111111111111111111000000000000001101111111111111111010101010100111111111111111111
11111111111111111111111111111111000000000000001101111111111111101010101010100111111111111111111
11111111111111111111111111111111000000000000001101111111111111101010101010100111111111111111111
11111111111111111111111111111111000000000000001101111111111110101010101010100111111111111111111
11111111111111111111111111111111000000000000001101111111111110101010101010100111111111111111111
11111111111111111111111111111111000000000000001101111111111010101010101010100111111111111111111
11111111111111111111111111111111000000000000001101111111111010101010101010100111111111111111111
11111111111111111111111111111111000000000000001101111111101010101010101010100111111111111111111
11111111111111111111111111111111000000000000001101111111101010101010101010100111111111111111111
11111111111111111111111111111111000000000000001101111110101010101010101010100111111111111111111
11111111111111111111111111111111000000000000001101111110101010101010101010100111111111111111111
11111111111111111111111111111111000000000000001101111010101010101010101010100111111111111111111
11111111111111111111111111111111000000000000001101111010101010101010101010100111111111111111111
11111111111111111111111111111111000000000000001101101010101010101010101010100111111111111111111
11111111111111111111111111111111000000000000001101101010101010101010101010100111111111111111111
11111111111111111111111111111111000000000000001100101010101010101010101010100111111111111111111
11111111111111111111111111111111000000000000001100101010101010101010101010100111111111111111111
11111111111111111111111111111111000000000000001101101010101010101010101010100111111111111111111
11111111111111111111111111111111000000000000001111101010101010101010101010100111111111111111111
11111111111111111111111111111111000000000000001011101010101010101010101010100111111111111111111
11111111111111111111111111111111000000000000000011101010101010101010101010100111111111111111111
11111111111111111111111111111111000000000000000011101010101010101010101010100111111111111111111
11111111111111111111111111111111000000000000001011101010101010101010101010100111111111111111111
11111111111111111111111111111111000000000000011011101010101010101010101010100111111111111111111
11111111111111111111111111111111000000000000111011101010101010101010101010100111111111111111111
11111111111111111111111111111111000000000000111011101010101010101010101010100111111111111111111
11111111111111111111111111111111000000000000110011101010101010101010101010100111111111111111111
11111111111111111111111111111111000000000000110111101010101010101010101010100111111111111111111
11111111111111111111111111111111000000000000111111101010101010101010101010100111111111111111111
11111111111111111111111111111111000000000000111111101010101010101010101010100111111111111111111
11111111111111111111111111111111000000000000111101101010101010101010101010100111111111111111111
11111111111111111111111111111111000000000000111100101010101010101010101010100111111111111111111
11111111111111111111111111111111000000000000111100001010101010101010101010100111111111111111111
11111111111111111111111111111111000000000000111100011010101010101010101010100111111111111111111
11111111111111111111111111111111000000000000111100111010101010101010101010100111111111111111111
11111111111111111111111111111111000000000000111100111010101010101010101010100111111111111111111
11111111111111111111111111111111000000000000111100110010101010101010101010100111111111111111111
11111111111111111111111111111111000000000000111100110110101010101010101010100111111111111111111
11111111111111111111111111111111000000000000111100111110101010101010101010100111111111111111111
11111111111111111111111111111111000000000000111100111110101010101010101010100111111111111111111
11111111111111111111111111111111000000000000111100111100101010101010101010100111111111111111111
11111111111111111111111111111111000000000000111100111101101010101010101010100111111111111111111
11111111111111111111111111111111000000000000111100111111101010101010101010100111111111111111111
11111111111111111111111111111111000000000000111100111111101010101010101010100111111111111111111
11111111111111111111111111111111000000000000111100111111001010101010101010100111111111111111111
11111111111111111111111111111111000000000000111100111111011010101010101010100111111111111111111
11111111111111111111111111111111000000000000111100111111111010101010101010100111111111111111111
11111111111111111111111111111111000000000000111100111111111010101010101010100111111111111111111
11111111111111111111111111111111000000000000111100111111110010101010101010100111111111111111111
11111111111111111111111111111111000000000000111100111111110110101010101010100111111111111111111
11111111111111111111111111111111000000000000111100111111111110101010101010100111111111111111111
11111111111111111111111111111111000000000000111100111111111110101010101010100111111111111111111
11111111111111111111111111111111000000000000111100111111111100101010101010100111111111111111111
11111111111111111111111111111111000000000000111100111111111101101010101010100111111111111111111
11111111111111111111111111111111000000000000111100111111111111101010101010100111111111111111111
11111111111111111111111111111111000000000000111100111111111111101010101010100111111111111111111
11111111111111111111111111111111000000000000111100111111111111001010101010100111111111111111111
11111111111111111111111111111111000000000000111100111111111111011010101010100111111111111111111
11111111111111111111111111111111000000000000111100111111111111111010101010100111111111111111111
11111111111111111111111111111111000000000000111100111111111111111010101010100111111111111111111
11111111111111111111111111111111000000000000111100111111111111110010101010100111111111111111111
11111111111111111111111111111111000000000000111100111111111111110110101010100111111111111111111
11111111111111111111111111111111000000000000111100111111111111111110101010100111111111111111111
11111111111111111111111111111111000000000000111100111111111111111110101010100111111111111111111
11111111111111111111111111111111000000000000111100111111111111111100101010100111111111111111111
11111111111111111111111111111111000000000000111100111111111111111101101010100111111111111111111
11111111111111111111111111111111000000000000111100111111111111111111101010100111111111111111111
11111111111111111111111111111111000000000000111100111111111111111111101010100111111111111111111
11111111111111111111111111111111000000000000111100111111111111111111001010100111111111111111111
11111111111111111111111111111111000000000000111100111111111111111111011010100111111111111111111
11111111111111111111111111111111000000000000111100111111111111111111111010100111111111111111111
11111111111111111111111111111111000000000000111100111111111111111111111010100111111111111111111
11111111111111111111111111111111000000000000111100111111111111111111110010100111111111111111111
11111111111111111111111111111111000000000000111100111111111111111111110110100111111111111111111
11111111111111111111111111111111000000000000111100111111111111111111111110100111111111111111111
11111111111111111111111111111111000000000000111100111111111111111111111110100111111111111111111
11111111111111111111111111111111000000000000111100111111111111111111111100100111111111111111111
11111111111111111111111111111111000000000000111100111111111111111111111101100111111111111111111
11111111111111111111111111111111000000000000111100111111111111111111111111100111111111111111111
11111111111111111111111111111111000000000000111100111111111111111111111111100111111111111111111
11111111111111111111111111111111000000000000111100111111111111111111111111000111111111111111111
11111111111111111111111111111111000000000000111100111111111111111111111111010111111111111111111
11111111111111111111111111111111000000000000111100111111111111111111111111110111111111111111111
11111111111111111111111111111111000000000000111100111111111111111111111111110111111111111111111
11111111111111111111111111111111000000000000111100111111111111111111111111111111111111111111111
11111111111111111111111111111111000000000000111100111111111111111111111111101111111111111111111
11111111111111111111111111111111000000000000111100111111111111111111111111001111111111111111111
11111111111111111111111111111111000000000000111100111111111111111111111111001111111111111111111
11111111111111111111111111111111000000000000111100111111111111111111111101001111111111111111111
11111111111111111111111111111111000000000000111100111111111111111111111101001111111111111111111
11111111111111111111111111111111000000000000111100111111111111111111110101001111111111111111111
11111111111111111111111111111111000000000000111100111111111111111111110101001111111111111111111
11111111111111111111111111111111000000000000111100111111111111111111010101001111111111111111111
11111111111111111111111111111111000000000000111100111111111111111111010101001111111111111111111
11111111111111111111111111111111000000000000111100111111111111111101010101001111111111111111111
11111111111111111111111111111111000000000000111100111111111111111101010101001111111111111111111
11111111111111111111111111111111000000000000111100111111111111110101010101001111111111111111111
11111111111111111111111111111111000000000000111100111111111111110101010101001111111111111111111
11111111111111111111111111111111000000000000111100111111111111010101010101001111111111111111111
11111111111111111111111111111111000000000000111100111111111111010101010101001111111111111111111
11111111111111111111111111111111000000000000111100111111111101010101010101001111111111111111111
11111111111111111111111111111111000000000000111100111111111101010101010101001111111111111111111
11111111111111111111111111111111000000000000111100111111110101010101010101001111111111111111111
11111111111111111111111111111111000000000000111100111111110101010101010101001111111111111111111
11111111111111111111111111111111000000000000111100111111010101010101010101001111111111111111111
11111111111111111111111111111111000000000000111100111111010101010101010101001111111111111111111
11111111111111111111111111111111000000000000111100111101010101010101010101001111111111111111111
11111111111111111111111111111111000000000000111100111101010101010101010101001111111111111111111
11111111111111111111111111111111000000000000111100110101010101010101010101001111111111111111111
11111111111111111111111111111111000000000000111100110101010101010101010101001111111111111111111
11111111111111111111111111111111000000000000111100010101010101010101010101001111111111111111111
11111111111111111111111111111111000000000000111100010101010101010101010101001111111111111111111
11111111111111111111111111111111000000000000111100110101010101010101010101001111111111111111111
11111111111111111111111111111111000000000000111101110101010101010101010101001111111111111111111
11111111111111111111111111111111000000000000111111110101010101010101010101001111111111111111111
11111111111111111111111111111111000000000000111111110101010101010101010101001111111111111111111
11111111111111111111111111111111000000000000111111010101010101010101010101001111111111111111111
11111111111111111111111111111111000000000000111111000101010101010101010101001111111111111111111
11111111111111111111111111111111000000000000111111001101010101010101010101001111111111111111111
11111111111111111111111111111111000000000000111111011101010101010101010101001111111111111111111
11111111111111111111111111111111000000000000111111011101010101010101010101001111111111111111111
11111111111111111111111111111111000000000000111111011001010101010101010101001111111111111111111
11111111111111111111111111111111000000000000111111011011010101010101010101001111111111111111111
11111111111111111111111111111111000000000000111111011111010101010101010101001111111111111111111
11111111111111111111111111111111000000000000111111011111010101010101010101001111111111111111111
11111111111111111111111111111111000000000000111111011110010101010101010101001111111111111111111
11111111111111111111111111111111000000000000111111011110110101010101010101001111111111111111111
11111111111111111111111111111111000000000000111111011111110101010101010101001111111111111111111
11111111111111111111111111111111000000000000111111011111110101010101010101001111111111111111111
11111111111111111111111111111111000000000000111111011111100101010101010101001111111111111111111
11111111111111111111111111111111000000000000111111011111101101010101010101001111111111111111111
11111111111111111111111111111111000000000000111111011111111101010101010101001111111111111111111
11111111111111111111111111111111000000000000111111011111111101010101010101001111111111111111111
11111111111111111111111111111111000000000000111111011111111001010101010101001111111111111111111
11111111111111111111111111111111000000000000111111011111111011010101010101001111111111111111111
11111111111111111111111111111111000000000000111111011111111111010101010101001111111111111111111
11111111111111111111111111111111000000000000111111011111111111010101010101001111111111111111111
11111111111111111111111111111111000000000000111111011111111110010101010101001111111111111111111
11111111111111111111111111111111000000000000111111011111111110110101010101001111111111111111111
11111111111111111111111111111111000000000000111111011111111111110101010101001111111111111111111
11111111111111111111111111111111000000000000111111011111111111110101010101001111111111111111111
11111111111111111111111111111111000000000000111111011111111111100101010101001111111111111111111
11111111111111111111111111111111000000000000111111011111111111101101010101001111111111111111111
11111111111111111111111111111111000000000000111111011111111111111101010101001111111111111111111
11111111111111111111111111111111000000000000111111011111111111111101010101001111111111111111111
11111111111111111111111111111111000000000000111111011111111111111001010101001111111111111111111
11111111111111111111111111111111000000000000111111011111111111111011010101001111111111111111111
11111111111111111111111111111111000000000000111111011111111111111111010101001111111111111111111
11111111111111111111111111111111000000000000111111011111111111111111010101001111111111111111111
11111111111111111111111111111111000000000000111111011111111111111110010101001111111111111111111
11111111111111111111111111111111000000000000111111011111111111111110110101001111111111111111111
11111111111111111111111111111111000000000000111111011111111111111111110101001111111111111111111
11111111111111111111111111111111000000000000111111011111111111111111110101001111111111111111111
11111111111111111111111111111111000000000000111111011111111111111111100101001111111111111111111
11111111111111111111111111111111000000000000111111011111111111111111101101001111111111111111111
11111111111111111111111111111111000000000000111111011111111111111111111101001111111111111111111
11111111111111111111111111111111000000000000111111011111111111111111111101001111111111111111111
11111111111111111111111111111111000000000000111111011111111111111111111001001111111111111111111
11111111111111111111111111111111000000000000111111011111111111111111111011001111111111111111111
11111111111111111111111111111111000000000000111111011111111111111111111111001111111111111111111
11111111111111111111111111111111000000000000111111011111111111111111111111001111111111111111111
11111111111111111111111111111111000000000000111111011111111111111111111110001111111111111111111
11111111111111111111111111111111000000000000111111011111111111111111111110101111111111111111111
11111111111111111111111111111111000000000000111111011111111111111111111111101111111111111111111
11111111111111111111111111111111000000000000111111011111111111111111111111101111111111111111111
11111111111111111111111111111111000000000000111111011111111111111111111111111111111111111111111
11111111111111111111111111111111000000000000111111011111111111111111111111011111111111111111111
11111111111111111111111111111111000000000000111111011111111111111111111110011111111111111111111
11111111111111111111111111111111000000000000111111011111111111111111111110011111111111111111111
11111111111111111111111111111111000000000000111111011111111111111111111010011111111111111111111
11111111111111111111111111111111000000000000111111011111111111111111111010011111111111111111111
11111111111111111111111111111111000000000000111111011111111111111111101010011111111111111111111
11111111111111111111111111111111000000000000111111011111111111111111101010011111111111111111111
11111111111111111111111111111111000000000000111111011111111111111110101010011111111111111111111
11111111111111111111111111111111000000000000111111011111111111111110101010011111111111111111111
11111111111111111111111111111111000000000000111111011111111111111010101010011111111111111111111
11111111111111111111111111111111000000000000111111011111111111111010101010011111111111111111111
11111111111111111111111111111111000000000000111111011111111111101010101010011111111111111111111
11111111111111111111111111111111000000000000111111011111111111101010101010011111111111111111111
11111111111111111111111111111111000000000000111111011111111110101010101010011111111111111111111
11111111111111111111111111111111000000000000111111011111111110101010101010011111111111111111111
11111111111111111111111111111111000000000000111111011111111010101010101010011111111111111111111
11111111111111111111111111111111000000000000111111011111111010101010101010011111111111111111111
11111111111111111111111111111111000000000000111111011111101010101010101010011111111111111111111
11111111111111111111111111111111000000000000111111011111101010101010101010011111111111111111111
11111111111111111111111111111111000000000000111111011110101010101010101010011111111111111111111
11111111111111111111111111111111000000000000111111011110101010101010101010011111111111111111111
11111111111111111111111111111111000000000000111111011010101010101010101010011111111111111111111
11111111111111111111111111111111000000000000111111011010101010101010101010011111111111111111111
11111111111111111111111111111111000000000000111111001010101010101010101010011111111111111111111
11111111111111111111111111111111000000000000111111001010101010101010101010011111111111111111111
11111111111111111111111111111111000000000000111111011010101010101010101010011111111111111111111
11111111111111111111111111111111000000000000111111111010101010101010101010011111111111111111111
11111111111111111111111111111111000000000000111110111010101010101010101010011111111111111111111
11111111111111111111111111111111000000000000111100111010101010101010101010011111111111111111111
11111111111111111111111111111111000000000000111100111010101010101010101010011111111111111111111
11111111111111111111111111111111000000000000110100111010101010101010101010011111111111111111111
11111111111111111111111111111111000000000000110100111010101010101010101010011111111111111111111
11111111111111111111111111111111000000000000010100111010101010101010101010011111111111111111111
11111111111111111111111111111111000000000000010100111010101010101010101010011111111111111111111
11111111111111111111111111111111000000000000110100111010101010101010101010011111111111111111111
11111111111111111111111111111111000000000001110100111010101010101010101010011111111111111111111
11111111111111111111111111111111000000000011110100111010101010101010101010011111111111111111111
11111111111111111111111111111111000000000011110100111010101010101010101010011111111111111111111
11111111111111111111111111111111000000000011010100111010101010101010101010011111111111111111111
11111111111111111111111111111111000000000011000100111010101010101010101010011111111111111111111
11111111111111111111111111111111000000000011001100111010101010101010101010011111111111111111111
11111111111111111111111111111111000000000011011100111010101010101010101010011111111111111111111
11111111111111111111111111111111000000000011011100111010101010101010101010011111111111111111111
11111111111111111111111111111111000000000011011000111010101010101010101010011111111111111111111
11111111111111111111111111111111000000000011011010111010101010101010101010011111111111111111111
11111111111111111111111111111111000000000011011110111010101010101010101010011111111111111111111
11111111111111111111111111111111000000000011011110111010101010101010101010011111111111111111111
11111111111111111111111111111111000000000011011111111010101010101010101010011111111111111111111
11111111111111111111111111111111000000000011011101111010101010101010101010011111111111111111111
11111111111111111111111111111111000000000011011001111010101010101010101010011111111111111111111
11111111111111111111111111111111000000000011011001111010101010101010101010011111111111111111111
11111111111111111111111111111111000000000011001001111010101010101010101010011111111111111111111
11111111111111111111111111111111000000000011001001111010101010101010101010011111111111111111111
11111111111111111111111111111111000000000011011001111010101010101010101010011111111111111111111
11111111111111111111111111111111000000000011111001111010101010101010101010011111111111111111111
11111111111111111111111111111111000000000010111001111010101010101010101010011111111111111111111
11111111111111111111111111111111000000000000111001111010101010101010101010011111111111111111111
11111111111111111111111111111111000000000000111001111010101010101010101010011111111111111111111
11111111111111111111111111111111000000000010111001111010101010101010101010011111111111111111111
11111111111111111111111111111111000000000110111001111010101010101010101010011111111111111111111
11111111111111111111111111111111000000001110111001111010101010101010101010011111111111111111111
11111111111111111111111111111111000000001110111001111010101010101010101010011111111111111111111
11111111111111111111111111111111000000001100111001111010101010101010101010011111111111111111111
11111111111111111111111111111111000000001101111001111010101010101010101010011111111111111111111
11111111111111111111111111111111000000001111111001111010101010101010101010011111111111111111111
11111111111111111111111111111111000000001111111001111010101010101010101010011111111111111111111
11111111111111111111111111111111000000001111011001111010101010101010101010011111111111111111111
11111111111111111111111111111111000000001111001001111010101010101010101010011111111111111111111
11111111111111111111111111111111000000001111000001111010101010101010101010011111111111111111111
11111111111111111111111111111111000000001111000101111010101010101010101010011111111111111111111
11111111111111111111111111111111000000001111001101111010101010101010101010011111111111111111111
11111111111111111111111111111111000000001111001101111010101010101010101010011111111111111111111
11111111111111111111111111111111000000001111001111111010101010101010101010011111111111111111111
11111111111111111111111111111111000000001111001011111010101010101010101010011111111111111111111
11111111111111111111111111111111000000001111000011111010101010101010101010011111111111111111111
11111111111111111111111111111111000000001111000011111010101010101010101010011111111111111111111
11111111111111111111111111111111000000001111001011111010101010101010101010011111111111111111111
11111111111111111111111111111111000000001111011011111010101010101010101010011111111111111111111
11111111111111111111111111111111000000001111111011111010101010101010101010011111111111111111111
11111111111111111111111111111111000000001111111011111010101010101010101010011111111111111111111
11111111111111111111111111111111000000001111110011111010101010101010101010011111111111111111111
11111111111111111111111111111111000000001111110111111010101010101010101010011111111111111111111
11111111111111111111111111111111000000001111111111111010101010101010101010011111111111111111111
11111111111111111111111111111111000000001111111111111010101010101010101010011111111111111111111
11111111111111111111111111111111000000001111111101111010101010101010101010011111111111111111111
11111111111111111111111111111111000000001111111100111010101010101010101010011111111111111111111
11111111111111111111111111111111000000001111111100011010101010101010101010011111111111111111111
11111111111111111111111111111111000000001111111100001010101010101010101010011111111111111111111
11111111111111111111111111111111000000001111111100000010101010101010101010011111111111111111111
11111111111111111111111111111111000000001111111100000110101010101010101010011111111111111111111
11111111111111111111111111111111000000001111111100001110101010101010101010011111111111111111111
11111111111111111111111111111111000000001111111100001110101010101010101010011111111111111111111
11111111111111111111111111111111000000001111111100001100101010101010101010011111111111111111111
11111111111111111111111111111111000000001111111100001101101010101010101010011111111111111111111
11111111111111111111111111111111000000001111111100001111101010101010101010011111111111111111111
11111111111111111111111111111111000000001111111100001111101010101010101010011111111111111111111
11111111111111111111111111111111000000001111111100001111001010101010101010011111111111111111111
11111111111111111111111111111111000000001111111100001111011010101010101010011111111111111111111
11111111111111111111111111111111000000001111111100001111111010101010101010011111111111111111111
11111111111111111111111111111111000000001111111100001111111010101010101010011111111111111111111
11111111111111111111111111111111000000001111111100001111110010101010101010011111111111111111111
11111111111111111111111111111111000000001111111100001111110110101010101010011111111111111111111
11111111111111111111111111111111000000001111111100001111111110101010101010011111111111111111111
11111111111111111111111111111111000000001111111100001111111110101010101010011111111111111111111
11111111111111111111111111111111000000001111111100001111111100101010101010011111111111111111111
11111111111111111111111111111111000000001111111100001111111101101010101010011111111111111111111
11111111111111111111111111111111000000001111111100001111111111101010101010011111111111111111111
11111111111111111111111111111111000000001111111100001111111111101010101010011111111111111111111
11111111111111111111111111111111000000001111111100001111111111001010101010011111111111111111111
11111111111111111111111111111111000000001111111100001111111111011010101010011111111111111111111
11111111111111111111111111111111000000001111111100001111111111111010101010011111111111111111111
11111111111111111111111111111111000000001111111100001111111111111010101010011111111111111111111
11111111111111111111111111111111000000001111111100001111111111110010101010011111111111111111111
11111111111111111111111111111111000000001111111100001111111111110110101010011111111111111111111
11111111111111111111111111111111000000001111111100001111111111111110101010011111111111111111111
11111111111111111111111111111111000000001111111100001111111111111110101010011111111111111111111
11111111111111111111111111111111000000001111111100001111111111111100101010011111111111111111111
11111111111111111111111111111111000000001111111100001111111111111101101010011111111111111111111
11111111111111111111111111111111000000001111111100001111111111111111101010011111111111111111111
11111111111111111111111111111111000000001111111100001111111111111111101010011111111111111111111
11111111111111111111111111111111000000001111111100001111111111111111001010011111111111111111111
11111111111111111111111111111111000000001111111100001111111111111111011010011111111111111111111
11111111111111111111111111111111000000001111111100001111111111111111111010011111111111111111111
11111111111111111111111111111111000000001111111100001111111111111111111010011111111111111111111
11111111111111111111111111111111000000001111111100001111111111111111110010011111111111111111111
11111111111111111111111111111111000000001111111100001111111111111111110110011111111111111111111
11111111111111111111111111111111000000001111111100001111111111111111111110011111111111111111111
11111111111111111111111111111111000000001111111100001111111111111111111110011111111111111111111
11111111111111111111111111111111000000001111111100001111111111111111111100011111111111111111111
11111111111111111111111111111111000000001111111100001111111111111111111101011111111111111111111
11111111111111111111111111111111000000001111111100001111111111111111111111011111111111111111111
11111111111111111111111111111111000000001111111100001111111111111111111111011111111111111111111
11111111111111111111111111111111000000001111111100001111111111111111111111111111111111111111111
11111111111111111111111111111111000000001111111100001111111111111111111110111111111111111111111
11111111111111111111111111111111000000001111111100001111111111111111111100111111111111111111111
11111111111111111111111111111111000000001111111100001111111111111111111100111111111111111111111
11111111111111111111111111111111000000001111111100001111111111111111110100111111111111111111111
11111111111111111111111111111111000000001111111100001111111111111111110100111111111111111111111
11111111111111111111111111111111000000001111111100001111111111111111010100111111111111111111111
11111111111111111111111111111111000000001111111100001111111111111111010100111111111111111111111
11111111111111111111111111111111000000001111111100001111111111111101010100111111111111111111111
11111111111111111111111111111111000000001111111100001111111111111101010100111111111111111111111
11111111111111111111111111111111000000001111111100001111111111110101010100111111111111111111111
11111111111111111111111111111111000000001111111100001111111111110101010100111111111111111111111
11111111111111111111111111111111000000001111111100001111111111010101010100111111111111111111111
11111111111111111111111111111111000000001111111100001111111111010101010100111111111111111111111
11111111111111111111111111111111000000001111111100001111111101010101010100111111111111111111111
11111111111111111111111111111111000000001111111100001111111101010101010100111111111111111111111
11111111111111111111111111111111000000001111111100001111110101010101010100111111111111111111111
11111111111111111111111111111111000000001111111100001111110101010101010100111111111111111111111
11111111111111111111111111111111000000001111111100001111010101010101010100111111111111111111111
11111111111111111111111111111111000000001111111100001111010101010101010100111111111111111111111
11111111111111111111111111111111000000001111111100001101010101010101010100111111111111111111111
11111111111111111111111111111111000000001111111100001101010101010101010100111111111111111111111
11111111111111111111111111111111000000001111111100000101010101010101010100111111111111111111111
11111111111111111111111111111111000000001111111100000101010101010101010100111111111111111111111
11111111111111111111111111111111000000001111111100001101010101010101010100111111111111111111111
11111111111111111111111111111111000000001111111100011101010101010101010100111111111111111111111
11111111111111111111111111111111000000001111111100111101010101010101010100111111111111111111111
11111111111111111111111111111111000000001111111100111101010101010101010100111111111111111111111
11111111111111111111111111111111000000001111111100110101010101010101010100111111111111111111111
11111111111111111111111111111111000000001111111100110001010101010101010100111111111111111111111
11111111111111111111111111111111000000001111111100110011010101010101010100111111111111111111111
11111111111111111111111111111111000000001111111100110111010101010101010100111111111111111111111
11111111111111111111111111111111000000001111111100110111010101010101010100111111111111111111111
11111111111111111111111111111111000000001111111100110110010101010101010100111111111111111111111
11111111111111111111111111111111000000001111111100110110110101010101010100111111111111111111111
11111111111111111111111111111111000000001111111100110111110101010101010100111111111111111111111
11111111111111111111111111111111000000001111111100110111110101010101010100111111111111111111111
11111111111111111111111111111111000000001111111100110111100101010101010100111111111111111111111
11111111111111111111111111111111000000001111111100110111101101010101010100111111111111111111111
11111111111111111111111111111111000000001111111100110111111101010101010100111111111111111111111
11111111111111111111111111111111000000001111111100110111111101010101010100111111111111111111111
11111111111111111111111111111111000000001111111100110111111001010101010100111111111111111111111
11111111111111111111111111111111000000001111111100110111111011010101010100111111111111111111111
11111111111111111111111111111111000000001111111100110111111111010101010100111111111111111111111
11111111111111111111111111111111000000001111111100110111111111010101010100111111111111111111111
11111111111111111111111111111111000000001111111100110111111110010101010100111111111111111111111
11111111111111111111111111111111000000001111111100110111111110110101010100111111111111111111111
11111111111111111111111111111111000000001111111100110111111111110101010100111111111111111111111
11111111111111111111111111111111000000001111111100110111111111110101010100111111111111111111111
11111111111111111111111111111111000000001111111100110111111111100101010100111111111111111111111
11111111111111111111111111111111000000001111111100110111111111101101010100111111111111111111111
11111111111111111111111111111111000000001111111100110111111111111101010100111111111111111111111
11111111111111111111111111111111000000001111111100110111111111111101010100111111111111111111111
11111111111111111111111111111111000000001111111100110111111111111001010100111111111111111111111
11111111111111111111111111111111000000001111111100110111111111111011010100111111111111111111111
11111111111111111111111111111111000000001111111100110111111111111111010100111111111111111111111
11111111111111111111111111111111000000001111111100110111111111111111010100111111111111111111111
11111111111111111111111111111111000000001111111100110111111111111110010100111111111111111111111
11111111111111111111111111111111000000001111111100110111111111111110110100111111111111111111111
11111111111111111111111111111111000000001111111100110111111111111111110100111111111111111111111
11111111111111111111111111111111000000001111111100110111111111111111110100111111111111111111111
11111111111111111111111111111111000000001111111100110111111111111111100100111111111111111111111
11111111111111111111111111111111000000001111111100110111111111111111101100111111111111111111111
11111111111111111111111111111111000000001111111100110111111111111111111100111111111111111111111
11111111111111111111111111111111000000001111111100110111111111111111111100111111111111111111111
11111111111111111111111111111111000000001111111100110111111111111111111000111111111111111111111
11111111111111111111111111111111000000001111111100110111111111111111111010111111111111111111111
11111111111111111111111111111111000000001111111100110111111111111111111110111111111111111111111
11111111111111111111111111111111000000001111111100110111111111111111111110111111111111111111111
11111111111111111111111111111111000000001111111100110111111111111111111111111111111111111111111
11111111111111111111111111111111000000001111111100110111111111111111111101111111111111111111111
11111111111111111111111111111111000000001111111100110111111111111111111001111111111111111111111
11111111111111111111111111111111000000001111111100110111111111111111111001111111111111111111111
11111111111111111111111111111111000000001111111100110111111111111111101001111111111111111111111
11111111111111111111111111111111000000001111111100110111111111111111101001111111111111111111111
11111111111111111111111111111111000000001111111100110111111111111110101001111111111111111111111
11111111111111111111111111111111000000001111111100110111111111111110101001111111111111111111111
11111111111111111111111111111111000000001111111100110111111111111010101001111111111111111111111
11111111111111111111111111111111000000001111111100110111111111111010101001111111111111111111111
11111111111111111111111111111111000000001111111100110111111111101010101001111111111111111111111
11111111111111111111111111111111000000001111111100110111111111101010101001111111111111111111111
11111111111111111111111111111111000000001111111100110111111110101010101001111111111111111111111
11111111111111111111111111111111000000001111111100110111111110101010101001111111111111111111111
11111111111111111111111111111111000000001111111100110111111010101010101001111111111111111111111
11111111111111111111111111111111000000001111111100110111111010101010101001111111111111111111111
11111111111111111111111111111111000000001111111100110111101010101010101001111111111111111111111
11111111111111111111111111111111000000001111111100110111101010101010101001111111111111111111111
11111111111111111111111111111111000000001111111100110110101010101010101001111111111111111111111
11111111111111111111111111111111000000001111111100110110101010101010101001111111111111111111111
11111111111111111111111111111111000000001111111100110010101010101010101001111111111111111111111
11111111111111111111111111111111000000001111111100110010101010101010101001111111111111111111111
11111111111111111111111111111111000000001111111100110110101010101010101001111111111111111111111
11111111111111111111111111111111000000001111111100111110101010101010101001111111111111111111111
11111111111111111111111111111111000000001111111100101110101010101010101001111111111111111111111
11111111111111111111111111111111000000001111111100001110101010101010101001111111111111111111111
11111111111111111111111111111111000000001111111100001110101010101010101001111111111111111111111
11111111111111111111111111111111000000001111111100101110101010101010101001111111111111111111111
11111111111111111111111111111111000000001111111101101110101010101010101001111111111111111111111
11111111111111111111111111111111000000001111111111101110101010101010101001111111111111111111111
11111111111111111111111111111111000000001111111111101110101010101010101001111111111111111111111
11111111111111111111111111111111000000001111111111001110101010101010101001111111111111111111111
11111111111111111111111111111111000000001111111111011110101010101010101001111111111111111111111
11111111111111111111111111111111000000001111111111111110101010101010101001111111111111111111111
11111111111111111111111111111111000000001111111111111110101010101010101001111111111111111111111
11111111111111111111111111111111000000001111111111110110101010101010101001111111111111111111111
11111111111111111111111111111111000000001111111111110010101010101010101001111111111111111111111
11111111111111111111111111111111000000001111111111110000101010101010101001111111111111111111111
11111111111111111111111111111111000000001111111111110001101010101010101001111111111111111111111
11111111111111111111111111111111000000001111111111110011101010101010101001111111111111111111111
11111111111111111111111111111111000000001111111111110011101010101010101001111111111111111111111
11111111111111111111111111111111000000001111111111110011001010101010101001111111111111111111111
11111111111111111111111111111111000000001111111111110011011010101010101001111111111111111111111
11111111111111111111111111111111000000001111111111110011111010101010101001111111111111111111111
11111111111111111111111111111111000000001111111111110011111010101010101001111111111111111111111
11111111111111111111111111111111000000001111111111110011110010101010101001111111111111111111111
11111111111111111111111111111111000000001111111111110011110110101010101001111111111111111111111
11111111111111111111111111111111000000001111111111110011111110101010101001111111111111111111111
11111111111111111111111111111111000000001111111111110011111110101010101001111111111111111111111
11111111111111111111111111111111000000001111111111110011111100101010101001111111111111111111111
11111111111111111111111111111111000000001111111111110011111101101010101001111111111111111111111
11111111111111111111111111111111000000001111111111110011111111101010101001111111111111111111111
11111111111111111111111111111111000000001111111111110011111111101010101001111111111111111111111
11111111111111111111111111111111000000001111111111110011111111001010101001111111111111111111111
11111111111111111111111111111111000000001111111111110011111111011010101001111111111111111111111
11111111111111111111111111111111000000001111111111110011111111111010101001111111111111111111111
11111111111111111111111111111111000000001111111111110011111111111010101001111111111111111111111
11111111111111111111111111111111000000001111111111110011111111110010101001111111111111111111111
11111111111111111111111111111111000000001111111111110011111111110110101001111111111111111111111
11111111111111111111111111111111000000001111111111110011111111111110101001111111111111111111111
11111111111111111111111111111111000000001111111111110011111111111110101001111111111111111111111
11111111111111111111111111111111000000001111111111110011111111111100101001111111111111111111111
11111111111111111111111111111111000000001111111111110011111111111101101001111111111111111111111
11111111111111111111111111111111000000001111111111110011111111111111101001111111111111111111111
11111111111111111111111111111111000000001111111111110011111111111111101001111111111111111111111
11111111111111111111111111111111000000001111111111110011111111111111001001111111111111111111111
11111111111111111111111111111111000000001111111111110011111111111111011001111111111111111111111
11111111111111111111111111111111000000001111111111110011111111111111111001111111111111111111111
11111111111111111111111111111111000000001111111111110011111111111111111001111111111111111111111
11111111111111111111111111111111000000001111111111110011111111111111110001111111111111111111111
11111111111111111111111111111111000000001111111111110011111111111111110101111111111111111111111
11111111111111111111111111111111000000001111111111110011111111111111111101111111111111111111111
11111111111111111111111111111111000000001111111111110011111111111111111101111111111111111111111
11111111111111111111111111111111000000001111111111110011111111111111111111111111111111111111111
11111111111111111111111111111111000000001111111111110011111111111111111011111111111111111111111
11111111111111111111111111111111000000001111111111110011111111111111110011111111111111111111111
11111111111111111111111111111111000000001111111111110011111111111111110011111111111111111111111
11111111111111111111111111111111000000001111111111110011111111111111010011111111111111111111111
11111111111111111111111111111111000000001111111111110011111111111111010011111111111111111111111
11111111111111111111111111111111000000001111111111110011111111111101010011111111111111111111111
11111111111111111111111111111111000000001111111111110011111111111101010011111111111111111111111
11111111111111111111111111111111000000001111111111110011111111110101010011111111111111111111111
11111111111111111111111111111111000000001111111111110011111111110101010011111111111111111111111
11111111111111111111111111111111000000001111111111110011111111010101010011111111111111111111111
11111111111111111111111111111111000000001111111111110011111111010101010011111111111111111111111
11111111111111111111111111111111000000001111111111110011111101010101010011111111111111111111111
11111111111111111111111111111111000000001111111111110011111101010101010011111111111111111111111
11111111111111111111111111111111000000001111111111110011110101010101010011111111111111111111111
11111111111111111111111111111111000000001111111111110011110101010101010011111111111111111111111
11111111111111111111111111111111000000001111111111110011010101010101010011111111111111111111111
11111111111111111111111111111111000000001111111111110011010101010101010011111111111111111111111
11111111111111111111111111111111000000001111111111110001010101010101010011111111111111111111111
11111111111111111111111111111111000000001111111111110001010101010101010011111111111111111111111
11111111111111111111111111111111000000001111111111110011010101010101010011111111111111111111111
11111111111111111111111111111111000000001111111111110111010101010101010011111111111111111111111
11111111111111111111111111111111000000001111111111111111010101010101010011111111111111111111111
11111111111111111111111111111111000000001111111111111111010101010101010011111111111111111111111
11111111111111111111111111111111000000001111111111111101010101010101010011111111111111111111111
11111111111111111111111111111111000000001111111111111100010101010101010011111111111111111111111
11111111111111111111111111111111000000001111111111111100110101010101010011111111111111111111111
11111111111111111111111111111111000000001111111111111101110101010101010011111111111111111111111
11111111111111111111111111111111000000001111111111111101110101010101010011111111111111111111111
11111111111111111111111111111111000000001111111111111101100101010101010011111111111111111111111
11111111111111111111111111111111000000001111111111111101101101010101010011111111111111111111111
11111111111111111111111111111111000000001111111111111101111101010101010011111111111111111111111
11111111111111111111111111111111000000001111111111111101111101010101010011111111111111111111111
11111111111111111111111111111111000000001111111111111101111001010101010011111111111111111111111
11111111111111111111111111111111000000001111111111111101111011010101010011111111111111111111111
11111111111111111111111111111111000000001111111111111101111111010101010011111111111111111111111
11111111111111111111111111111111000000001111111111111101111111010101010011111111111111111111111
11111111111111111111111111111111000000001111111111111101111110010101010011111111111111111111111
11111111111111111111111111111111000000001111111111111101111110110101010011111111111111111111111
11111111111111111111111111111111000000001111111111111101111111110101010011111111111111111111111
11111111111111111111111111111111000000001111111111111101111111110101010011111111111111111111111
11111111111111111111111111111111000000001111111111111101111111100101010011111111111111111111111
11111111111111111111111111111111000000001111111111111101111111101101010011111111111111111111111
11111111111111111111111111111111000000001111111111111101111111111101010011111111111111111111111
11111111111111111111111111111111000000001111111111111101111111111101010011111111111111111111111
11111111111111111111111111111111000000001111111111111101111111111001010011111111111111111111111
11111111111111111111111111111111000000001111111111111101111111111011010011111111111111111111111
11111111111111111111111111111111000000001111111111111101111111111111010011111111111111111111111
11111111111111111111111111111111000000001111111111111101111111111111010011111111111111111111111
11111111111111111111111111111111000000001111111111111101111111111110010011111111111111111111111
11111111111111111111111111111111000000001111111111111101111111111110110011111111111111111111111
11111111111111111111111111111111000000001111111111111101111111111111110011111111111111111111111
11111111111111111111111111111111000000001111111111111101111111111111110011111111111111111111111
11111111111111111111111111111111000000001111111111111101111111111111100011111111111111111111111
11111111111111111111111111111111000000001111111111111101111111111111101011111111111111111111111
11111111111111111111111111111111000000001111111111111101111111111111111011111111111111111111111
11111111111111111111111111111111000000001111111111111101111111111111111011111111111111111111111
11111111111111111111111111111111000000001111111111111101111111111111111111111111111111111111111
11111111111111111111111111111111000000001111111111111101111111111111110111111111111111111111111
11111111111111111111111111111111000000001111111111111101111111111111100111111111111111111111111
11111111111111111111111111111111000000001111111111111101111111111111100111111111111111111111111
11111111111111111111111111111111000000001111111111111101111111111110100111111111111111111111111
11111111111111111111111111111111000000001111111111111101111111111110100111111111111111111111111
11111111111111111111111111111111000000001111111111111101111111111010100111111111111111111111111
11111111111111111111111111111111000000001111111111111101111111111010100111111111111111111111111
11111111111111111111111111111111000000001111111111111101111111101010100111111111111111111111111
11111111111111111111111111111111000000001111111111111101111111101010100111111111111111111111111
11111111111111111111111111111111000000001111111111111101111110101010100111111111111111111111111
11111111111111111111111111111111000000001111111111111101111110101010100111111111111111111111111
11111111111111111111111111111111000000001111111111111101111010101010100111111111111111111111111
11111111111111111111111111111111000000001111111111111101111010101010100111111111111111111111111
11111111111111111111111111111111000000001111111111111101101010101010100111111111111111111111111
11111111111111111111111111111111000000001111111111111101101010101010100111111111111111111111111
11111111111111111111111111111111000000001111111111111100101010101010100111111111111111111111111
11111111111111111111111111111111000000001111111111111100101010101010100111111111111111111111111
11111111111111111111111111111111000000001111111111111101101010101010100111111111111111111111111
11111111111111111111111111111111000000001111111111111111101010101010100111111111111111111111111
11111111111111111111111111111111000000001111111111111011101010101010100111111111111111111111111
11111111111111111111111111111111000000001111111111110011101010101010100111111111111111111111111
11111111111111111111111111111111000000001111111111110011101010101010100111111111111111111111111
11111111111111111111111111111111000000001111111111010011101010101010100111111111111111111111111
11111111111111111111111111111111000000001111111111010011101010101010100111111111111111111111111
11111111111111111111111111111111000000001111111101010011101010101010100111111111111111111111111
11111111111111111111111111111111000000001111111101010011101010101010100111111111111111111111111
11111111111111111111111111111111000000001111110101010011101010101010100111111111111111111111111
11111111111111111111111111111111000000001111110101010011101010101010100111111111111111111111111
11111111111111111111111111111111000000001111010101010011101010101010100111111111111111111111111
11111111111111111111111111111111000000001111010101010011101010101010100111111111111111111111111
11111111111111111111111111111111000000001101010101010011101010101010100111111111111111111111111
11111111111111111111111111111111000000001101010101010011101010101010100111111111111111111111111
11111111111111111111111111111111000000000101010101010011101010101010100111111111111111111111111
11111111111111111111111111111111000000000101010101010011101010101010100111111111111111111111111
11111111111111111111111111111111000000001101010101010011101010101010100111111111111111111111111
11111111111111111111111111111111000000011101010101010011101010101010100111111111111111111111111
11111111111111111111111111111111000000111101010101010011101010101010100111111111111111111111111
11111111111111111111111111111111000000111101010101010011101010101010100111111111111111111111111
11111111111111111111111111111111000000110101010101010011101010101010100111111111111111111111111
11111111111111111111111111111111000000110001010101010011101010101010100111111111111111111111111
11111111111111111111111111111111000000110011010101010011101010101010100111111111111111111111111
11111111111111111111111111111111000000110111010101010011101010101010100111111111111111111111111
11111111111111111111111111111111000000110111010101010011101010101010100111111111111111111111111
11111111111111111111111111111111000000110110010101010011101010101010100111111111111111111111111
11111111111111111111111111111111000000110110110101010011101010101010100111111111111111111111111
11111111111111111111111111111111000000110111110101010011101010101010100111111111111111111111111
11111111111111111111111111111111000000110111110101010011101010101010100111111111111111111111111
11111111111111111111111111111111000000110111100101010011101010101010100111111111111111111111111
11111111111111111111111111111111000000110111101101010011101010101010100111111111111111111111111
11111111111111111111111111111111000000110111111101010011101010101010100111111111111111111111111
11111111111111111111111111111111000000110111111101010011101010101010100111111111111111111111111
11111111111111111111111111111111000000110111111001010011101010101010100111111111111111111111111
11111111111111111111111111111111000000110111111011010011101010101010100111111111111111111111111
11111111111111111111111111111111000000110111111111010011101010101010100111111111111111111111111
11111111111111111111111111111111000000110111111111010011101010101010100111111111111111111111111
11111111111111111111111111111111000000110111111110010011101010101010100111111111111111111111111
11111111111111111111111111111111000000110111111110110011101010101010100111111111111111111111111
11111111111111111111111111111111000000110111111111110011101010101010100111111111111111111111111
11111111111111111111111111111111000000110111111111110011101010101010100111111111111111111111111
11111111111111111111111111111111000000110111111111100011101010101010100111111111111111111111111
11111111111111111111111111111111000000110111111111101011101010101010100111111111111111111111111
11111111111111111111111111111111000000110111111111111011101010101010100111111111111111111111111
11111111111111111111111111111111000000110111111111111011101010101010100111111111111111111111111
11111111111111111111111111111111000000110111111111111111101010101010100111111111111111111111111
11111111111111111111111111111111000000110111111111110111101010101010100111111111111111111111111
11111111111111111111111111111111000000110111111111100111101010101010100111111111111111111111111
11111111111111111111111111111111000000110111111111100111101010101010100111111111111111111111111
11111111111111111111111111111111000000110111111110100111101010101010100111111111111111111111111
11111111111111111111111111111111000000110111111110100111101010101010100111111111111111111111111
11111111111111111111111111111111000000110111111010100111101010101010100111111111111111111111111
11111111111111111111111111111111000000110111111010100111101010101010100111111111111111111111111
11111111111111111111111111111111000000110111101010100111101010101010100111111111111111111111111
11111111111111111111111111111111000000110111101010100111101010101010100111111111111111111111111
11111111111111111111111111111111000000110110101010100111101010101010100111111111111111111111111
11111111111111111111111111111111000000110110101010100111101010101010100111111111111111111111111
11111111111111111111111111111111000000110010101010100111101010101010100111111111111111111111111
11111111111111111111111111111111000000110010101010100111101010101010100111111111111111111111111
11111111111111111111111111111111000000110110101010100111101010101010100111111111111111111111111
11111111111111111111111111111111000000111110101010100111101010101010100111111111111111111111111
11111111111111111111111111111111000000101110101010100111101010101010100111111111111111111111111
11111111111111111111111111111111000000001110101010100111101010101010100111111111111111111111111
11111111111111111111111111111111000000001110101010100111101010101010100111111111111111111111111
11111111111111111111111111111111000000101110101010100111101010101010100111111111111111111111111
11111111111111111111111111111111000001101110101010100111101010101010100111111111111111111111111
11111111111111111111111111111111000011101110101010100111101010101010100111111111111111111111111
11111111111111111111111111111111000011101110101010100111101010101010100111111111111111111111111
11111111111111111111111111111111000011001110101010100111101010101010100111111111111111111111111
11111111111111111111111111111111000011011110101010100111101010101010100111111111111111111111111
11111111111111111111111111111111000011111110101010100111101010101010100111111111111111111111111
11111111111111111111111111111111000011111110101010100111101010101010100111111111111111111111111
11111111111111111111111111111111000011110110101010100111101010101010100111111111111111111111111
11111111111111111111111111111111000011110010101010100111101010101010100111111111111111111111111
11111111111111111111111111111111000011110000101010100111101010101010100111111111111111111111111
11111111111111111111111111111111000011110001101010100111101010101010100111111111111111111111111
11111111111111111111111111111111000011110011101010100111101010101010100111111111111111111111111
11111111111111111111111111111111000011110011101010100111101010101010100111111111111111111111111
11111111111111111111111111111111000011110011001010100111101010101010100111111111111111111111111
11111111111111111111111111111111000011110011011010100111101010101010100111111111111111111111111
11111111111111111111111111111111000011110011111010100111101010101010100111111111111111111111111
11111111111111111111111111111111000011110011111010100111101010101010100111111111111111111111111
11111111111111111111111111111111000011110011110010100111101010101010100111111111111111111111111
11111111111111111111111111111111000011110011110110100111101010101010100111111111111111111111111
11111111111111111111111111111111000011110011111110100111101010101010100111111111111111111111111
11111111111111111111111111111111000011110011111110100111101010101010100111111111111111111111111
11111111111111111111111111111111000011110011111100100111101010101010100111111111111111111111111
11111111111111111111111111111111000011110011111101100111101010101010100111111111111111111111111
11111111111111111111111111111111000011110011111111100111101010101010100111111111111111111111111
11111111111111111111111111111111000011110011111111100111101010101010100111111111111111111111111
11111111111111111111111111111111000011110011111111000111101010101010100111111111111111111111111
11111111111111111111111111111111000011110011111111010111101010101010100111111111111111111111111
11111111111111111111111111111111000011110011111111110111101010101010100111111111111111111111111
11111111111111111111111111111111000011110011111111110111101010101010100111111111111111111111111
11111111111111111111111111111111000011110011111111111111101010101010100111111111111111111111111
11111111111111111111111111111111000011110011111111101111101010101010100111111111111111111111111
11111111111111111111111111111111000011110011111111001111101010101010100111111111111111111111111
11111111111111111111111111111111000011110011111111001111101010101010100111111111111111111111111
11111111111111111111111111111111000011110011111101001111101010101010100111111111111111111111111
11111111111111111111111111111111000011110011111101001111101010101010100111111111111111111111111
11111111111111111111111111111111000011110011110101001111101010101010100111111111111111111111111
11111111111111111111111111111111000011110011110101001111101010101010100111111111111111111111111
11111111111111111111111111111111000011110011010101001111101010101010100111111111111111111111111
11111111111111111111111111111111000011110011010101001111101010101010100111111111111111111111111
11111111111111111111111111111111000011110001010101001111101010101010100111111111111111111111111
11111111111111111111111111111111000011110001010101001111101010101010100111111111111111111111111
11111111111111111111111111111111000011110011010101001111101010101010100111111111111111111111111
11111111111111111111111111111111000011110111010101001111101010101010100111111111111111111111111
11111111111111111111111111111111000011111111010101001111101010101010100111111111111111111111111
11111111111111111111111111111111000011111111010101001111101010101010100111111111111111111111111
11111111111111111111111111111111000011111101010101001111101010101010100111111111111111111111111
11111111111111111111111111111111000011111100010101001111101010101010100111111111111111111111111
11111111111111111111111111111111000011111100110101001111101010101010100111111111111111111111111
11111111111111111111111111111111000011111101110101001111101010101010100111111111111111111111111
11111111111111111111111111111111000011111101110101001111101010101010100111111111111111111111111
11111111111111111111111111111111000011111101100101001111101010101010100111111111111111111111111
11111111111111111111111111111111000011111101101101001111101010101010100111111111111111111111111
11111111111111111111111111111111000011111101111101001111101010101010100111111111111111111111111
11111111111111111111111111111111000011111101111101001111101010101010100111111111111111111111111
11111111111111111111111111111111000011111101111001001111101010101010100111111111111111111111111
11111111111111111111111111111111000011111101111011001111101010101010100111111111111111111111111
11111111111111111111111111111111000011111101111111001111101010101010100111111111111111111111111
11111111111111111111111111111111000011111101111111001111101010101010100111111111111111111111111
11111111111111111111111111111111000011111101111110001111101010101010100111111111111111111111111
11111111111111111111111111111111000011111101111110101111101010101010100111111111111111111111111
11111111111111111111111111111111000011111101111111101111101010101010100111111111111111111111111
11111111111111111111111111111111000011111101111111101111101010101010100111111111111111111111111
11111111111111111111111111111111000011111101111111111111101010101010100111111111111111111111111
11111111111111111111111111111111000011111101111111011111101010101010100111111111111111111111111
11111111111111111111111111111111000011111101111110011111101010101010100111111111111111111111111
11111111111111111111111111111111000011111101111110011111101010101010100111111111111111111111111
11111111111111111111111111111111000011111101111010011111101010101010100111111111111111111111111
11111111111111111111111111111111000011111101111010011111101010101010100111111111111111111111111
11111111111111111111111111111111000011111101101010011111101010101010100111111111111111111111111
11111111111111111111111111111111000011111101101010011111101010101010100111111111111111111111111
11111111111111111111111111111111000011111100101010011111101010101010100111111111111111111111111
11111111111111111111111111111111000011111100101010011111101010101010100111111111111111111111111
11111111111111111111111111111111000011111101101010011111101010101010100111111111111111111111111
11111111111111111111111111111111000011111111101010011111101010101010100111111111111111111111111
11111111111111111111111111111111000011111011101010011111101010101010100111111111111111111111111
11111111111111111111111111111111000011110011101010011111101010101010100111111111111111111111111
11111111111111111111111111111111000011110011101010011111101010101010100111111111111111111111111
11111111111111111111111111111111000011010011101010011111101010101010100111111111111111111111111
11111111111111111111111111111111000011010011101010011111101010101010100111111111111111111111111
11111111111111111111111111111111000001010011101010011111101010101010100111111111111111111111111
11111111111111111111111111111111000001010011101010011111101010101010100111111111111111111111111
11111111111111111111111111111111000011010011101010011111101010101010100111111111111111111111111
11111111111111111111111111111111000111010011101010011111101010101010100111111111111111111111111
11111111111111111111111111111111001111010011101010011111101010101010100111111111111111111111111
11111111111111111111111111111111001111010011101010011111101010101010100111111111111111111111111
11111111111111111111111111111111001101010011101010011111101010101010100111111111111111111111111
11111111111111111111111111111111001100010011101010011111101010101010100111111111111111111111111
11111111111111111111111111111111001100110011101010011111101010101010100111111111111111111111111
11111111111111111111111111111111001101110011101010011111101010101010100111111111111111111111111
11111111111111111111111111111111001101110011101010011111101010101010100111111111111111111111111
11111111111111111111111111111111001101100011101010011111101010101010100111111111111111111111111
11111111111111111111111111111111001101101011101010011111101010101010100111111111111111111111111
11111111111111111111111111111111001101111011101010011111101010101010100111111111111111111111111
11111111111111111111111111111111001101111011101010011111101010101010100111111111111111111111111
11111111111111111111111111111111001101111111101010011111101010101010100111111111111111111111111
11111111111111111111111111111111001101110111101010011111101010101010100111111111111111111111111
11111111111111111111111111111111001101100111101010011111101010101010100111111111111111111111111
11111111111111111111111111111111001101100111101010011111101010101010100111111111111111111111111
11111111111111111111111111111111001100100111101010011111101010101010100111111111111111111111111
11111111111111111111111111111111001100100111101010011111101010101010100111111111111111111111111
11111111111111111111111111111111001101100111101010011111101010101010100111111111111111111111111
11111111111111111111111111111111001111100111101010011111101010101010100111111111111111111111111
11111111111111111111111111111111001011100111101010011111101010101010100111111111111111111111111
11111111111111111111111111111111000011100111101010011111101010101010100111111111111111111111111
11111111111111111111111111111111000011100111101010011111101010101010100111111111111111111111111
11111111111111111111111111111111001011100111101010011111101010101010100111111111111111111111111
11111111111111111111111111111111011011100111101010011111101010101010100111111111111111111111111
11111111111111111111111111111111111011100111101010011111101010101010100111111111111111111111111
11111111111111111111111111111111111011100111101010011111101010101010100111111111111111111111111
11111111111111111111111111111111110011100111101010011111101010101010100111111111111111111111111
11111111111111111111111111111111110111100111101010011111101010101010100111111111111111111111111
11111111111111111111111111111111111111100111101010011111101010101010100111111111111111111111111
11111111111111111111111111111111111111100111101010011111101010101010100111111111111111111111111
11111111111111111111111111111111111101100111101010011111101010101010100111111111111111111111111
11111111111111111111111111111111111100100111101010011111101010101010100111111111111111111111111
11111111111111111111111111111111111100000111101010011111101010101010100111111111111111111111111
11111111111111111111111111111111111100010111101010011111101010101010100111111111111111111111111
11111111111111111111111111111111111100110111101010011111101010101010100111111111111111111111111
11111111111111111111111111111111111100110111101010011111101010101010100111111111111111111111111
11111111111111111111111111111111111100111111101010011111101010101010100111111111111111111111111
11111111111111111111111111111111111100101111101010011111101010101010100111111111111111111111111
11111111111111111111111111111111111100001111101010011111101010101010100111111111111111111111111
11111111111111111111111111111111111100001111101010011111101010101010100111111111111111111111111
11111111111111111111111111111111111100101111101010011111101010101010100111111111111111111111111
11111111111111111111111111111111111101101111101010011111101010101010100111111111111111111111111
11111111111111111111111111111111111111101111101010011111101010101010100111111111111111111111111
11111111111111111111111111111111111111101111101010011111101010101010100111111111111111111111111
11111111111111111111111111111111111111001111101010011111101010101010100111111111111111111111111
11111111111111111111111111111111111111011111101010011111101010101010100111111111111111111111111
11111111111111111111111111111111111111111111101010011111101010101010100111111111111111111111111
11111111111111111111111111111111111111111111101010011111101010101010100111111111111111111111111
11111111111111111111111111111111111111110111101010011111101010101010100111111111111111111111111
11111111111111111111111111111111111111110011101010011111101010101010100111111111111111111111111
11111111111111111111111111111111111111110001101010011111101010101010100111111111111111111111111
11111111111111111111111111111111111111110000101010011111101010101010100111111111111111111111111
11111111111111111111111111111111111111110000001010011111101010101010100111111111111111111111111
11111111111111111111111111111111111111110000011010011111101010101010100111111111111111111111111
11111111111111111111111111111111111111110000111010011111101010101010100111111111111111111111111
11111111111111111111111111111111111111110000111010011111101010101010100111111111111111111111111
11111111111111111111111111111111111111110000110010011111101010101010100111111111111111111111111
11111111111111111111111111111111111111110000110110011111101010101010100111111111111111111111111
11111111111111111111111111111111111111110000111110011111101010101010100111111111111111111111111
11111111111111111111111111111111111111110000111110011111101010101010100111111111111111111111111
11111111111111111111111111111111111111110000111100011111101010101010100111111111111111111111111
11111111111111111111111111111111111111110000111101011111101010101010100111111111111111111111111
11111111111111111111111111111111111111110000111111011111101010101010100111111111111111111111111
11111111111111111111111111111111111111110000111111011111101010101010100111111111111111111111111
11111111111111111111111111111111111111110000111111111111101010101010100111111111111111111111111
11111111111111111111111111111111111111110000111110111111101010101010100111111111111111111111111
11111111111111111111111111111111111111110000111100111111101010101010100111111111111111111111111
11111111111111111111111111111111111111110000111100111111101010101010100111111111111111111111111
11111111111111111111111111111111111111110000110100111111101010101010100111111111111111111111111
11111111111111111111111111111111111111110000110100111111101010101010100111111111111111111111111
11111111111111111111111111111111111111110000010100111111101010101010100111111111111111111111111
11111111111111111111111111111111111111110000010100111111101010101010100111111111111111111111111
11111111111111111111111111111111111111110000110100111111101010101010100111111111111111111111111
11111111111111111111111111111111111111110001110100111111101010101010100111111111111111111111111
11111111111111111111111111111111111111110011110100111111101010101010100111111111111111111111111
11111111111111111111111111111111111111110011110100111111101010101010100111111111111111111111111
11111111111111111111111111111111111111110011010100111111101010101010100111111111111111111111111
11111111111111111111111111111111111111110011000100111111101010101010100111111111111111111111111
11111111111111111111111111111111111111110011001100111111101010101010100111111111111111111111111
11111111111111111111111111111111111111110011011100111111101010101010100111111111111111111111111
11111111111111111111111111111111111111110011011100111111101010101010100111111111111111111111111
11111111111111111111111111111111111111110011011000111111101010101010100111111111111111111111111
11111111111111111111111111111111111111110011011010111111101010101010100111111111111111111111111
11111111111111111111111111111111111111110011011110111111101010101010100111111111111111111111111
11111111111111111111111111111111111111110011011110111111101010101010100111111111111111111111111
11111111111111111111111111111111111111110011011111111111101010101010100111111111111111111111111
11111111111111111111111111111111111111110011011101111111101010101010100111111111111111111111111
11111111111111111111111111111111111111110011011001111111101010101010100111111111111111111111111
11111111111111111111111111111111111111110011011001111111101010101010100111111111111111111111111
11111111111111111111111111111111111111110011001001111111101010101010100111111111111111111111111
11111111111111111111111111111111111111110011001001111111101010101010100111111111111111111111111
11111111111111111111111111111111111111110011011001111111101010101010100111111111111111111111111
11111111111111111111111111111111111111110011111001111111101010101010100111111111111111111111111
11111111111111111111111111111111111111110010111001111111101010101010100111111111111111111111111
11111111111111111111111111111111111111110000111001111111101010101010100111111111111111111111111
11111111111111111111111111111111111111110000111001111111101010101010100111111111111111111111111
11111111111111111111111111111111111111110010111001111111101010101010100111111111111111111111111
11111111111111111111111111111111111111110110111001111111101010101010100111111111111111111111111
11111111111111111111111111111111111111111110111001111111101010101010100111111111111111111111111
11111111111111111111111111111111111111111110111001111111101010101010100111111111111111111111111
11111111111111111111111111111111111111111100111001111111101010101010100111111111111111111111111
11111111111111111111111111111111111111111101111001111111101010101010100111111111111111111111111
11111111111111111111111111111111111111111111111001111111101010101010100111111111111111111111111
11111111111111111111111111111111111111111111111001111111101010101010100111111111111111111111111
11111111111111111111111111111111111111111111011001111111101010101010100111111111111111111111111
11111111111111111111111111111111111111111111001001111111101010101010100111111111111111111111111
11111111111111111111111111111111111111111111000001111111101010101010100111111111111111111111111
11111111111111111111111111111111111111111111000101111111101010101010100111111111111111111111111
11111111111111111111111111111111111111111111001101111111101010101010100111111111111111111111111
11111111111111111111111111111111111111111111001101111111101010101010100111111111111111111111111
11111111111111111111111111111111111111111111001111111111101010101010100111111111111111111111111
11111111111111111111111111111111111111111111001011111111101010101010100111111111111111111111111
11111111111111111111111111111111111111111111000011111111101010101010100111111111111111111111111
11111111111111111111111111111111111111111111000011111111101010101010100111111111111111111111111
11111111111111111111111111111111111111111111001011111111101010101010100111111111111111111111111
11111111111111111111111111111111111111111111011011111111101010101010100111111111111111111111111
11111111111111111111111111111111111111111111111011111111101010101010100111111111111111111111111
11111111111111111111111111111111111111111111111011111111101010101010100111111111111111111111111
11111111111111111111111111111111111111111111110011111111101010101010100111111111111111111111111
11111111111111111111111111111111111111111111110111111111101010101010100111111111111111111111111
11111111111111111111111111111111111111111111111111111111101010101010100111111111111111111111111
11111111111111111111111111111111111111111111111111111111101010101010100111111111111111111111111
11111111111111111111111111111111111111111111111101111111101010101010100111111111111111111111111
11111111111111111111111111111111111111111111111100111111101010101010100111111111111111111111111
11111111111111111111111111111111111111111111111100011111101010101010100111111111111111111111111
11111111111111111111111111111111111111111111111100001111101010101010100111111111111111111111111
11111111111111111111111111111111111111111111111100000111101010101010100111111111111111111111111
11111111111111111111111111111111111111111111111100000011101010101010100111111111111111111111111
11111111111111111111111111111111111111111111111100000001101010101010100111111111111111111111111
11111111111111111111111111111111111111111111111100000000101010101010100111111111111111111111111
11111111111111111111111111111111111111111111111100000000001010101010100111111111111111111111111
11111111111111111111111111111111111111111111111100000000011010101010100111111111111111111111111
11111111111111111111111111111111111111111111111100000000111010101010100111111111111111111111111
11111111111111111111111111111111111111111111111100000000111010101010100111111111111111111111111
11111111111111111111111111111111111111111111111100000000110010101010100111111111111111111111111
11111111111111111111111111111111111111111111111100000000110110101010100111111111111111111111111
11111111111111111111111111111111111111111111111100000000111110101010100111111111111111111111111
11111111111111111111111111111111111111111111111100000000111110101010100111111111111111111111111
11111111111111111111111111111111111111111111111100000000111100101010100111111111111111111111111
11111111111111111111111111111111111111111111111100000000111101101010100111111111111111111111111
11111111111111111111111111111111111111111111111100000000111111101010100111111111111111111111111
11111111111111111111111111111111111111111111111100000000111111101010100111111111111111111111111
11111111111111111111111111111111111111111111111100000000111111001010100111111111111111111111111
11111111111111111111111111111111111111111111111100000000111111011010100111111111111111111111111
11111111111111111111111111111111111111111111111100000000111111111010100111111111111111111111111
11111111111111111111111111111111111111111111111100000000111111111010100111111111111111111111111
11111111111111111111111111111111111111111111111100000000111111110010100111111111111111111111111
11111111111111111111111111111111111111111111111100000000111111110110100111111111111111111111111
11111111111111111111111111111111111111111111111100000000111111111110100111111111111111111111111
11111111111111111111111111111111111111111111111100000000111111111110100111111111111111111111111
11111111111111111111111111111111111111111111111100000000111111111100100111111111111111111111111
11111111111111111111111111111111111111111111111100000000111111111101100111111111111111111111111
11111111111111111111111111111111111111111111111100000000111111111111100111111111111111111111111
11111111111111111111111111111111111111111111111100000000111111111111100111111111111111111111111
11111111111111111111111111111111111111111111111100000000111111111111000111111111111111111111111
11111111111111111111111111111111111111111111111100000000111111111111010111111111111111111111111
11111111111111111111111111111111111111111111111100000000111111111111110111111111111111111111111
11111111111111111111111111111111111111111111111100000000111111111111110111111111111111111111111
11111111111111111111111111111111111111111111111100000000111111111111111111111111111111111111111
11111111111111111111111111111111111111111111111100000000111111111111101111111111111111111111111
11111111111111111111111111111111111111111111111100000000111111111111001111111111111111111111111
11111111111111111111111111111111111111111111111100000000111111111111001111111111111111111111111
11111111111111111111111111111111111111111111111100000000111111111101001111111111111111111111111
11111111111111111111111111111111111111111111111100000000111111111101001111111111111111111111111
11111111111111111111111111111111111111111111111100000000111111110101001111111111111111111111111
11111111111111111111111111111111111111111111111100000000111111110101001111111111111111111111111
11111111111111111111111111111111111111111111111100000000111111010101001111111111111111111111111
11111111111111111111111111111111111111111111111100000000111111010101001111111111111111111111111
11111111111111111111111111111111111111111111111100000000111101010101001111111111111111111111111
11111111111111111111111111111111111111111111111100000000111101010101001111111111111111111111111
11111111111111111111111111111111111111111111111100000000110101010101001111111111111111111111111
11111111111111111111111111111111111111111111111100000000110101010101001111111111111111111111111
11111111111111111111111111111111111111111111111100000000010101010101001111111111111111111111111
11111111111111111111111111111111111111111111111100000000010101010101001111111111111111111111111
11111111111111111111111111111111111111111111111100000000110101010101001111111111111111111111111
11111111111111111111111111111111111111111111111100000001110101010101001111111111111111111111111
11111111111111111111111111111111111111111111111100000011110101010101001111111111111111111111111
11111111111111111111111111111111111111111111111100000011110101010101001111111111111111111111111
11111111111111111111111111111111111111111111111100000011010101010101001111111111111111111111111
11111111111111111111111111111111111111111111111100000011000101010101001111111111111111111111111
11111111111111111111111111111111111111111111111100000011001101010101001111111111111111111111111
11111111111111111111111111111111111111111111111100000011011101010101001111111111111111111111111
11111111111111111111111111111111111111111111111100000011011101010101001111111111111111111111111
11111111111111111111111111111111111111111111111100000011011001010101001111111111111111111111111
11111111111111111111111111111111111111111111111100000011011011010101001111111111111111111111111
11111111111111111111111111111111111111111111111100000011011111010101001111111111111111111111111
11111111111111111111111111111111111111111111111100000011011111010101001111111111111111111111111
11111111111111111111111111111111111111111111111100000011011110010101001111111111111111111111111
11111111111111111111111111111111111111111111111100000011011110110101001111111111111111111111111
11111111111111111111111111111111111111111111111100000011011111110101001111111111111111111111111
11111111111111111111111111111111111111111111111100000011011111110101001111111111111111111111111
11111111111111111111111111111111111111111111111100000011011111100101001111111111111111111111111
11111111111111111111111111111111111111111111111100000011011111101101001111111111111111111111111
11111111111111111111111111111111111111111111111100000011011111111101001111111111111111111111111
11111111111111111111111111111111111111111111111100000011011111111101001111111111111111111111111
11111111111111111111111111111111111111111111111100000011011111111001001111111111111111111111111
11111111111111111111111111111111111111111111111100000011011111111011001111111111111111111111111
11111111111111111111111111111111111111111111111100000011011111111111001111111111111111111111111
11111111111111111111111111111111111111111111111100000011011111111111001111111111111111111111111
11111111111111111111111111111111111111111111111100000011011111111110001111111111111111111111111
11111111111111111111111111111111111111111111111100000011011111111110101111111111111111111111111
11111111111111111111111111111111111111111111111100000011011111111111101111111111111111111111111
11111111111111111111111111111111111111111111111100000011011111111111101111111111111111111111111
11111111111111111111111111111111111111111111111100000011011111111111111111111111111111111111111
11111111111111111111111111111111111111111111111100000011011111111111011111111111111111111111111
11111111111111111111111111111111111111111111111100000011011111111110011111111111111111111111111
11111111111111111111111111111111111111111111111100000011011111111110011111111111111111111111111
11111111111111111111111111111111111111111111111100000011011111111010011111111111111111111111111
11111111111111111111111111111111111111111111111100000011011111111010011111111111111111111111111
11111111111111111111111111111111111111111111111100000011011111101010011111111111111111111111111
11111111111111111111111111111111111111111111111100000011011111101010011111111111111111111111111
11111111111111111111111111111111111111111111111100000011011110101010011111111111111111111111111
11111111111111111111111111111111111111111111111100000011011110101010011111111111111111111111111
11111111111111111111111111111111111111111111111100000011011010101010011111111111111111111111111
11111111111111111111111111111111111111111111111100000011011010101010011111111111111111111111111
11111111111111111111111111111111111111111111111100000011001010101010011111111111111111111111111
11111111111111111111111111111111111111111111111100000011001010101010011111111111111111111111111
11111111111111111111111111111111111111111111111100000011011010101010011111111111111111111111111
11111111111111111111111111111111111111111111111100000011111010101010011111111111111111111111111
11111111111111111111111111111111111111111111111100000010111010101010011111111111111111111111111
11111111111111111111111111111111111111111111111100000000111010101010011111111111111111111111111
11111111111111111111111111111111111111111111111100000000111010101010011111111111111111111111111
11111111111111111111111111111111111111111111111100000010111010101010011111111111111111111111111
11111111111111111111111111111111111111111111111100000110111010101010011111111111111111111111111
11111111111111111111111111111111111111111111111100001110111010101010011111111111111111111111111
11111111111111111111111111111111111111111111111100001110111010101010011111111111111111111111111
11111111111111111111111111111111111111111111111100001100111010101010011111111111111111111111111
11111111111111111111111111111111111111111111111100001101111010101010011111111111111111111111111
11111111111111111111111111111111111111111111111100001111111010101010011111111111111111111111111
11111111111111111111111111111111111111111111111100001111111010101010011111111111111111111111111
11111111111111111111111111111111111111111111111100001111011010101010011111111111111111111111111
11111111111111111111111111111111111111111111111100001111001010101010011111111111111111111111111
11111111111111111111111111111111111111111111111100001111000010101010011111111111111111111111111
11111111111111111111111111111111111111111111111100001111000110101010011111111111111111111111111
11111111111111111111111111111111111111111111111100001111001110101010011111111111111111111111111
11111111111111111111111111111111111111111111111100001111001110101010011111111111111111111111111
11111111111111111111111111111111111111111111111100001111001100101010011111111111111111111111111
11111111111111111111111111111111111111111111111100001111001101101010011111111111111111111111111
11111111111111111111111111111111111111111111111100001111001111101010011111111111111111111111111
11111111111111111111111111111111111111111111111100001111001111101010011111111111111111111111111
11111111111111111111111111111111111111111111111100001111001111001010011111111111111111111111111
11111111111111111111111111111111111111111111111100001111001111011010011111111111111111111111111
11111111111111111111111111111111111111111111111100001111001111111010011111111111111111111111111
11111111111111111111111111111111111111111111111100001111001111111010011111111111111111111111111
11111111111111111111111111111111111111111111111100001111001111110010011111111111111111111111111
11111111111111111111111111111111111111111111111100001111001111110110011111111111111111111111111
11111111111111111111111111111111111111111111111100001111001111111110011111111111111111111111111
11111111111111111111111111111111111111111111111100001111001111111110011111111111111111111111111
11111111111111111111111111111111111111111111111100001111001111111100011111111111111111111111111
11111111111111111111111111111111111111111111111100001111001111111101011111111111111111111111111
11111111111111111111111111111111111111111111111100001111001111111111011111111111111111111111111
11111111111111111111111111111111111111111111111100001111001111111111011111111111111111111111111
11111111111111111111111111111111111111111111111100001111001111111111111111111111111111111111111
11111111111111111111111111111111111111111111111100001111001111111110111111111111111111111111111
11111111111111111111111111111111111111111111111100001111001111111100111111111111111111111111111
11111111111111111111111111111111111111111111111100001111001111111100111111111111111111111111111
11111111111111111111111111111111111111111111111100001111001111110100111111111111111111111111111
11111111111111111111111111111111111111111111111100001111001111110100111111111111111111111111111
11111111111111111111111111111111111111111111111100001111001111010100111111111111111111111111111
11111111111111111111111111111111111111111111111100001111001111010100111111111111111111111111111
11111111111111111111111111111111111111111111111100001111001101010100111111111111111111111111111
11111111111111111111111111111111111111111111111100001111001101010100111111111111111111111111111
11111111111111111111111111111111111111111111111100001111000101010100111111111111111111111111111
11111111111111111111111111111111111111111111111100001111000101010100111111111111111111111111111
11111111111111111111111111111111111111111111111100001111001101010100111111111111111111111111111
11111111111111111111111111111111111111111111111100001111011101010100111111111111111111111111111
11111111111111111111111111111111111111111111111100001111111101010100111111111111111111111111111
11111111111111111111111111111111111111111111111100001111111101010100111111111111111111111111111
11111111111111111111111111111111111111111111111100001111110101010100111111111111111111111111111
11111111111111111111111111111111111111111111111100001111110001010100111111111111111111111111111
11111111111111111111111111111111111111111111111100001111110011010100111111111111111111111111111
11111111111111111111111111111111111111111111111100001111110111010100111111111111111111111111111
11111111111111111111111111111111111111111111111100001111110111010100111111111111111111111111111
11111111111111111111111111111111111111111111111100001111110110010100111111111111111111111111111
11111111111111111111111111111111111111111111111100001111110110110100111111111111111111111111111
11111111111111111111111111111111111111111111111100001111110111110100111111111111111111111111111
11111111111111111111111111111111111111111111111100001111110111110100111111111111111111111111111
11111111111111111111111111111111111111111111111100001111110111100100111111111111111111111111111
11111111111111111111111111111111111111111111111100001111110111101100111111111111111111111111111
11111111111111111111111111111111111111111111111100001111110111111100111111111111111111111111111
11111111111111111111111111111111111111111111111100001111110111111100111111111111111111111111111
11111111111111111111111111111111111111111111111100001111110111111000111111111111111111111111111
11111111111111111111111111111111111111111111111100001111110111111010111111111111111111111111111
11111111111111111111111111111111111111111111111100001111110111111110111111111111111111111111111
11111111111111111111111111111111111111111111111100001111110111111110111111111111111111111111111
11111111111111111111111111111111111111111111111100001111110111111111111111111111111111111111111
11111111111111111111111111111111111111111111111100001111110111111101111111111111111111111111111
11111111111111111111111111111111111111111111111100001111110111111001111111111111111111111111111
11111111111111111111111111111111111111111111111100001111110111111001111111111111111111111111111
11111111111111111111111111111111111111111111111100001111110111101001111111111111111111111111111
11111111111111111111111111111111111111111111111100001111110111101001111111111111111111111111111
11111111111111111111111111111111111111111111111100001111110110101001111111111111111111111111111
11111111111111111111111111111111111111111111111100001111110110101001111111111111111111111111111
11111111111111111111111111111111111111111111111100001111110010101001111111111111111111111111111
11111111111111111111111111111111111111111111111100001111110010101001111111111111111111111111111
11111111111111111111111111111111111111111111111100001111110110101001111111111111111111111111111
11111111111111111111111111111111111111111111111100001111111110101001111111111111111111111111111
11111111111111111111111111111111111111111111111100001111101110101001111111111111111111111111111
11111111111111111111111111111111111111111111111100001111001110101001111111111111111111111111111
11111111111111111111111111111111111111111111111100001111001110101001111111111111111111111111111
11111111111111111111111111111111111111111111111100001101001110101001111111111111111111111111111
11111111111111111111111111111111111111111111111100001101001110101001111111111111111111111111111
11111111111111111111111111111111111111111111111100000101001110101001111111111111111111111111111
11111111111111111111111111111111111111111111111100000101001110101001111111111111111111111111111
11111111111111111111111111111111111111111111111100001101001110101001111111111111111111111111111
11111111111111111111111111111111111111111111111100011101001110101001111111111111111111111111111
11111111111111111111111111111111111111111111111100111101001110101001111111111111111111111111111
11111111111111111111111111111111111111111111111100111101001110101001111111111111111111111111111
11111111111111111111111111111111111111111111111100110101001110101001111111111111111111111111111
11111111111111111111111111111111111111111111111100110001001110101001111111111111111111111111111
11111111111111111111111111111111111111111111111100110011001110101001111111111111111111111111111
11111111111111111111111111111111111111111111111100110111001110101001111111111111111111111111111
11111111111111111111111111111111111111111111111100110111001110101001111111111111111111111111111
11111111111111111111111111111111111111111111111100110110001110101001111111111111111111111111111
11111111111111111111111111111111111111111111111100110110101110101001111111111111111111111111111
11111111111111111111111111111111111111111111111100110111101110101001111111111111111111111111111
11111111111111111111111111111111111111111111111100110111101110101001111111111111111111111111111
11111111111111111111111111111111111111111111111100110111111110101001111111111111111111111111111
11111111111111111111111111111111111111111111111100110111011110101001111111111111111111111111111
11111111111111111111111111111111111111111111111100110110011110101001111111111111111111111111111
11111111111111111111111111111111111111111111111100110110011110101001111111111111111111111111111
11111111111111111111111111111111111111111111111100110010011110101001111111111111111111111111111
11111111111111111111111111111111111111111111111100110010011110101001111111111111111111111111111
11111111111111111111111111111111111111111111111100110110011110101001111111111111111111111111111
11111111111111111111111111111111111111111111111100111110011110101001111111111111111111111111111
11111111111111111111111111111111111111111111111100101110011110101001111111111111111111111111111
11111111111111111111111111111111111111111111111100001110011110101001111111111111111111111111111
11111111111111111111111111111111111111111111111100001110011110101001111111111111111111111111111
11111111111111111111111111111111111111111111111100101110011110101001111111111111111111111111111
11111111111111111111111111111111111111111111111101101110011110101001111111111111111111111111111
11111111111111111111111111111111111111111111111111101110011110101001111111111111111111111111111
11111111111111111111111111111111111111111111111111101110011110101001111111111111111111111111111
11111111111111111111111111111111111111111111111111001110011110101001111111111111111111111111111
11111111111111111111111111111111111111111111111111011110011110101001111111111111111111111111111
11111111111111111111111111111111111111111111111111111110011110101001111111111111111111111111111
11111111111111111111111111111111111111111111111111111110011110101001111111111111111111111111111
11111111111111111111111111111111111111111111111111110110011110101001111111111111111111111111111
11111111111111111111111111111111111111111111111111110010011110101001111111111111111111111111111
11111111111111111111111111111111111111111111111111110000011110101001111111111111111111111111111
11111111111111111111111111111111111111111111111111110001011110101001111111111111111111111111111
11111111111111111111111111111111111111111111111111110011011110101001111111111111111111111111111
11111111111111111111111111111111111111111111111111110011011110101001111111111111111111111111111
11111111111111111111111111111111111111111111111111110011111110101001111111111111111111111111111
11111111111111111111111111111111111111111111111111110010111110101001111111111111111111111111111
11111111111111111111111111111111111111111111111111110000111110101001111111111111111111111111111
11111111111111111111111111111111111111111111111111110000111110101001111111111111111111111111111
11111111111111111111111111111111111111111111111111110010111110101001111111111111111111111111111
11111111111111111111111111111111111111111111111111110110111110101001111111111111111111111111111
11111111111111111111111111111111111111111111111111111110111110101001111111111111111111111111111
11111111111111111111111111111111111111111111111111111110111110101001111111111111111111111111111
11111111111111111111111111111111111111111111111111111100111110101001111111111111111111111111111
11111111111111111111111111111111111111111111111111111101111110101001111111111111111111111111111
11111111111111111111111111111111111111111111111111111111111110101001111111111111111111111111111
11111111111111111111111111111111111111111111111111111111111110101001111111111111111111111111111
11111111111111111111111111111111111111111111111111111111011110101001111111111111111111111111111
11111111111111111111111111111111111111111111111111111111001110101001111111111111111111111111111
11111111111111111111111111111111111111111111111111111111000110101001111111111111111111111111111
11111111111111111111111111111111111111111111111111111111000010101001111111111111111111111111111
11111111111111111111111111111111111111111111111111111111000000101001111111111111111111111111111
11111111111111111111111111111111111111111111111111111111000001101001111111111111111111111111111
11111111111111111111111111111111111111111111111111111111000011101001111111111111111111111111111
11111111111111111111111111111111111111111111111111111111000011101001111111111111111111111111111
11111111111111111111111111111111111111111111111111111111000011001001111111111111111111111111111
11111111111111111111111111111111111111111111111111111111000011011001111111111111111111111111111
11111111111111111111111111111111111111111111111111111111000011111001111111111111111111111111111
11111111111111111111111111111111111111111111111111111111000011111001111111111111111111111111111
11111111111111111111111111111111111111111111111111111111000011110001111111111111111111111111111
11111111111111111111111111111111111111111111111111111111000011110101111111111111111111111111111
11111111111111111111111111111111111111111111111111111111000011111101111111111111111111111111111
11111111111111111111111111111111111111111111111111111111000011111101111111111111111111111111111
11111111111111111111111111111111111111111111111111111111000011111111111111111111111111111111111
11111111111111111111111111111111111111111111111111111111000011111011111111111111111111111111111
11111111111111111111111111111111111111111111111111111111000011110011111111111111111111111111111
11111111111111111111111111111111111111111111111111111111000011110011111111111111111111111111111
11111111111111111111111111111111111111111111111111111111000011010011111111111111111111111111111
11111111111111111111111111111111111111111111111111111111000011010011111111111111111111111111111
11111111111111111111111111111111111111111111111111111111000001010011111111111111111111111111111
11111111111111111111111111111111111111111111111111111111000001010011111111111111111111111111111
11111111111111111111111111111111111111111111111111111111000011010011111111111111111111111111111
11111111111111111111111111111111111111111111111111111111000111010011111111111111111111111111111
11111111111111111111111111111111111111111111111111111111001111010011111111111111111111111111111
11111111111111111111111111111111111111111111111111111111001111010011111111111111111111111111111
11111111111111111111111111111111111111111111111111111111001101010011111111111111111111111111111
11111111111111111111111111111111111111111111111111111111001100010011111111111111111111111111111
11111111111111111111111111111111111111111111111111111111001100110011111111111111111111111111111
11111111111111111111111111111111111111111111111111111111001101110011111111111111111111111111111
11111111111111111111111111111111111111111111111111111111001101110011111111111111111111111111111
11111111111111111111111111111111111111111111111111111111001101100011111111111111111111111111111
11111111111111111111111111111111111111111111111111111111001101101011111111111111111111111111111
11111111111111111111111111111111111111111111111111111111001101111011111111111111111111111111111
11111111111111111111111111111111111111111111111111111111001101111011111111111111111111111111111
11111111111111111111111111111111111111111111111111111111001101111111111111111111111111111111111
11111111111111111111111111111111111111111111111111111111001101110111111111111111111111111111111
11111111111111111111111111111111111111111111111111111111001101100111111111111111111111111111111
11111111111111111111111111111111111111111111111111111111001101100111111111111111111111111111111
11111111111111111111111111111111111111111111111111111111001100100111111111111111111111111111111
11111111111111111111111111111111111111111111111111111111001100100111111111111111111111111111111
11111111111111111111111111111111111111111111111111111111001101100111111111111111111111111111111
11111111111111111111111111111111111111111111111111111111001111100111111111111111111111111111111
11111111111111111111111111111111111111111111111111111111001011100111111111111111111111111111111
11111111111111111111111111111111111111111111111111111111000011100111111111111111111111111111111
11111111111111111111111111111111111111111111111111111111000011100111111111111111111111111111111
11111111111111111111111111111111111111111111111111111111001011100111111111111111111111111111111
11111111111111111111111111111111111111111111111111111111011011100111111111111111111111111111111
11111111111111111111111111111111111111111111111111111111111011100111111111111111111111111111111
11111111111111111111111111111111111111111111111111111111111011100111111111111111111111111111111
11111111111111111111111111111111111111111111111111111111110011100111111111111111111111111111111
11111111111111111111111111111111111111111111111111111111110111100111111111111111111111111111111
11111111111111111111111111111111111111111111111111111111111111100111111111111111111111111111111
11111111111111111111111111111111111111111111111111111111111111100111111111111111111111111111111
11111111111111111111111111111111111111111111111111111111111101100111111111111111111111111111111
11111111111111111111111111111111111111111111111111111111111100100111111111111111111111111111111
11111111111111111111111111111111111111111111111111111111111100000111111111111111111111111111111
11111111111111111111111111111111111111111111111111111111111100010111111111111111111111111111111
11111111111111111111111111111111111111111111111111111111111100110111111111111111111111111111111
11111111111111111111111111111111111111111111111111111111111100110111111111111111111111111111111
11111111111111111111111111111111111111111111111111111111111100111111111111111111111111111111111
11111111111111111111111111111111111111111111111111111111111100101111111111111111111111111111111
11111111111111111111111111111111111111111111111111111111111100001111111111111111111111111111111
11111111111111111111111111111111111111111111111111111111111100001111111111111111111111111111111
11111111111111111111111111111111111111111111111111111111111100101111111111111111111111111111111
11111111111111111111111111111111111111111111111111111111111101101111111111111111111111111111111
11111111111111111111111111111111111111111111111111111111111111101111111111111111111111111111111
11111111111111111111111111111111111111111111111111111111111111101111111111111111111111111111111
11111111111111111111111111111111111111111111111111111111111111001111111111111111111111111111111
11111111111111111111111111111111111111111111111111111111111111011111111111111111111111111111111
11111111111111111111111111111111111111111111111111111111111111111111111111111111111111111111111
11111111111111111111111111111111111111111111111111111111111111111111111111111111111111111111111
11111111111111111111111111111111111111111111111111111111111111110111111111111111111111111111111
11111111111111111111111111111111111111111111111111111111111111110011111111111111111111111111111
11111111111111111111111111111111111111111111111111111111111111110001111111111111111111111111111
11111111111111111111111111111111111111111111111111111111111111110000111111111111111111111111111
11111111111111111111111111111111111111111111111111111111111111110000011111111111111111111111111
11111111111111111111111111111111111111111111111111111111111111110000001111111111111111111111111
11111111111111111111111111111111111111111111111111111111111111110000000111111111111111111111111
11111111111111111111111111111111111111111111111111111111111111110000000011111111111111111111111
11111111111111111111111111111111111111111111111111111111111111110000000001111111111111111111111
11111111111111111111111111111111111111111111111111111111111111110000000000111111111111111111111
11111111111111111111111111111111111111111111111111111111111111110000000000011111111111111111111
11111111111111111111111111111111111111111111111111111111111111110000000000001111111111111111111
11111111111111111111111111111111111111111111111111111111111111110000000000000111111111111111111
11111111111111111111111111111111111111111111111111111111111111110000000000000011111111111111111
11111111111111111111111111111111111111111111111111111111111111110000000000000001111111111111111
11111111111111111111111111111111111111111111111111111111111111110000000000000000111111111111111
11111111111111111111111111111111111111111111111111111111111111110000000000000000011111111111111
11111111111111111111111111111111111111111111111111111111111111110000000000000000001111111111111
11111111111111111111111111111111111111111111111111111111111111110000000000000000000111111111111
11111111111111111111111111111111111111111111111111111111111111110000000000000000000011111111111
11111111111111111111111111111111111111111111111111111111111111110000000000000000000001111111111
11111111111111111111111111111111111111111111111111111111111111110000000000000000000000111111111
11111111111111111111111111111111111111111111111111111111111111110000000000000000000000011111111
11111111111111111111111111111111111111111111111111111111111111110000000000000000000000001111111
11111111111111111111111111111111111111111111111111111111111111110000000000000000000000000111111
11111111111111111111111111111111111111111111111111111111111111110000000000000000000000000011111
11111111111111111111111111111111111111111111111111111111111111110000000000000000000000000001111
11111111111111111111111111111111111111111111111111111111111111110000000000000000000000000000111
11111111111111111111111111111111111111111111111111111111111111110000000000000000000000000000011
11111111111111111111111111111111111111111111111111111111111111110000000000000000000000000000001
111111111111111111111111111111111111111111111111111111111111111100000000000000000000000000000000
111111111111111111111111111111111111111111111111111111111111111100000000000000000000000000000001
111111111111111111111111111111111111111111111111111111111111111100000000000000000000000000000011
1111111111111111111111111111111111111111111111111111111111111111000000000000000000000000000000110
1111111111111111111111111111111111111111111111111111111111111111000000000000000000000000000000111
1111111111111111111111111111111111111111111111111111111111111111000000000000000000000000000000101
1111111111111111111111111111111111111111111111111111111111111111000000000000000000000000000000001
1111111111111111111111111111111111111111111111111111111111111111000000000000000000000000000000001
1111111111111111111111111111111111111111111111111111111111111111000000000000000000000000000000101
1111111111111111111111111111111111111111111111111111111111111111000000000000000000000000000001101
1111111111111111111111111111111111111111111111111111111111111111000000000000000000000000000011101
1111111111111111111111111111111111111111111111111111111111111111000000000000000000000000000011101
1111111111111111111111111111111111111111111111111111111111111111000000000000000000000000000011001
1111111111111111111111111111111111111111111111111111111111111111000000000000000000000000000011011
1111111111111111111111111111111111111111111111111111111111111111000000000000000000000000000011111
1111111111111111111111111111111111111111111111111111111111111111000000000000000000000000000011111
11111111111111111111111111111111111111111111111111111111111111110000000000000000000000000000111100
11111111111111111111111111111111111111111111111111111111111111110000000000000000000000000000111101
11111111111111111111111111111111111111111111111111111111111111110000000000000000000000000000111111
111111111111111111111111111111111111111111111111111111111111111100000000000000000000000000001111110
111111111111111111111111111111111111111111111111111111111111111100000000000000000000000000001111111
111111111111111111111111111111111111111111111111111111111111111100000000000000000000000000001111101
111111111111111111111111111111111111111111111111111111111111111100000000000000000000000000001111001
111111111111111111111111111111111111111111111111111111111111111100000000000000000000000000001111001
111111111111111111111111111111111111111111111111111111111111111100000000000000000000000000001101001
111111111111111111111111111111111111111111111111111111111111111100000000000000000000000000001101001
111111111111111111111111111111111111111111111111111111111111111100000000000000000000000000000101001
111111111111111111111111111111111111111111111111111111111111111100000000000000000000000000000101001
111111111111111111111111111111111111111111111111111111111111111100000000000000000000000000001101001
111111111111111111111111111111111111111111111111111111111111111100000000000000000000000000011101001
111111111111111111111111111111111111111111111111111111111111111100000000000000000000000000111101001
111111111111111111111111111111111111111111111111111111111111111100000000000000000000000000111101001
111111111111111111111111111111111111111111111111111111111111111100000000000000000000000000110101001
111111111111111111111111111111111111111111111111111111111111111100000000000000000000000000110001001
111111111111111111111111111111111111111111111111111111111111111100000000000000000000000000110011001
111111111111111111111111111111111111111111111111111111111111111100000000000000000000000000110111001
111111111111111111111111111111111111111111111111111111111111111100000000000000000000000000110111001
111111111111111111111111111111111111111111111111111111111111111100000000000000000000000000110110001
111111111111111111111111111111111111111111111111111111111111111100000000000000000000000000110110101
111111111111111111111111111111111111111111111111111111111111111100000000000000000000000000110111101
111111111111111111111111111111111111111111111111111111111111111100000000000000000000000000110111101
111111111111111111111111111111111111111111111111111111111111111100000000000000000000000000110111111
111111111111111111111111111111111111111111111111111111111111111100000000000000000000000000110111011
111111111111111111111111111111111111111111111111111111111111111100000000000000000000000000110110011
111111111111111111111111111111111111111111111111111111111111111100000000000000000000000000110110011
111111111111111111111111111111111111111111111111111111111111111100000000000000000000000000110010011
111111111111111111111111111111111111111111111111111111111111111100000000000000000000000000110010011
111111111111111111111111111111111111111111111111111111111111111100000000000000000000000000110110011
111111111111111111111111111111111111111111111111111111111111111100000000000000000000000000111110011
111111111111111111111111111111111111111111111111111111111111111100000000000000000000000000101110011
111111111111111111111111111111111111111111111111111111111111111100000000000000000000000000001110011
111111111111111111111111111111111111111111111111111111111111111100000000000000000000000000001110011
111111111111111111111111111111111111111111111111111111111111111100000000000000000000000000101110011
111111111111111111111111111111111111111111111111111111111111111100000000000000000000000001101110011
111111111111111111111111111111111111111111111111111111111111111100000000000000000000000011101110011
111111111111111111111111111111111111111111111111111111111111111100000000000000000000000011101110011
111111111111111111111111111111111111111111111111111111111111111100000000000000000000000011001110011
111111111111111111111111111111111111111111111111111111111111111100000000000000000000000011011110011
111111111111111111111111111111111111111111111111111111111111111100000000000000000000000011111110011
111111111111111111111111111111111111111111111111111111111111111100000000000000000000000011111110011
111111111111111111111111111111111111111111111111111111111111111100000000000000000000000011110110011
111111111111111111111111111111111111111111111111111111111111111100000000000000000000000011110010011
111111111111111111111111111111111111111111111111111111111111111100000000000000000000000011110000011
111111111111111111111111111111111111111111111111111111111111111100000000000000000000000011110001011
111111111111111111111111111111111111111111111111111111111111111100000000000000000000000011110011011
111111111111111111111111111111111111111111111111111111111111111100000000000000000000000011110011011
111111111111111111111111111111111111111111111111111111111111111100000000000000000000000011110011111
111111111111111111111111111111111111111111111111111111111111111100000000000000000000000011110010111
111111111111111111111111111111111111111111111111111111111111111100000000000000000000000011110000111
111111111111111111111111111111111111111111111111111111111111111100000000000000000000000011110000111
111111111111111111111111111111111111111111111111111111111111111100000000000000000000000011110010111
111111111111111111111111111111111111111111111111111111111111111100000000000000000000000011110110111
111111111111111111111111111111111111111111111111111111111111111100000000000000000000000011111110111
111111111111111111111111111111111111111111111111111111111111111100000000000000000000000011111110111
111111111111111111111111111111111111111111111111111111111111111100000000000000000000000011111100111
111111111111111111111111111111111111111111111111111111111111111100000000000000000000000011111101111
111111111111111111111111111111111111111111111111111111111111111100000000000000000000000011111111111
111111111111111111111111111111111111111111111111111111111111111100000000000000000000000011111111111
111111111111111111111111111111111111111111111111111111111111111100000000000000000000000011111111011
111111111111111111111111111111111111111111111111111111111111111100000000000000000000000011111111001
1111111111111111111111111111111111111111111111111111111111111111000000000000000000000000111111110000
1111111111111111111111111111111111111111111111111111111111111111000000000000000000000000111111110001
1111111111111111111111111111111111111111111111111111111111111111000000000000000000000000111111110011
11111111111111111111111111111111111111111111111111111111111111110000000000000000000000001111111100110
11111111111111111111111111111111111111111111111111111111111111110000000000000000000000001111111100111
11111111111111111111111111111111111111111111111111111111111111110000000000000000000000001111111100101
11111111111111111111111111111111111111111111111111111111111111110000000000000000000000001111111100001
11111111111111111111111111111111111111111111111111111111111111110000000000000000000000001111111100001
11111111111111111111111111111111111111111111111111111111111111110000000000000000000000001111111100101
11111111111111111111111111111111111111111111111111111111111111110000000000000000000000001111111101101
11111111111111111111111111111111111111111111111111111111111111110000000000000000000000001111111111101
11111111111111111111111111111111111111111111111111111111111111110000000000000000000000001111111111101
11111111111111111111111111111111111111111111111111111111111111110000000000000000000000001111111111001
11111111111111111111111111111111111111111111111111111111111111110000000000000000000000001111111111011
11111111111111111111111111111111111111111111111111111111111111110000000000000000000000001111111111111
11111111111111111111111111111111111111111111111111111111111111110000000000000000000000001111111111111
111111111111111111111111111111111111111111111111111111111111111100000000000000000000000011111111111100
111111111111111111111111111111111111111111111111111111111111111100000000000000000000000011111111111101
111111111111111111111111111111111111111111111111111111111111111100000000000000000000000011111111111111
1111111111111111111111111111111111111111111111111111111111111111000000000000000000000000111111111111110
1111111111111111111111111111111111111111111111111111111111111111000000000000000000000000111111111111111
1111111111111111111111111111111111111111111111111111111111111111000000000000000000000000111111111111101
1111111111111111111111111111111111111111111111111111111111111111000000000000000000000000111111111111001
1111111111111111111111111111111111111111111111111111111111111111000000000000000000000000111111111111001
1111111111111111111111111111111111111111111111111111111111111111000000000000000000000000111111111101001
1111111111111111111111111111111111111111111111111111111111111111000000000000000000000000111111111101001
1111111111111111111111111111111111111111111111111111111111111111000000000000000000000000111111110101001
1111111111111111111111111111111111111111111111111111111111111111000000000000000000000000111111110101001
1111111111111111111111111111111111111111111111111111111111111111000000000000000000000000111111010101001
1111111111111111111111111111111111111111111111111111111111111111000000000000000000000000111111010101001
1111111111111111111111111111111111111111111111111111111111111111000000000000000000000000111101010101001
1111111111111111111111111111111111111111111111111111111111111111000000000000000000000000111101010101001
1111111111111111111111111111111111111111111111111111111111111111000000000000000000000000110101010101001
1111111111111111111111111111111111111111111111111111111111111111000000000000000000000000110101010101001
1111111111111111111111111111111111111111111111111111111111111111000000000000000000000000010101010101001
1111111111111111111111111111111111111111111111111111111111111111000000000000000000000000010101010101001
1111111111111111111111111111111111111111111111111111111111111111000000000000000000000000110101010101001
1111111111111111111111111111111111111111111111111111111111111111000000000000000000000001110101010101001
1111111111111111111111111111111111111111111111111111111111111111000000000000000000000011110101010101001
1111111111111111111111111111111111111111111111111111111111111111000000000000000000000011110101010101001
1111111111111111111111111111111111111111111111111111111111111111000000000000000000000011010101010101001
1111111111111111111111111111111111111111111111111111111111111111000000000000000000000011000101010101001
1111111111111111111111111111111111111111111111111111111111111111000000000000000000000011001101010101001
1111111111111111111111111111111111111111111111111111111111111111000000000000000000000011011101010101001
1111111111111111111111111111111111111111111111111111111111111111000000000000000000000011011101010101001
1111111111111111111111111111111111111111111111111111111111111111000000000000000000000011011001010101001
1111111111111111111111111111111111111111111111111111111111111111000000000000000000000011011011010101001
1111111111111111111111111111111111111111111111111111111111111111000000000000000000000011011111010101001
1111111111111111111111111111111111111111111111111111111111111111000000000000000000000011011111010101001
1111111111111111111111111111111111111111111111111111111111111111000000000000000000000011011110010101001
1111111111111111111111111111111111111111111111111111111111111111000000000000000000000011011110110101001
1111111111111111111111111111111111111111111111111111111111111111000000000000000000000011011111110101001
1111111111111111111111111111111111111111111111111111111111111111000000000000000000000011011111110101001
1111111111111111111111111111111111111111111111111111111111111111000000000000000000000011011111100101001
1111111111111111111111111111111111111111111111111111111111111111000000000000000000000011011111101101001
1111111111111111111111111111111111111111111111111111111111111111000000000000000000000011011111111101001
1111111111111111111111111111111111111111111111111111111111111111000000000000000000000011011111111101001
1111111111111111111111111111111111111111111111111111111111111111000000000000000000000011011111111001001
1111111111111111111111111111111111111111111111111111111111111111000000000000000000000011011111111011001
1111111111111111111111111111111111111111111111111111111111111111000000000000000000000011011111111111001
1111111111111111111111111111111111111111111111111111111111111111000000000000000000000011011111111111001
1111111111111111111111111111111111111111111111111111111111111111000000000000000000000011011111111110001
1111111111111111111111111111111111111111111111111111111111111111000000000000000000000011011111111110101
1111111111111111111111111111111111111111111111111111111111111111000000000000000000000011011111111111101
1111111111111111111111111111111111111111111111111111111111111111000000000000000000000011011111111111101
1111111111111111111111111111111111111111111111111111111111111111000000000000000000000011011111111111111
1111111111111111111111111111111111111111111111111111111111111111000000000000000000000011011111111111011
1111111111111111111111111111111111111111111111111111111111111111000000000000000000000011011111111110011
1111111111111111111111111111111111111111111111111111111111111111000000000000000000000011011111111110011
1111111111111111111111111111111111111111111111111111111111111111000000000000000000000011011111111010011
1111111111111111111111111111111111111111111111111111111111111111000000000000000000000011011111111010011
1111111111111111111111111111111111111111111111111111111111111111000000000000000000000011011111101010011
1111111111111111111111111111111111111111111111111111111111111111000000000000000000000011011111101010011
1111111111111111111111111111111111111111111111111111111111111111000000000000000000000011011110101010011
1111111111111111111111111111111111111111111111111111111111111111000000000000000000000011011110101010011
1111111111111111111111111111111111111111111111111111111111111111000000000000000000000011011010101010011
1111111111111111111111111111111111111111111111111111111111111111000000000000000000000011011010101010011
1111111111111111111111111111111111111111111111111111111111111111000000000000000000000011001010101010011
1111111111111111111111111111111111111111111111111111111111111111000000000000000000000011001010101010011
1111111111111111111111111111111111111111111111111111111111111111000000000000000000000011011010101010011
1111111111111111111111111111111111111111111111111111111111111111000000000000000000000011111010101010011
1111111111111111111111111111111111111111111111111111111111111111000000000000000000000010111010101010011
1111111111111111111111111111111111111111111111111111111111111111000000000000000000000000111010101010011
1111111111111111111111111111111111111111111111111111111111111111000000000000000000000000111010101010011
1111111111111111111111111111111111111111111111111111111111111111000000000000000000000010111010101010011
1111111111111111111111111111111111111111111111111111111111111111000000000000000000000110111010101010011
1111111111111111111111111111111111111111111111111111111111111111000000000000000000001110111010101010011
1111111111111111111111111111111111111111111111111111111111111111000000000000000000001110111010101010011
1111111111111111111111111111111111111111111111111111111111111111000000000000000000001100111010101010011
1111111111111111111111111111111111111111111111111111111111111111000000000000000000001101111010101010011
1111111111111111111111111111111111111111111111111111111111111111000000000000000000001111111010101010011
1111111111111111111111111111111111111111111111111111111111111111000000000000000000001111111010101010011
1111111111111111111111111111111111111111111111111111111111111111000000000000000000001111011010101010011
1111111111111111111111111111111111111111111111111111111111111111000000000000000000001111001010101010011
1111111111111111111111111111111111111111111111111111111111111111000000000000000000001111000010101010011
1111111111111111111111111111111111111111111111111111111111111111000000000000000000001111000110101010011
1111111111111111111111111111111111111111111111111111111111111111000000000000000000001111001110101010011
1111111111111111111111111111111111111111111111111111111111111111000000000000000000001111001110101010011
1111111111111111111111111111111111111111111111111111111111111111000000000000000000001111001100101010011
1111111111111111111111111111111111111111111111111111111111111111000000000000000000001111001101101010011
1111111111111111111111111111111111111111111111111111111111111111000000000000000000001111001111101010011
1111111111111111111111111111111111111111111111111111111111111111000000000000000000001111001111101010011
1111111111111111111111111111111111111111111111111111111111111111000000000000000000001111001111001010011
1111111111111111111111111111111111111111111111111111111111111111000000000000000000001111001111011010011
1111111111111111111111111111111111111111111111111111111111111111000000000000000000001111001111111010011
1111111111111111111111111111111111111111111111111111111111111111000000000000000000001111001111111010011
1111111111111111111111111111111111111111111111111111111111111111000000000000000000001111001111110010011
1111111111111111111111111111111111111111111111111111111111111111000000000000000000001111001111110110011
1111111111111111111111111111111111111111111111111111111111111111000000000000000000001111001111111110011
1111111111111111111111111111111111111111111111111111111111111111000000000000000000001111001111111110011
1111111111111111111111111111111111111111111111111111111111111111000000000000000000001111001111111100011
1111111111111111111111111111111111111111111111111111111111111111000000000000000000001111001111111101011
1111111111111111111111111111111111111111111111111111111111111111000000000000000000001111001111111111011
1111111111111111111111111111111111111111111111111111111111111111000000000000000000001111001111111111011
1111111111111111111111111111111111111111111111111111111111111111000000000000000000001111001111111111111
1111111111111111111111111111111111111111111111111111111111111111000000000000000000001111001111111110111
1111111111111111111111111111111111111111111111111111111111111111000000000000000000001111001111111100111
1111111111111111111111111111111111111111111111111111111111111111000000000000000000001111001111111100111
1111111111111111111111111111111111111111111111111111111111111111000000000000000000001111001111110100111
1111111111111111111111111111111111111111111111111111111111111111000000000000000000001111001111110100111
1111111111111111111111111111111111111111111111111111111111111111000000000000000000001111001111010100111
1111111111111111111111111111111111111111111111111111111111111111000000000000000000001111001111010100111
1111111111111111111111111111111111111111111111111111111111111111000000000000000000001111001101010100111
1111111111111111111111111111111111111111111111111111111111111111000000000000000000001111001101010100111
1111111111111111111111111111111111111111111111111111111111111111000000000000000000001111000101010100111
1111111111111111111111111111111111111111111111111111111111111111000000000000000000001111000101010100111
1111111111111111111111111111111111111111111111111111111111111111000000000000000000001111001101010100111
1111111111111111111111111111111111111111111111111111111111111111000000000000000000001111011101010100111
1111111111111111111111111111111111111111111111111111111111111111000000000000000000001111111101010100111
1111111111111111111111111111111111111111111111111111111111111111000000000000000000001111111101010100111
1111111111111111111111111111111111111111111111111111111111111111000000000000000000001111110101010100111
1111111111111111111111111111111111111111111111111111111111111111000000000000000000001111110001010100111
1111111111111111111111111111111111111111111111111111111111111111000000000000000000001111110011010100111
1111111111111111111111111111111111111111111111111111111111111111000000000000000000001111110111010100111
1111111111111111111111111111111111111111111111111111111111111111000000000000000000001111110111010100111
1111111111111111111111111111111111111111111111111111111111111111000000000000000000001111110110010100111
1111111111111111111111111111111111111111111111111111111111111111000000000000000000001111110110110100111
1111111111111111111111111111111111111111111111111111111111111111000000000000000000001111110111110100111
1111111111111111111111111111111111111111111111111111111111111111000000000000000000001111110111110100111
1111111111111111111111111111111111111111111111111111111111111111000000000000000000001111110111100100111
1111111111111111111111111111111111111111111111111111111111111111000000000000000000001111110111101100111
1111111111111111111111111111111111111111111111111111111111111111000000000000000000001111110111111100111
1111111111111111111111111111111111111111111111111111111111111111000000000000000000001111110111111100111
1111111111111111111111111111111111111111111111111111111111111111000000000000000000001111110111111000111
1111111111111111111111111111111111111111111111111111111111111111000000000000000000001111110111111010111
1111111111111111111111111111111111111111111111111111111111111111000000000000000000001111110111111110111
1111111111111111111111111111111111111111111111111111111111111111000000000000000000001111110111111110111
1111111111111111111111111111111111111111111111111111111111111111000000000000000000001111110111111111111
1111111111111111111111111111111111111111111111111111111111111111000000000000000000001111110111111101111
1111111111111111111111111111111111111111111111111111111111111111000000000000000000001111110111111001111
1111111111111111111111111111111111111111111111111111111111111111000000000000000000001111110111111001111
1111111111111111111111111111111111111111111111111111111111111111000000000000000000001111110111101001111
1111111111111111111111111111111111111111111111111111111111111111000000000000000000001111110111101001111
1111111111111111111111111111111111111111111111111111111111111111000000000000000000001111110110101001111
1111111111111111111111111111111111111111111111111111111111111111000000000000000000001111110110101001111
1111111111111111111111111111111111111111111111111111111111111111000000000000000000001111110010101001111
1111111111111111111111111111111111111111111111111111111111111111000000000000000000001111110010101001111
1111111111111111111111111111111111111111111111111111111111111111000000000000000000001111110110101001111
1111111111111111111111111111111111111111111111111111111111111111000000000000000000001111111110101001111
1111111111111111111111111111111111111111111111111111111111111111000000000000000000001111101110101001111
1111111111111111111111111111111111111111111111111111111111111111000000000000000000001111001110101001111
1111111111111111111111111111111111111111111111111111111111111111000000000000000000001111001110101001111
1111111111111111111111111111111111111111111111111111111111111111000000000000000000001101001110101001111
1111111111111111111111111111111111111111111111111111111111111111000000000000000000001101001110101001111
1111111111111111111111111111111111111111111111111111111111111111000000000000000000000101001110101001111
1111111111111111111111111111111111111111111111111111111111111111000000000000000000000101001110101001111
1111111111111111111111111111111111111111111111111111111111111111000000000000000000001101001110101001111
1111111111111111111111111111111111111111111111111111111111111111000000000000000000011101001110101001111
1111111111111111111111111111111111111111111111111111111111111111000000000000000000111101001110101001111
1111111111111111111111111111111111111111111111111111111111111111000000000000000000111101001110101001111
1111111111111111111111111111111111111111111111111111111111111111000000000000000000110101001110101001111
1111111111111111111111111111111111111111111111111111111111111111000000000000000000110001001110101001111
1111111111111111111111111111111111111111111111111111111111111111000000000000000000110011001110101001111
1111111111111111111111111111111111111111111111111111111111111111000000000000000000110111001110101001111
1111111111111111111111111111111111111111111111111111111111111111000000000000000000110111001110101001111
1111111111111111111111111111111111111111111111111111111111111111000000000000000000110110001110101001111
1111111111111111111111111111111111111111111111111111111111111111000000000000000000110110101110101001111
1111111111111111111111111111111111111111111111111111111111111111000000000000000000110111101110101001111
1111111111111111111111111111111111111111111111111111111111111111000000000000000000110111101110101001111
1111111111111111111111111111111111111111111111111111111111111111000000000000000000110111111110101001111
1111111111111111111111111111111111111111111111111111111111111111000000000000000000110111011110101001111
1111111111111111111111111111111111111111111111111111111111111111000000000000000000110110011110101001111
1111111111111111111111111111111111111111111111111111111111111111000000000000000000110110011110101001111
1111111111111111111111111111111111111111111111111111111111111111000000000000000000110010011110101001111
1111111111111111111111111111111111111111111111111111111111111111000000000000000000110010011110101001111
1111111111111111111111111111111111111111111111111111111111111111000000000000000000110110011110101001111
1111111111111111111111111111111111111111111111111111111111111111000000000000000000111110011110101001111
1111111111111111111111111111111111111111111111111111111111111111000000000000000000101110011110101001111
1111111111111111111111111111111111111111111111111111111111111111000000000000000000001110011110101001111
1111111111111111111111111111111111111111111111111111111111111111000000000000000000001110011110101001111
1111111111111111111111111111111111111111111111111111111111111111000000000000000000101110011110101001111
1111111111111111111111111111111111111111111111111111111111111111000000000000000001101110011110101001111
1111111111111111111111111111111111111111111111111111111111111111000000000000000011101110011110101001111
1111111111111111111111111111111111111111111111111111111111111111000000000000000011101110011110101001111
1111111111111111111111111111111111111111111111111111111111111111000000000000000011001110011110101001111
1111111111111111111111111111111111111111111111111111111111111111000000000000000011011110011110101001111
1111111111111111111111111111111111111111111111111111111111111111000000000000000011111110011110101001111
1111111111111111111111111111111111111111111111111111111111111111000000000000000011111110011110101001111
1111111111111111111111111111111111111111111111111111111111111111000000000000000011110110011110101001111
1111111111111111111111111111111111111111111111111111111111111111000000000000000011110010011110101001111
1111111111111111111111111111111111111111111111111111111111111111000000000000000011110000011110101001111
1111111111111111111111111111111111111111111111111111111111111111000000000000000011110001011110101001111
1111111111111111111111111111111111111111111111111111111111111111000000000000000011110011011110101001111
1111111111111111111111111111111111111111111111111111111111111111000000000000000011110011011110101001111
1111111111111111111111111111111111111111111111111111111111111111000000000000000011110011111110101001111
1111111111111111111111111111111111111111111111111111111111111111000000000000000011110010111110101001111
1111111111111111111111111111111111111111111111111111111111111111000000000000000011110000111110101001111
1111111111111111111111111111111111111111111111111111111111111111000000000000000011110000111110101001111
1111111111111111111111111111111111111111111111111111111111111111000000000000000011110010111110101001111
1111111111111111111111111111111111111111111111111111111111111111000000000000000011110110111110101001111
1111111111111111111111111111111111111111111111111111111111111111000000000000000011111110111110101001111
1111111111111111111111111111111111111111111111111111111111111111000000000000000011111110111110101001111
1111111111111111111111111111111111111111111111111111111111111111000000000000000011111100111110101001111
1111111111111111111111111111111111111111111111111111111111111111000000000000000011111101111110101001111
1111111111111111111111111111111111111111111111111111111111111111000000000000000011111111111110101001111
1111111111111111111111111111111111111111111111111111111111111111000000000000000011111111111110101001111
1111111111111111111111111111111111111111111111111111111111111111000000000000000011111111011110101001111
1111111111111111111111111111111111111111111111111111111111111111000000000000000011111111001110101001111
1111111111111111111111111111111111111111111111111111111111111111000000000000000011111111000110101001111
1111111111111111111111111111111111111111111111111111111111111111000000000000000011111111000010101001111
1111111111111111111111111111111111111111111111111111111111111111000000000000000011111111000000101001111
1111111111111111111111111111111111111111111111111111111111111111000000000000000011111111000001101001111
1111111111111111111111111111111111111111111111111111111111111111000000000000000011111111000011101001111
1111111111111111111111111111111111111111111111111111111111111111000000000000000011111111000011101001111
1111111111111111111111111111111111111111111111111111111111111111000000000000000011111111000011001001111
1111111111111111111111111111111111111111111111111111111111111111000000000000000011111111000011011001111
1111111111111111111111111111111111111111111111111111111111111111000000000000000011111111000011111001111
1111111111111111111111111111111111111111111111111111111111111111000000000000000011111111000011111001111
1111111111111111111111111111111111111111111111111111111111111111000000000000000011111111000011110001111
1111111111111111111111111111111111111111111111111111111111111111000000000000000011111111000011110101111
1111111111111111111111111111111111111111111111111111111111111111000000000000000011111111000011111101111
1111111111111111111111111111111111111111111111111111111111111111000000000000000011111111000011111101111
1111111111111111111111111111111111111111111111111111111111111111000000000000000011111111000011111111111
1111111111111111111111111111111111111111111111111111111111111111000000000000000011111111000011111011111
1111111111111111111111111111111111111111111111111111111111111111000000000000000011111111000011110011111
1111111111111111111111111111111111111111111111111111111111111111000000000000000011111111000011110011111
1111111111111111111111111111111111111111111111111111111111111111000000000000000011111111000011010011111
1111111111111111111111111111111111111111111111111111111111111111000000000000000011111111000011010011111
1111111111111111111111111111111111111111111111111111111111111111000000000000000011111111000001010011111
1111111111111111111111111111111111111111111111111111111111111111000000000000000011111111000001010011111
1111111111111111111111111111111111111111111111111111111111111111000000000000000011111111000011010011111
1111111111111111111111111111111111111111111111111111111111111111000000000000000011111111000111010011111
1111111111111111111111111111111111111111111111111111111111111111000000000000000011111111001111010011111
1111111111111111111111111111111111111111111111111111111111111111000000000000000011111111001111010011111
1111111111111111111111111111111111111111111111111111111111111111000000000000000011111111001101010011111
1111111111111111111111111111111111111111111111111111111111111111000000000000000011111111001100010011111
1111111111111111111111111111111111111111111111111111111111111111000000000000000011111111001100110011111
1111111111111111111111111111111111111111111111111111111111111111000000000000000011111111001101110011111
1111111111111111111111111111111111111111111111111111111111111111000000000000000011111111001101110011111
1111111111111111111111111111111111111111111111111111111111111111000000000000000011111111001101100011111
1111111111111111111111111111111111111111111111111111111111111111000000000000000011111111001101101011111
1111111111111111111111111111111111111111111111111111111111111111000000000000000011111111001101111011111
1111111111111111111111111111111111111111111111111111111111111111000000000000000011111111001101111011111
1111111111111111111111111111111111111111111111111111111111111111000000000000000011111111001101111111111
1111111111111111111111111111111111111111111111111111111111111111000000000000000011111111001101110111111
1111111111111111111111111111111111111111111111111111111111111111000000000000000011111111001101100111111
1111111111111111111111111111111111111111111111111111111111111111000000000000000011111111001101100111111
1111111111111111111111111111111111111111111111111111111111111111000000000000000011111111001100100111111
1111111111111111111111111111111111111111111111111111111111111111000000000000000011111111001100100111111
1111111111111111111111111111111111111111111111111111111111111111000000000000000011111111001101100111111
1111111111111111111111111111111111111111111111111111111111111111000000000000000011111111001111100111111
1111111111111111111111111111111111111111111111111111111111111111000000000000000011111111001011100111111
1111111111111111111111111111111111111111111111111111111111111111000000000000000011111111000011100111111
1111111111111111111111111111111111111111111111111111111111111111000000000000000011111111000011100111111
1111111111111111111111111111111111111111111111111111111111111111000000000000000011111111001011100111111
1111111111111111111111111111111111111111111111111111111111111111000000000000000011111111011011100111111
1111111111111111111111111111111111111111111111111111111111111111000000000000000011111111111011100111111
1111111111111111111111111111111111111111111111111111111111111111000000000000000011111111111011100111111
1111111111111111111111111111111111111111111111111111111111111111000000000000000011111111110011100111111
1111111111111111111111111111111111111111111111111111111111111111000000000000000011111111110111100111111
1111111111111111111111111111111111111111111111111111111111111111000000000000000011111111111111100111111
1111111111111111111111111111111111111111111111111111111111111111000000000000000011111111111111100111111
1111111111111111111111111111111111111111111111111111111111111111000000000000000011111111111101100111111
1111111111111111111111111111111111111111111111111111111111111111000000000000000011111111111100100111111
1111111111111111111111111111111111111111111111111111111111111111000000000000000011111111111100000111111
1111111111111111111111111111111111111111111111111111111111111111000000000000000011111111111100010111111
1111111111111111111111111111111111111111111111111111111111111111000000000000000011111111111100110111111
1111111111111111111111111111111111111111111111111111111111111111000000000000000011111111111100110111111
1111111111111111111111111111111111111111111111111111111111111111000000000000000011111111111100111111111
1111111111111111111111111111111111111111111111111111111111111111000000000000000011111111111100101111111
1111111111111111111111111111111111111111111111111111111111111111000000000000000011111111111100001111111
1111111111111111111111111111111111111111111111111111111111111111000000000000000011111111111100001111111
1111111111111111111111111111111111111111111111111111111111111111000000000000000011111111111100101111111
1111111111111111111111111111111111111111111111111111111111111111000000000000000011111111111101101111111
1111111111111111111111111111111111111111111111111111111111111111000000000000000011111111111111101111111
1111111111111111111111111111111111111111111111111111111111111111000000000000000011111111111111101111111
1111111111111111111111111111111111111111111111111111111111111111000000000000000011111111111111001111111
1111111111111111111111111111111111111111111111111111111111111111000000000000000011111111111111011111111
1111111111111111111111111111111111111111111111111111111111111111000000000000000011111111111111111111111
1111111111111111111111111111111111111111111111111111111111111111000000000000000011111111111111111111111
1111111111111111111111111111111111111111111111111111111111111111000000000000000011111111111111110111111
1111111111111111111111111111111111111111111111111111111111111111000000000000000011111111111111110011111
1111111111111111111111111111111111111111111111111111111111111111000000000000000011111111111111110001111
1111111111111111111111111111111111111111111111111111111111111111000000000000000011111111111111110000111
1111111111111111111111111111111111111111111111111111111111111111000000000000000011111111111111110000011
1111111111111111111111111111111111111111111111111111111111111111000000000000000011111111111111110000001
11111111111111111111111111111111111111111111111111111111111111110000000000000000111111111111111100000000
11111111111111111111111111111111111111111111111111111111111111110000000000000000111111111111111100000001
11111111111111111111111111111111111111111111111111111111111111110000000000000000111111111111111100000011
111111111111111111111111111111111111111111111111111111111111111100000000000000001111111111111111000000110
111111111111111111111111111111111111111111111111111111111111111100000000000000001111111111111111000000111
111111111111111111111111111111111111111111111111111111111111111100000000000000001111111111111111000000101
111111111111111111111111111111111111111111111111111111111111111100000000000000001111111111111111000000001
111111111111111111111111111111111111111111111111111111111111111100000000000000001111111111111111000000001
111111111111111111111111111111111111111111111111111111111111111100000000000000001111111111111111000000101
111111111111111111111111111111111111111111111111111111111111111100000000000000001111111111111111000001101
111111111111111111111111111111111111111111111111111111111111111100000000000000001111111111111111000011101
111111111111111111111111111111111111111111111111111111111111111100000000000000001111111111111111000011101
111111111111111111111111111111111111111111111111111111111111111100000000000000001111111111111111000011001
111111111111111111111111111111111111111111111111111111111111111100000000000000001111111111111111000011011
111111111111111111111111111111111111111111111111111111111111111100000000000000001111111111111111000011111
111111111111111111111111111111111111111111111111111111111111111100000000000000001111111111111111000011111
1111111111111111111111111111111111111111111111111111111111111111000000000000000011111111111111110000111100
1111111111111111111111111111111111111111111111111111111111111111000000000000000011111111111111110000111101
1111111111111111111111111111111111111111111111111111111111111111000000000000000011111111111111110000111111
11111111111111111111111111111111111111111111111111111111111111110000000000000000111111111111111100001111110
11111111111111111111111111111111111111111111111111111111111111110000000000000000111111111111111100001111111
11111111111111111111111111111111111111111111111111111111111111110000000000000000111111111111111100001111101
11111111111111111111111111111111111111111111111111111111111111110000000000000000111111111111111100001111001
11111111111111111111111111111111111111111111111111111111111111110000000000000000111111111111111100001111001
11111111111111111111111111111111111111111111111111111111111111110000000000000000111111111111111100001101001
11111111111111111111111111111111111111111111111111111111111111110000000000000000111111111111111100001101001
11111111111111111111111111111111111111111111111111111111111111110000000000000000111111111111111100000101001
11111111111111111111111111111111111111111111111111111111111111110000000000000000111111111111111100000101001
11111111111111111111111111111111111111111111111111111111111111110000000000000000111111111111111100001101001
11111111111111111111111111111111111111111111111111111111111111110000000000000000111111111111111100011101001
11111111111111111111111111111111111111111111111111111111111111110000000000000000111111111111111100111101001
11111111111111111111111111111111111111111111111111111111111111110000000000000000111111111111111100111101001
11111111111111111111111111111111111111111111111111111111111111110000000000000000111111111111111100110101001
11111111111111111111111111111111111111111111111111111111111111110000000000000000111111111111111100110001001
11111111111111111111111111111111111111111111111111111111111111110000000000000000111111111111111100110011001
11111111111111111111111111111111111111111111111111111111111111110000000000000000111111111111111100110111001
11111111111111111111111111111111111111111111111111111111111111110000000000000000111111111111111100110111001
11111111111111111111111111111111111111111111111111111111111111110000000000000000111111111111111100110110001
11111111111111111111111111111111111111111111111111111111111111110000000000000000111111111111111100110110101
11111111111111111111111111111111111111111111111111111111111111110000000000000000111111111111111100110111101
11111111111111111111111111111111111111111111111111111111111111110000000000000000111111111111111100110111101
11111111111111111111111111111111111111111111111111111111111111110000000000000000111111111111111100110111111
11111111111111111111111111111111111111111111111111111111111111110000000000000000111111111111111100110111011
11111111111111111111111111111111111111111111111111111111111111110000000000000000111111111111111100110110011
11111111111111111111111111111111111111111111111111111111111111110000000000000000111111111111111100110110011
11111111111111111111111111111111111111111111111111111111111111110000000000000000111111111111111100110010011
11111111111111111111111111111111111111111111111111111111111111110000000000000000111111111111111100110010011
11111111111111111111111111111111111111111111111111111111111111110000000000000000111111111111111100110110011
11111111111111111111111111111111111111111111111111111111111111110000000000000000111111111111111100111110011
11111111111111111111111111111111111111111111111111111111111111110000000000000000111111111111111100101110011
11111111111111111111111111111111111111111111111111111111111111110000000000000000111111111111111100001110011
11111111111111111111111111111111111111111111111111111111111111110000000000000000111111111111111100001110011
11111111111111111111111111111111111111111111111111111111111111110000000000000000111111111111111100101110011
11111111111111111111111111111111111111111111111111111111111111110000000000000000111111111111111101101110011
11111111111111111111111111111111111111111111111111111111111111110000000000000000111111111111111111101110011
11111111111111111111111111111111111111111111111111111111111111110000000000000000111111111111111111101110011
11111111111111111111111111111111111111111111111111111111111111110000000000000000111111111111111111001110011
11111111111111111111111111111111111111111111111111111111111111110000000000000000111111111111111111011110011
11111111111111111111111111111111111111111111111111111111111111110000000000000000111111111111111111111110011
11111111111111111111111111111111111111111111111111111111111111110000000000000000111111111111111111111110011
11111111111111111111111111111111111111111111111111111111111111110000000000000000111111111111111111110110011
11111111111111111111111111111111111111111111111111111111111111110000000000000000111111111111111111110010011
11111111111111111111111111111111111111111111111111111111111111110000000000000000111111111111111111110000011
11111111111111111111111111111111111111111111111111111111111111110000000000000000111111111111111111110001011
11111111111111111111111111111111111111111111111111111111111111110000000000000000111111111111111111110011011
11111111111111111111111111111111111111111111111111111111111111110000000000000000111111111111111111110011011
11111111111111111111111111111111111111111111111111111111111111110000000000000000111111111111111111110011111
11111111111111111111111111111111111111111111111111111111111111110000000000000000111111111111111111110010111
11111111111111111111111111111111111111111111111111111111111111110000000000000000111111111111111111110000111
11111111111111111111111111111111111111111111111111111111111111110000000000000000111111111111111111110000111
11111111111111111111111111111111111111111111111111111111111111110000000000000000111111111111111111110010111
11111111111111111111111111111111111111111111111111111111111111110000000000000000111111111111111111110110111
11111111111111111111111111111111111111111111111111111111111111110000000000000000111111111111111111111110111
11111111111111111111111111111111111111111111111111111111111111110000000000000000111111111111111111111110111
11111111111111111111111111111111111111111111111111111111111111110000000000000000111111111111111111111100111
11111111111111111111111111111111111111111111111111111111111111110000000000000000111111111111111111111101111
11111111111111111111111111111111111111111111111111111111111111110000000000000000111111111111111111111111111
11111111111111111111111111111111111111111111111111111111111111110000000000000000111111111111111111111111111
11111111111111111111111111111111111111111111111111111111111111110000000000000000111111111111111111111111011
11111111111111111111111111111111111111111111111111111111111111110000000000000000111111111111111111111111001
111111111111111111111111111111111111111111111111111111111111111100000000000000001111111111111111111111110000
111111111111111111111111111111111111111111111111111111111111111100000000000000001111111111111111111111110001
111111111111111111111111111111111111111111111111111111111111111100000000000000001111111111111111111111110011
1111111111111111111111111111111111111111111111111111111111111111000000000000000011111111111111111111111100110
1111111111111111111111111111111111111111111111111111111111111111000000000000000011111111111111111111111100111
1111111111111111111111111111111111111111111111111111111111111111000000000000000011111111111111111111111100101
1111111111111111111111111111111111111111111111111111111111111111000000000000000011111111111111111111111100001
1111111111111111111111111111111111111111111111111111111111111111000000000000000011111111111111111111111100001
1111111111111111111111111111111111111111111111111111111111111111000000000000000011111111111111111111111100101
1111111111111111111111111111111111111111111111111111111111111111000000000000000011111111111111111111111101101
1111111111111111111111111111111111111111111111111111111111111111000000000000000011111111111111111111111111101
1111111111111111111111111111111111111111111111111111111111111111000000000000000011111111111111111111111111101
1111111111111111111111111111111111111111111111111111111111111111000000000000000011111111111111111111111111001
1111111111111111111111111111111111111111111111111111111111111111000000000000000011111111111111111111111111011
1111111111111111111111111111111111111111111111111111111111111111000000000000000011111111111111111111111111111
1111111111111111111111111111111111111111111111111111111111111111000000000000000011111111111111111111111111111
11111111111111111111111111111111111111111111111111111111111111110000000000000000111111111111111111111111111100
11111111111111111111111111111111111111111111111111111111111111110000000000000000111111111111111111111111111101
11111111111111111111111111111111111111111111111111111111111111110000000000000000111111111111111111111111111111
111111111111111111111111111111111111111111111111111111111111111100000000000000001111111111111111111111111111110
111111111111111111111111111111111111111111111111111111111111111100000000000000001111111111111111111111111111111
111111111111111111111111111111111111111111111111111111111111111100000000000000001111111111111111111111111111101
111111111111111111111111111111111111111111111111111111111111111100000000000000001111111111111111111111111111001
111111111111111111111111111111111111111111111111111111111111111100000000000000001111111111111111111111111111001
111111111111111111111111111111111111111111111111111111111111111100000000000000001111111111111111111111111101001
111111111111111111111111111111111111111111111111111111111111111100000000000000001111111111111111111111111101001
111111111111111111111111111111111111111111111111111111111111111100000000000000001111111111111111111111110101001
111111111111111111111111111111111111111111111111111111111111111100000000000000001111111111111111111111110101001
111111111111111111111111111111111111111111111111111111111111111100000000000000001111111111111111111111010101001
111111111111111111111111111111111111111111111111111111111111111100000000000000001111111111111111111111010101001
111111111111111111111111111111111111111111111111111111111111111100000000000000001111111111111111111101010101001
111111111111111111111111111111111111111111111111111111111111111100000000000000001111111111111111111101010101001
111111111111111111111111111111111111111111111111111111111111111100000000000000001111111111111111110101010101001
111111111111111111111111111111111111111111111111111111111111111100000000000000001111111111111111110101010101001
111111111111111111111111111111111111111111111111111111111111111100000000000000001111111111111111010101010101001
111111111111111111111111111111111111111111111111111111111111111100000000000000001111111111111111010101010101001
111111111111111111111111111111111111111111111111111111111111111100000000000000001111111111111101010101010101001
111111111111111111111111111111111111111111111111111111111111111100000000000000001111111111111101010101010101001
111111111111111111111111111111111111111111111111111111111111111100000000000000001111111111110101010101010101001
111111111111111111111111111111111111111111111111111111111111111100000000000000001111111111110101010101010101001
111111111111111111111111111111111111111111111111111111111111111100000000000000001111111111010101010101010101001
111111111111111111111111111111111111111111111111111111111111111100000000000000001111111111010101010101010101001
111111111111111111111111111111111111111111111111111111111111111100000000000000001111111101010101010101010101001
111111111111111111111111111111111111111111111111111111111111111100000000000000001111111101010101010101010101001
111111111111111111111111111111111111111111111111111111111111111100000000000000001111110101010101010101010101001
111111111111111111111111111111111111111111111111111111111111111100000000000000001111110101010101010101010101001
111111111111111111111111111111111111111111111111111111111111111100000000000000001111010101010101010101010101001
111111111111111111111111111111111111111111111111111111111111111100000000000000001111010101010101010101010101001
111111111111111111111111111111111111111111111111111111111111111100000000000000001101010101010101010101010101001
111111111111111111111111111111111111111111111111111111111111111100000000000000001101010101010101010101010101001
111111111111111111111111111111111111111111111111111111111111111100000000000000000101010101010101010101010101001
111111111111111111111111111111111111111111111111111111111111111100000000000000000101010101010101010101010101001
111111111111111111111111111111111111111111111111111111111111111100000000000000001101010101010101010101010101001
111111111111111111111111111111111111111111111111111111111111111100000000000000011101010101010101010101010101001
111111111111111111111111111111111111111111111111111111111111111100000000000000111101010101010101010101010101001
111111111111111111111111111111111111111111111111111111111111111100000000000000111101010101010101010101010101001
111111111111111111111111111111111111111111111111111111111111111100000000000000110101010101010101010101010101001
111111111111111111111111111111111111111111111111111111111111111100000000000000110001010101010101010101010101001
111111111111111111111111111111111111111111111111111111111111111100000000000000110011010101010101010101010101001
111111111111111111111111111111111111111111111111111111111111111100000000000000110111010101010101010101010101001
111111111111111111111111111111111111111111111111111111111111111100000000000000110111010101010101010101010101001
111111111111111111111111111111111111111111111111111111111111111100000000000000110110010101010101010101010101001
111111111111111111111111111111111111111111111111111111111111111100000000000000110110110101010101010101010101001
111111111111111111111111111111111111111111111111111111111111111100000000000000110111110101010101010101010101001
111111111111111111111111111111111111111111111111111111111111111100000000000000110111110101010101010101010101001
111111111111111111111111111111111111111111111111111111111111111100000000000000110111100101010101010101010101001
111111111111111111111111111111111111111111111111111111111111111100000000000000110111101101010101010101010101001
111111111111111111111111111111111111111111111111111111111111111100000000000000110111111101010101010101010101001
111111111111111111111111111111111111111111111111111111111111111100000000000000110111111101010101010101010101001
111111111111111111111111111111111111111111111111111111111111111100000000000000110111111001010101010101010101001
111111111111111111111111111111111111111111111111111111111111111100000000000000110111111011010101010101010101001
111111111111111111111111111111111111111111111111111111111111111100000000000000110111111111010101010101010101001
111111111111111111111111111111111111111111111111111111111111111100000000000000110111111111010101010101010101001
111111111111111111111111111111111111111111111111111111111111111100000000000000110111111110010101010101010101001
111111111111111111111111111111111111111111111111111111111111111100000000000000110111111110110101010101010101001
111111111111111111111111111111111111111111111111111111111111111100000000000000110111111111110101010101010101001
111111111111111111111111111111111111111111111111111111111111111100000000000000110111111111110101010101010101001
111111111111111111111111111111111111111111111111111111111111111100000000000000110111111111100101010101010101001
111111111111111111111111111111111111111111111111111111111111111100000000000000110111111111101101010101010101001
111111111111111111111111111111111111111111111111111111111111111100000000000000110111111111111101010101010101001
111111111111111111111111111111111111111111111111111111111111111100000000000000110111111111111101010101010101001
111111111111111111111111111111111111111111111111111111111111111100000000000000110111111111111001010101010101001
111111111111111111111111111111111111111111111111111111111111111100000000000000110111111111111011010101010101001
111111111111111111111111111111111111111111111111111111111111111100000000000000110111111111111111010101010101001
111111111111111111111111111111111111111111111111111111111111111100000000000000110111111111111111010101010101001
111111111111111111111111111111111111111111111111111111111111111100000000000000110111111111111110010101010101001
111111111111111111111111111111111111111111111111111111111111111100000000000000110111111111111110110101010101001
111111111111111111111111111111111111111111111111111111111111111100000000000000110111111111111111110101010101001
111111111111111111111111111111111111111111111111111111111111111100000000000000110111111111111111110101010101001
111111111111111111111111111111111111111111111111111111111111111100000000000000110111111111111111100101010101001
111111111111111111111111111111111111111111111111111111111111111100000000000000110111111111111111101101010101001
111111111111111111111111111111111111111111111111111111111111111100000000000000110111111111111111111101010101001
111111111111111111111111111111111111111111111111111111111111111100000000000000110111111111111111111101010101001
111111111111111111111111111111111111111111111111111111111111111100000000000000110111111111111111111001010101001
111111111111111111111111111111111111111111111111111111111111111100000000000000110111111111111111111011010101001
111111111111111111111111111111111111111111111111111111111111111100000000000000110111111111111111111111010101001
111111111111111111111111111111111111111111111111111111111111111100000000000000110111111111111111111111010101001
111111111111111111111111111111111111111111111111111111111111111100000000000000110111111111111111111110010101001
111111111111111111111111111111111111111111111111111111111111111100000000000000110111111111111111111110110101001
111111111111111111111111111111111111111111111111111111111111111100000000000000110111111111111111111111110101001
111111111111111111111111111111111111111111111111111111111111111100000000000000110111111111111111111111110101001
111111111111111111111111111111111111111111111111111111111111111100000000000000110111111111111111111111100101001
111111111111111111111111111111111111111111111111111111111111111100000000000000110111111111111111111111101101001
111111111111111111111111111111111111111111111111111111111111111100000000000000110111111111111111111111111101001
111111111111111111111111111111111111111111111111111111111111111100000000000000110111111111111111111111111101001
111111111111111111111111111111111111111111111111111111111111111100000000000000110111111111111111111111111001001
111111111111111111111111111111111111111111111111111111111111111100000000000000110111111111111111111111111011001
111111111111111111111111111111111111111111111111111111111111111100000000000000110111111111111111111111111111001
111111111111111111111111111111111111111111111111111111111111111100000000000000110111111111111111111111111111001
111111111111111111111111111111111111111111111111111111111111111100000000000000110111111111111111111111111110001
111111111111111111111111111111111111111111111111111111111111111100000000000000110111111111111111111111111110101
111111111111111111111111111111111111111111111111111111111111111100000000000000110111111111111111111111111111101
111111111111111111111111111111111111111111111111111111111111111100000000000000110111111111111111111111111111101
111111111111111111111111111111111111111111111111111111111111111100000000000000110111111111111111111111111111111
111111111111111111111111111111111111111111111111111111111111111100000000000000110111111111111111111111111111011
111111111111111111111111111111111111111111111111111111111111111100000000000000110111111111111111111111111110011
111111111111111111111111111111111111111111111111111111111111111100000000000000110111111111111111111111111110011
111111111111111111111111111111111111111111111111111111111111111100000000000000110111111111111111111111111010011
111111111111111111111111111111111111111111111111111111111111111100000000000000110111111111111111111111111010011
111111111111111111111111111111111111111111111111111111111111111100000000000000110111111111111111111111101010011
111111111111111111111111111111111111111111111111111111111111111100000000000000110111111111111111111111101010011
111111111111111111111111111111111111111111111111111111111111111100000000000000110111111111111111111110101010011
111111111111111111111111111111111111111111111111111111111111111100000000000000110111111111111111111110101010011
111111111111111111111111111111111111111111111111111111111111111100000000000000110111111111111111111010101010011
111111111111111111111111111111111111111111111111111111111111111100000000000000110111111111111111111010101010011
111111111111111111111111111111111111111111111111111111111111111100000000000000110111111111111111101010101010011
111111111111111111111111111111111111111111111111111111111111111100000000000000110111111111111111101010101010011
111111111111111111111111111111111111111111111111111111111111111100000000000000110111111111111110101010101010011
111111111111111111111111111111111111111111111111111111111111111100000000000000110111111111111110101010101010011
111111111111111111111111111111111111111111111111111111111111111100000000000000110111111111111010101010101010011
111111111111111111111111111111111111111111111111111111111111111100000000000000110111111111111010101010101010011
111111111111111111111111111111111111111111111111111111111111111100000000000000110111111111101010101010101010011
111111111111111111111111111111111111111111111111111111111111111100000000000000110111111111101010101010101010011
111111111111111111111111111111111111111111111111111111111111111100000000000000110111111110101010101010101010011
111111111111111111111111111111111111111111111111111111111111111100000000000000110111111110101010101010101010011
111111111111111111111111111111111111111111111111111111111111111100000000000000110111111010101010101010101010011
111111111111111111111111111111111111111111111111111111111111111100000000000000110111111010101010101010101010011
111111111111111111111111111111111111111111111111111111111111111100000000000000110111101010101010101010101010011
111111111111111111111111111111111111111111111111111111111111111100000000000000110111101010101010101010101010011
111111111111111111111111111111111111111111111111111111111111111100000000000000110110101010101010101010101010011
111111111111111111111111111111111111111111111111111111111111111100000000000000110110101010101010101010101010011
111111111111111111111111111111111111111111111111111111111111111100000000000000110010101010101010101010101010011
111111111111111111111111111111111111111111111111111111111111111100000000000000110010101010101010101010101010011
111111111111111111111111111111111111111111111111111111111111111100000000000000110110101010101010101010101010011
111111111111111111111111111111111111111111111111111111111111111100000000000000111110101010101010101010101010011
111111111111111111111111111111111111111111111111111111111111111100000000000000101110101010101010101010101010011
111111111111111111111111111111111111111111111111111111111111111100000000000000001110101010101010101010101010011
111111111111111111111111111111111111111111111111111111111111111100000000000000001110101010101010101010101010011
111111111111111111111111111111111111111111111111111111111111111100000000000000101110101010101010101010101010011
111111111111111111111111111111111111111111111111111111111111111100000000000001101110101010101010101010101010011
111111111111111111111111111111111111111111111111111111111111111100000000000011101110101010101010101010101010011
111111111111111111111111111111111111111111111111111111111111111100000000000011101110101010101010101010101010011
111111111111111111111111111111111111111111111111111111111111111100000000000011001110101010101010101010101010011
111111111111111111111111111111111111111111111111111111111111111100000000000011011110101010101010101010101010011
111111111111111111111111111111111111111111111111111111111111111100000000000011111110101010101010101010101010011
111111111111111111111111111111111111111111111111111111111111111100000000000011111110101010101010101010101010011
111111111111111111111111111111111111111111111111111111111111111100000000000011110110101010101010101010101010011
111111111111111111111111111111111111111111111111111111111111111100000000000011110010101010101010101010101010011
111111111111111111111111111111111111111111111111111111111111111100000000000011110000101010101010101010101010011
111111111111111111111111111111111111111111111111111111111111111100000000000011110001101010101010101010101010011
111111111111111111111111111111111111111111111111111111111111111100000000000011110011101010101010101010101010011
111111111111111111111111111111111111111111111111111111111111111100000000000011110011101010101010101010101010011
111111111111111111111111111111111111111111111111111111111111111100000000000011110011001010101010101010101010011
111111111111111111111111111111111111111111111111111111111111111100000000000011110011011010101010101010101010011
111111111111111111111111111111111111111111111111111111111111111100000000000011110011111010101010101010101010011
111111111111111111111111111111111111111111111111111111111111111100000000000011110011111010101010101010101010011
111111111111111111111111111111111111111111111111111111111111111100000000000011110011110010101010101010101010011
111111111111111111111111111111111111111111111111111111111111111100000000000011110011110110101010101010101010011
111111111111111111111111111111111111111111111111111111111111111100000000000011110011111110101010101010101010011
111111111111111111111111111111111111111111111111111111111111111100000000000011110011111110101010101010101010011
111111111111111111111111111111111111111111111111111111111111111100000000000011110011111100101010101010101010011
111111111111111111111111111111111111111111111111111111111111111100000000000011110011111101101010101010101010011
111111111111111111111111111111111111111111111111111111111111111100000000000011110011111111101010101010101010011
111111111111111111111111111111111111111111111111111111111111111100000000000011110011111111101010101010101010011
111111111111111111111111111111111111111111111111111111111111111100000000000011110011111111001010101010101010011
111111111111111111111111111111111111111111111111111111111111111100000000000011110011111111011010101010101010011
111111111111111111111111111111111111111111111111111111111111111100000000000011110011111111111010101010101010011
111111111111111111111111111111111111111111111111111111111111111100000000000011110011111111111010101010101010011
111111111111111111111111111111111111111111111111111111111111111100000000000011110011111111110010101010101010011
111111111111111111111111111111111111111111111111111111111111111100000000000011110011111111110110101010101010011
111111111111111111111111111111111111111111111111111111111111111100000000000011110011111111111110101010101010011
111111111111111111111111111111111111111111111111111111111111111100000000000011110011111111111110101010101010011
111111111111111111111111111111111111111111111111111111111111111100000000000011110011111111111100101010101010011
111111111111111111111111111111111111111111111111111111111111111100000000000011110011111111111101101010101010011
111111111111111111111111111111111111111111111111111111111111111100000000000011110011111111111111101010101010011
111111111111111111111111111111111111111111111111111111111111111100000000000011110011111111111111101010101010011
111111111111111111111111111111111111111111111111111111111111111100000000000011110011111111111111001010101010011
111111111111111111111111111111111111111111111111111111111111111100000000000011110011111111111111011010101010011
111111111111111111111111111111111111111111111111111111111111111100000000000011110011111111111111111010101010011
111111111111111111111111111111111111111111111111111111111111111100000000000011110011111111111111111010101010011
111111111111111111111111111111111111111111111111111111111111111100000000000011110011111111111111110010101010011
111111111111111111111111111111111111111111111111111111111111111100000000000011110011111111111111110110101010011
111111111111111111111111111111111111111111111111111111111111111100000000000011110011111111111111111110101010011
111111111111111111111111111111111111111111111111111111111111111100000000000011110011111111111111111110101010011
111111111111111111111111111111111111111111111111111111111111111100000000000011110011111111111111111100101010011
111111111111111111111111111111111111111111111111111111111111111100000000000011110011111111111111111101101010011
111111111111111111111111111111111111111111111111111111111111111100000000000011110011111111111111111111101010011
111111111111111111111111111111111111111111111111111111111111111100000000000011110011111111111111111111101010011
111111111111111111111111111111111111111111111111111111111111111100000000000011110011111111111111111111001010011
111111111111111111111111111111111111111111111111111111111111111100000000000011110011111111111111111111011010011
111111111111111111111111111111111111111111111111111111111111111100000000000011110011111111111111111111111010011
111111111111111111111111111111111111111111111111111111111111111100000000000011110011111111111111111111111010011
111111111111111111111111111111111111111111111111111111111111111100000000000011110011111111111111111111110010011
111111111111111111111111111111111111111111111111111111111111111100000000000011110011111111111111111111110110011
111111111111111111111111111111111111111111111111111111111111111100000000000011110011111111111111111111111110011
111111111111111111111111111111111111111111111111111111111111111100000000000011110011111111111111111111111110011
111111111111111111111111111111111111111111111111111111111111111100000000000011110011111111111111111111111100011
111111111111111111111111111111111111111111111111111111111111111100000000000011110011111111111111111111111101011
111111111111111111111111111111111111111111111111111111111111111100000000000011110011111111111111111111111111011
111111111111111111111111111111111111111111111111111111111111111100000000000011110011111111111111111111111111011
111111111111111111111111111111111111111111111111111111111111111100000000000011110011111111111111111111111111111
111111111111111111111111111111111111111111111111111111111111111100000000000011110011111111111111111111111110111
111111111111111111111111111111111111111111111111111111111111111100000000000011110011111111111111111111111100111
111111111111111111111111111111111111111111111111111111111111111100000000000011110011111111111111111111111100111
111111111111111111111111111111111111111111111111111111111111111100000000000011110011111111111111111111110100111
111111111111111111111111111111111111111111111111111111111111111100000000000011110011111111111111111111110100111
111111111111111111111111111111111111111111111111111111111111111100000000000011110011111111111111111111010100111
111111111111111111111111111111111111111111111111111111111111111100000000000011110011111111111111111111010100111
111111111111111111111111111111111111111111111111111111111111111100000000000011110011111111111111111101010100111
111111111111111111111111111111111111111111111111111111111111111100000000000011110011111111111111111101010100111
111111111111111111111111111111111111111111111111111111111111111100000000000011110011111111111111110101010100111
111111111111111111111111111111111111111111111111111111111111111100000000000011110011111111111111110101010100111
111111111111111111111111111111111111111111111111111111111111111100000000000011110011111111111111010101010100111
111111111111111111111111111111111111111111111111111111111111111100000000000011110011111111111111010101010100111
111111111111111111111111111111111111111111111111111111111111111100000000000011110011111111111101010101010100111
111111111111111111111111111111111111111111111111111111111111111100000000000011110011111111111101010101010100111
111111111111111111111111111111111111111111111111111111111111111100000000000011110011111111110101010101010100111
111111111111111111111111111111111111111111111111111111111111111100000000000011110011111111110101010101010100111
111111111111111111111111111111111111111111111111111111111111111100000000000011110011111111010101010101010100111
111111111111111111111111111111111111111111111111111111111111111100000000000011110011111111010101010101010100111
111111111111111111111111111111111111111111111111111111111111111100000000000011110011111101010101010101010100111
111111111111111111111111111111111111111111111111111111111111111100000000000011110011111101010101010101010100111
111111111111111111111111111111111111111111111111111111111111111100000000000011110011110101010101010101010100111
111111111111111111111111111111111111111111111111111111111111111100000000000011110011110101010101010101010100111
111111111111111111111111111111111111111111111111111111111111111100000000000011110011010101010101010101010100111
111111111111111111111111111111111111111111111111111111111111111100000000000011110011010101010101010101010100111
111111111111111111111111111111111111111111111111111111111111111100000000000011110001010101010101010101010100111
111111111111111111111111111111111111111111111111111111111111111100000000000011110001010101010101010101010100111
111111111111111111111111111111111111111111111111111111111111111100000000000011110011010101010101010101010100111
111111111111111111111111111111111111111111111111111111111111111100000000000011110111010101010101010101010100111
111111111111111111111111111111111111111111111111111111111111111100000000000011111111010101010101010101010100111
111111111111111111111111111111111111111111111111111111111111111100000000000011111111010101010101010101010100111
111111111111111111111111111111111111111111111111111111111111111100000000000011111101010101010101010101010100111
111111111111111111111111111111111111111111111111111111111111111100000000000011111100010101010101010101010100111
111111111111111111111111111111111111111111111111111111111111111100000000000011111100110101010101010101010100111
111111111111111111111111111111111111111111111111111111111111111100000000000011111101110101010101010101010100111
111111111111111111111111111111111111111111111111111111111111111100000000000011111101110101010101010101010100111
111111111111111111111111111111111111111111111111111111111111111100000000000011111101100101010101010101010100111
111111111111111111111111111111111111111111111111111111111111111100000000000011111101101101010101010101010100111
111111111111111111111111111111111111111111111111111111111111111100000000000011111101111101010101010101010100111
111111111111111111111111111111111111111111111111111111111111111100000000000011111101111101010101010101010100111
111111111111111111111111111111111111111111111111111111111111111100000000000011111101111001010101010101010100111
111111111111111111111111111111111111111111111111111111111111111100000000000011111101111011010101010101010100111
111111111111111111111111111111111111111111111111111111111111111100000000000011111101111111010101010101010100111
111111111111111111111111111111111111111111111111111111111111111100000000000011111101111111010101010101010100111
111111111111111111111111111111111111111111111111111111111111111100000000000011111101111110010101010101010100111
111111111111111111111111111111111111111111111111111111111111111100000000000011111101111110110101010101010100111
111111111111111111111111111111111111111111111111111111111111111100000000000011111101111111110101010101010100111
111111111111111111111111111111111111111111111111111111111111111100000000000011111101111111110101010101010100111
111111111111111111111111111111111111111111111111111111111111111100000000000011111101111111100101010101010100111
111111111111111111111111111111111111111111111111111111111111111100000000000011111101111111101101010101010100111
111111111111111111111111111111111111111111111111111111111111111100000000000011111101111111111101010101010100111
111111111111111111111111111111111111111111111111111111111111111100000000000011111101111111111101010101010100111
111111111111111111111111111111111111111111111111111111111111111100000000000011111101111111111001010101010100111
111111111111111111111111111111111111111111111111111111111111111100000000000011111101111111111011010101010100111
111111111111111111111111111111111111111111111111111111111111111100000000000011111101111111111111010101010100111
111111111111111111111111111111111111111111111111111111111111111100000000000011111101111111111111010101010100111
111111111111111111111111111111111111111111111111111111111111111100000000000011111101111111111110010101010100111
111111111111111111111111111111111111111111111111111111111111111100000000000011111101111111111110110101010100111
111111111111111111111111111111111111111111111111111111111111111100000000000011111101111111111111110101010100111
111111111111111111111111111111111111111111111111111111111111111100000000000011111101111111111111110101010100111
111111111111111111111111111111111111111111111111111111111111111100000000000011111101111111111111100101010100111
111111111111111111111111111111111111111111111111111111111111111100000000000011111101111111111111101101010100111
111111111111111111111111111111111111111111111111111111111111111100000000000011111101111111111111111101010100111
111111111111111111111111111111111111111111111111111111111111111100000000000011111101111111111111111101010100111
111111111111111111111111111111111111111111111111111111111111111100000000000011111101111111111111111001010100111
111111111111111111111111111111111111111111111111111111111111111100000000000011111101111111111111111011010100111
111111111111111111111111111111111111111111111111111111111111111100000000000011111101111111111111111111010100111
111111111111111111111111111111111111111111111111111111111111111100000000000011111101111111111111111111010100111
111111111111111111111111111111111111111111111111111111111111111100000000000011111101111111111111111110010100111
111111111111111111111111111111111111111111111111111111111111111100000000000011111101111111111111111110110100111
111111111111111111111111111111111111111111111111111111111111111100000000000011111101111111111111111111110100111
111111111111111111111111111111111111111111111111111111111111111100000000000011111101111111111111111111110100111
111111111111111111111111111111111111111111111111111111111111111100000000000011111101111111111111111111100100111
111111111111111111111111111111111111111111111111111111111111111100000000000011111101111111111111111111101100111
111111111111111111111111111111111111111111111111111111111111111100000000000011111101111111111111111111111100111
111111111111111111111111111111111111111111111111111111111111111100000000000011111101111111111111111111111100111
111111111111111111111111111111111111111111111111111111111111111100000000000011111101111111111111111111111000111
111111111111111111111111111111111111111111111111111111111111111100000000000011111101111111111111111111111010111
111111111111111111111111111111111111111111111111111111111111111100000000000011111101111111111111111111111110111
111111111111111111111111111111111111111111111111111111111111111100000000000011111101111111111111111111111110111
111111111111111111111111111111111111111111111111111111111111111100000000000011111101111111111111111111111111111
111111111111111111111111111111111111111111111111111111111111111100000000000011111101111111111111111111111101111
111111111111111111111111111111111111111111111111111111111111111100000000000011111101111111111111111111111001111
111111111111111111111111111111111111111111111111111111111111111100000000000011111101111111111111111111111001111
111111111111111111111111111111111111111111111111111111111111111100000000000011111101111111111111111111101001111
111111111111111111111111111111111111111111111111111111111111111100000000000011111101111111111111111111101001111
111111111111111111111111111111111111111111111111111111111111111100000000000011111101111111111111111110101001111
111111111111111111111111111111111111111111111111111111111111111100000000000011111101111111111111111110101001111
111111111111111111111111111111111111111111111111111111111111111100000000000011111101111111111111111010101001111
111111111111111111111111111111111111111111111111111111111111111100000000000011111101111111111111111010101001111
111111111111111111111111111111111111111111111111111111111111111100000000000011111101111111111111101010101001111
111111111111111111111111111111111111111111111111111111111111111100000000000011111101111111111111101010101001111
111111111111111111111111111111111111111111111111111111111111111100000000000011111101111111111110101010101001111
111111111111111111111111111111111111111111111111111111111111111100000000000011111101111111111110101010101001111
111111111111111111111111111111111111111111111111111111111111111100000000000011111101111111111010101010101001111
111111111111111111111111111111111111111111111111111111111111111100000000000011111101111111111010101010101001111
111111111111111111111111111111111111111111111111111111111111111100000000000011111101111111101010101010101001111
111111111111111111111111111111111111111111111111111111111111111100000000000011111101111111101010101010101001111
111111111111111111111111111111111111111111111111111111111111111100000000000011111101111110101010101010101001111
111111111111111111111111111111111111111111111111111111111111111100000000000011111101111110101010101010101001111
111111111111111111111111111111111111111111111111111111111111111100000000000011111101111010101010101010101001111
111111111111111111111111111111111111111111111111111111111111111100000000000011111101111010101010101010101001111
111111111111111111111111111111111111111111111111111111111111111100000000000011111101101010101010101010101001111
111111111111111111111111111111111111111111111111111111111111111100000000000011111101101010101010101010101001111
111111111111111111111111111111111111111111111111111111111111111100000000000011111100101010101010101010101001111
111111111111111111111111111111111111111111111111111111111111111100000000000011111100101010101010101010101001111
111111111111111111111111111111111111111111111111111111111111111100000000000011111101101010101010101010101001111
111111111111111111111111111111111111111111111111111111111111111100000000000011111111101010101010101010101001111
111111111111111111111111111111111111111111111111111111111111111100000000000011111011101010101010101010101001111
111111111111111111111111111111111111111111111111111111111111111100000000000011110011101010101010101010101001111
111111111111111111111111111111111111111111111111111111111111111100000000000011110011101010101010101010101001111
111111111111111111111111111111111111111111111111111111111111111100000000000011010011101010101010101010101001111
111111111111111111111111111111111111111111111111111111111111111100000000000011010011101010101010101010101001111
111111111111111111111111111111111111111111111111111111111111111100000000000001010011101010101010101010101001111
111111111111111111111111111111111111111111111111111111111111111100000000000001010011101010101010101010101001111
111111111111111111111111111111111111111111111111111111111111111100000000000011010011101010101010101010101001111
111111111111111111111111111111111111111111111111111111111111111100000000000111010011101010101010101010101001111
111111111111111111111111111111111111111111111111111111111111111100000000001111010011101010101010101010101001111
111111111111111111111111111111111111111111111111111111111111111100000000001111010011101010101010101010101001111
111111111111111111111111111111111111111111111111111111111111111100000000001101010011101010101010101010101001111
111111111111111111111111111111111111111111111111111111111111111100000000001100010011101010101010101010101001111
111111111111111111111111111111111111111111111111111111111111111100000000001100110011101010101010101010101001111
111111111111111111111111111111111111111111111111111111111111111100000000001101110011101010101010101010101001111
111111111111111111111111111111111111111111111111111111111111111100000000001101110011101010101010101010101001111
111111111111111111111111111111111111111111111111111111111111111100000000001101100011101010101010101010101001111
111111111111111111111111111111111111111111111111111111111111111100000000001101101011101010101010101010101001111
111111111111111111111111111111111111111111111111111111111111111100000000001101111011101010101010101010101001111
111111111111111111111111111111111111111111111111111111111111111100000000001101111011101010101010101010101001111
111111111111111111111111111111111111111111111111111111111111111100000000001101111111101010101010101010101001111
111111111111111111111111111111111111111111111111111111111111111100000000001101110111101010101010101010101001111
111111111111111111111111111111111111111111111111111111111111111100000000001101100111101010101010101010101001111
111111111111111111111111111111111111111111111111111111111111111100000000001101100111101010101010101010101001111
111111111111111111111111111111111111111111111111111111111111111100000000001100100111101010101010101010101001111
111111111111111111111111111111111111111111111111111111111111111100000000001100100111101010101010101010101001111
111111111111111111111111111111111111111111111111111111111111111100000000001101100111101010101010101010101001111
111111111111111111111111111111111111111111111111111111111111111100000000001111100111101010101010101010101001111
111111111111111111111111111111111111111111111111111111111111111100000000001011100111101010101010101010101001111
111111111111111111111111111111111111111111111111111111111111111100000000000011100111101010101010101010101001111
111111111111111111111111111111111111111111111111111111111111111100000000000011100111101010101010101010101001111
111111111111111111111111111111111111111111111111111111111111111100000000001011100111101010101010101010101001111
111111111111111111111111111111111111111111111111111111111111111100000000011011100111101010101010101010101001111
111111111111111111111111111111111111111111111111111111111111111100000000111011100111101010101010101010101001111
111111111111111111111111111111111111111111111111111111111111111100000000111011100111101010101010101010101001111
111111111111111111111111111111111111111111111111111111111111111100000000110011100111101010101010101010101001111
111111111111111111111111111111111111111111111111111111111111111100000000110111100111101010101010101010101001111
111111111111111111111111111111111111111111111111111111111111111100000000111111100111101010101010101010101001111
111111111111111111111111111111111111111111111111111111111111111100000000111111100111101010101010101010101001111
111111111111111111111111111111111111111111111111111111111111111100000000111101100111101010101010101010101001111
111111111111111111111111111111111111111111111111111111111111111100000000111100100111101010101010101010101001111
111111111111111111111111111111111111111111111111111111111111111100000000111100000111101010101010101010101001111
111111111111111111111111111111111111111111111111111111111111111100000000111100010111101010101010101010101001111
111111111111111111111111111111111111111111111111111111111111111100000000111100110111101010101010101010101001111
111111111111111111111111111111111111111111111111111111111111111100000000111100110111101010101010101010101001111
111111111111111111111111111111111111111111111111111111111111111100000000111100111111101010101010101010101001111
111111111111111111111111111111111111111111111111111111111111111100000000111100101111101010101010101010101001111
111111111111111111111111111111111111111111111111111111111111111100000000111100001111101010101010101010101001111
111111111111111111111111111111111111111111111111111111111111111100000000111100001111101010101010101010101001111
111111111111111111111111111111111111111111111111111111111111111100000000111100101111101010101010101010101001111
111111111111111111111111111111111111111111111111111111111111111100000000111101101111101010101010101010101001111
111111111111111111111111111111111111111111111111111111111111111100000000111111101111101010101010101010101001111
111111111111111111111111111111111111111111111111111111111111111100000000111111101111101010101010101010101001111
111111111111111111111111111111111111111111111111111111111111111100000000111111001111101010101010101010101001111
111111111111111111111111111111111111111111111111111111111111111100000000111111011111101010101010101010101001111
111111111111111111111111111111111111111111111111111111111111111100000000111111111111101010101010101010101001111
111111111111111111111111111111111111111111111111111111111111111100000000111111111111101010101010101010101001111
111111111111111111111111111111111111111111111111111111111111111100000000111111110111101010101010101010101001111
111111111111111111111111111111111111111111111111111111111111111100000000111111110011101010101010101010101001111
111111111111111111111111111111111111111111111111111111111111111100000000111111110001101010101010101010101001111
111111111111111111111111111111111111111111111111111111111111111100000000111111110000101010101010101010101001111
111111111111111111111111111111111111111111111111111111111111111100000000111111110000001010101010101010101001111
111111111111111111111111111111111111111111111111111111111111111100000000111111110000011010101010101010101001111
111111111111111111111111111111111111111111111111111111111111111100000000111111110000111010101010101010101001111
111111111111111111111111111111111111111111111111111111111111111100000000111111110000111010101010101010101001111
111111111111111111111111111111111111111111111111111111111111111100000000111111110000110010101010101010101001111
111111111111111111111111111111111111111111111111111111111111111100000000111111110000110110101010101010101001111
111111111111111111111111111111111111111111111111111111111111111100000000111111110000111110101010101010101001111
111111111111111111111111111111111111111111111111111111111111111100000000111111110000111110101010101010101001111
111111111111111111111111111111111111111111111111111111111111111100000000111111110000111100101010101010101001111
111111111111111111111111111111111111111111111111111111111111111100000000111111110000111101101010101010101001111
111111111111111111111111111111111111111111111111111111111111111100000000111111110000111111101010101010101001111
111111111111111111111111111111111111111111111111111111111111111100000000111111110000111111101010101010101001111
111111111111111111111111111111111111111111111111111111111111111100000000111111110000111111001010101010101001111
111111111111111111111111111111111111111111111111111111111111111100000000111111110000111111011010101010101001111
111111111111111111111111111111111111111111111111111111111111111100000000111111110000111111111010101010101001111
111111111111111111111111111111111111111111111111111111111111111100000000111111110000111111111010101010101001111
111111111111111111111111111111111111111111111111111111111111111100000000111111110000111111110010101010101001111
111111111111111111111111111111111111111111111111111111111111111100000000111111110000111111110110101010101001111
111111111111111111111111111111111111111111111111111111111111111100000000111111110000111111111110101010101001111
111111111111111111111111111111111111111111111111111111111111111100000000111111110000111111111110101010101001111
111111111111111111111111111111111111111111111111111111111111111100000000111111110000111111111100101010101001111
111111111111111111111111111111111111111111111111111111111111111100000000111111110000111111111101101010101001111
111111111111111111111111111111111111111111111111111111111111111100000000111111110000111111111111101010101001111
111111111111111111111111111111111111111111111111111111111111111100000000111111110000111111111111101010101001111
111111111111111111111111111111111111111111111111111111111111111100000000111111110000111111111111001010101001111
111111111111111111111111111111111111111111111111111111111111111100000000111111110000111111111111011010101001111
111111111111111111111111111111111111111111111111111111111111111100000000111111110000111111111111111010101001111
111111111111111111111111111111111111111111111111111111111111111100000000111111110000111111111111111010101001111
111111111111111111111111111111111111111111111111111111111111111100000000111111110000111111111111110010101001111
111111111111111111111111111111111111111111111111111111111111111100000000111111110000111111111111110110101001111
111111111111111111111111111111111111111111111111111111111111111100000000111111110000111111111111111110101001111
111111111111111111111111111111111111111111111111111111111111111100000000111111110000111111111111111110101001111
111111111111111111111111111111111111111111111111111111111111111100000000111111110000111111111111111100101001111
111111111111111111111111111111111111111111111111111111111111111100000000111111110000111111111111111101101001111
111111111111111111111111111111111111111111111111111111111111111100000000111111110000111111111111111111101001111
111111111111111111111111111111111111111111111111111111111111111100000000111111110000111111111111111111101001111
111111111111111111111111111111111111111111111111111111111111111100000000111111110000111111111111111111001001111
111111111111111111111111111111111111111111111111111111111111111100000000111111110000111111111111111111011001111
111111111111111111111111111111111111111111111111111111111111111100000000111111110000111111111111111111111001111
111111111111111111111111111111111111111111111111111111111111111100000000111111110000111111111111111111111001111
111111111111111111111111111111111111111111111111111111111111111100000000111111110000111111111111111111110001111
111111111111111111111111111111111111111111111111111111111111111100000000111111110000111111111111111111110101111
111111111111111111111111111111111111111111111111111111111111111100000000111111110000111111111111111111111101111
111111111111111111111111111111111111111111111111111111111111111100000000111111110000111111111111111111111101111
111111111111111111111111111111111111111111111111111111111111111100000000111111110000111111111111111111111111111
111111111111111111111111111111111111111111111111111111111111111100000000111111110000111111111111111111111011111
111111111111111111111111111111111111111111111111111111111111111100000000111111110000111111111111111111110011111
111111111111111111111111111111111111111111111111111111111111111100000000111111110000111111111111111111110011111
111111111111111111111111111111111111111111111111111111111111111100000000111111110000111111111111111111010011111
111111111111111111111111111111111111111111111111111111111111111100000000111111110000111111111111111111010011111
111111111111111111111111111111111111111111111111111111111111111100000000111111110000111111111111111101010011111
111111111111111111111111111111111111111111111111111111111111111100000000111111110000111111111111111101010011111
111111111111111111111111111111111111111111111111111111111111111100000000111111110000111111111111110101010011111
111111111111111111111111111111111111111111111111111111111111111100000000111111110000111111111111110101010011111
111111111111111111111111111111111111111111111111111111111111111100000000111111110000111111111111010101010011111
111111111111111111111111111111111111111111111111111111111111111100000000111111110000111111111111010101010011111
111111111111111111111111111111111111111111111111111111111111111100000000111111110000111111111101010101010011111
111111111111111111111111111111111111111111111111111111111111111100000000111111110000111111111101010101010011111
111111111111111111111111111111111111111111111111111111111111111100000000111111110000111111110101010101010011111
111111111111111111111111111111111111111111111111111111111111111100000000111111110000111111110101010101010011111
111111111111111111111111111111111111111111111111111111111111111100000000111111110000111111010101010101010011111
111111111111111111111111111111111111111111111111111111111111111100000000111111110000111111010101010101010011111
111111111111111111111111111111111111111111111111111111111111111100000000111111110000111101010101010101010011111
111111111111111111111111111111111111111111111111111111111111111100000000111111110000111101010101010101010011111
111111111111111111111111111111111111111111111111111111111111111100000000111111110000110101010101010101010011111
111111111111111111111111111111111111111111111111111111111111111100000000111111110000110101010101010101010011111
111111111111111111111111111111111111111111111111111111111111111100000000111111110000010101010101010101010011111
111111111111111111111111111111111111111111111111111111111111111100000000111111110000010101010101010101010011111
111111111111111111111111111111111111111111111111111111111111111100000000111111110000110101010101010101010011111
111111111111111111111111111111111111111111111111111111111111111100000000111111110001110101010101010101010011111
111111111111111111111111111111111111111111111111111111111111111100000000111111110011110101010101010101010011111
111111111111111111111111111111111111111111111111111111111111111100000000111111110011110101010101010101010011111
111111111111111111111111111111111111111111111111111111111111111100000000111111110011010101010101010101010011111
111111111111111111111111111111111111111111111111111111111111111100000000111111110011000101010101010101010011111
111111111111111111111111111111111111111111111111111111111111111100000000111111110011001101010101010101010011111
111111111111111111111111111111111111111111111111111111111111111100000000111111110011011101010101010101010011111
111111111111111111111111111111111111111111111111111111111111111100000000111111110011011101010101010101010011111
111111111111111111111111111111111111111111111111111111111111111100000000111111110011011001010101010101010011111
111111111111111111111111111111111111111111111111111111111111111100000000111111110011011011010101010101010011111
111111111111111111111111111111111111111111111111111111111111111100000000111111110011011111010101010101010011111
111111111111111111111111111111111111111111111111111111111111111100000000111111110011011111010101010101010011111
111111111111111111111111111111111111111111111111111111111111111100000000111111110011011110010101010101010011111
111111111111111111111111111111111111111111111111111111111111111100000000111111110011011110110101010101010011111
111111111111111111111111111111111111111111111111111111111111111100000000111111110011011111110101010101010011111
111111111111111111111111111111111111111111111111111111111111111100000000111111110011011111110101010101010011111
111111111111111111111111111111111111111111111111111111111111111100000000111111110011011111100101010101010011111
111111111111111111111111111111111111111111111111111111111111111100000000111111110011011111101101010101010011111
111111111111111111111111111111111111111111111111111111111111111100000000111111110011011111111101010101010011111
111111111111111111111111111111111111111111111111111111111111111100000000111111110011011111111101010101010011111
111111111111111111111111111111111111111111111111111111111111111100000000111111110011011111111001010101010011111
111111111111111111111111111111111111111111111111111111111111111100000000111111110011011111111011010101010011111
111111111111111111111111111111111111111111111111111111111111111100000000111111110011011111111111010101010011111
111111111111111111111111111111111111111111111111111111111111111100000000111111110011011111111111010101010011111
111111111111111111111111111111111111111111111111111111111111111100000000111111110011011111111110010101010011111
111111111111111111111111111111111111111111111111111111111111111100000000111111110011011111111110110101010011111
111111111111111111111111111111111111111111111111111111111111111100000000111111110011011111111111110101010011111
111111111111111111111111111111111111111111111111111111111111111100000000111111110011011111111111110101010011111
111111111111111111111111111111111111111111111111111111111111111100000000111111110011011111111111100101010011111
111111111111111111111111111111111111111111111111111111111111111100000000111111110011011111111111101101010011111
111111111111111111111111111111111111111111111111111111111111111100000000111111110011011111111111111101010011111
111111111111111111111111111111111111111111111111111111111111111100000000111111110011011111111111111101010011111
111111111111111111111111111111111111111111111111111111111111111100000000111111110011011111111111111001010011111
111111111111111111111111111111111111111111111111111111111111111100000000111111110011011111111111111011010011111
111111111111111111111111111111111111111111111111111111111111111100000000111111110011011111111111111111010011111
111111111111111111111111111111111111111111111111111111111111111100000000111111110011011111111111111111010011111
111111111111111111111111111111111111111111111111111111111111111100000000111111110011011111111111111110010011111
111111111111111111111111111111111111111111111111111111111111111100000000111111110011011111111111111110110011111
111111111111111111111111111111111111111111111111111111111111111100000000111111110011011111111111111111110011111
111111111111111111111111111111111111111111111111111111111111111100000000111111110011011111111111111111110011111
111111111111111111111111111111111111111111111111111111111111111100000000111111110011011111111111111111100011111
111111111111111111111111111111111111111111111111111111111111111100000000111111110011011111111111111111101011111
111111111111111111111111111111111111111111111111111111111111111100000000111111110011011111111111111111111011111
111111111111111111111111111111111111111111111111111111111111111100000000111111110011011111111111111111111011111
111111111111111111111111111111111111111111111111111111111111111100000000111111110011011111111111111111111111111
111111111111111111111111111111111111111111111111111111111111111100000000111111110011011111111111111111110111111
111111111111111111111111111111111111111111111111111111111111111100000000111111110011011111111111111111100111111
111111111111111111111111111111111111111111111111111111111111111100000000111111110011011111111111111111100111111
111111111111111111111111111111111111111111111111111111111111111100000000111111110011011111111111111110100111111
111111111111111111111111111111111111111111111111111111111111111100000000111111110011011111111111111110100111111
111111111111111111111111111111111111111111111111111111111111111100000000111111110011011111111111111010100111111
111111111111111111111111111111111111111111111111111111111111111100000000111111110011011111111111111010100111111
111111111111111111111111111111111111111111111111111111111111111100000000111111110011011111111111101010100111111
111111111111111111111111111111111111111111111111111111111111111100000000111111110011011111111111101010100111111
111111111111111111111111111111111111111111111111111111111111111100000000111111110011011111111110101010100111111
111111111111111111111111111111111111111111111111111111111111111100000000111111110011011111111110101010100111111
111111111111111111111111111111111111111111111111111111111111111100000000111111110011011111111010101010100111111
111111111111111111111111111111111111111111111111111111111111111100000000111111110011011111111010101010100111111
111111111111111111111111111111111111111111111111111111111111111100000000111111110011011111101010101010100111111
111111111111111111111111111111111111111111111111111111111111111100000000111111110011011111101010101010100111111
111111111111111111111111111111111111111111111111111111111111111100000000111111110011011110101010101010100111111
111111111111111111111111111111111111111111111111111111111111111100000000111111110011011110101010101010100111111
111111111111111111111111111111111111111111111111111111111111111100000000111111110011011010101010101010100111111
111111111111111111111111111111111111111111111111111111111111111100000000111111110011011010101010101010100111111
111111111111111111111111111111111111111111111111111111111111111100000000111111110011001010101010101010100111111
111111111111111111111111111111111111111111111111111111111111111100000000111111110011001010101010101010100111111
111111111111111111111111111111111111111111111111111111111111111100000000111111110011011010101010101010100111111
111111111111111111111111111111111111111111111111111111111111111100000000111111110011111010101010101010100111111
111111111111111111111111111111111111111111111111111111111111111100000000111111110010111010101010101010100111111
111111111111111111111111111111111111111111111111111111111111111100000000111111110000111010101010101010100111111
111111111111111111111111111111111111111111111111111111111111111100000000111111110000111010101010101010100111111
111111111111111111111111111111111111111111111111111111111111111100000000111111110010111010101010101010100111111
111111111111111111111111111111111111111111111111111111111111111100000000111111110110111010101010101010100111111
111111111111111111111111111111111111111111111111111111111111111100000000111111111110111010101010101010100111111
111111111111111111111111111111111111111111111111111111111111111100000000111111111110111010101010101010100111111
111111111111111111111111111111111111111111111111111111111111111100000000111111111100111010101010101010100111111
111111111111111111111111111111111111111111111111111111111111111100000000111111111101111010101010101010100111111
111111111111111111111111111111111111111111111111111111111111111100000000111111111111111010101010101010100111111
111111111111111111111111111111111111111111111111111111111111111100000000111111111111111010101010101010100111111
111111111111111111111111111111111111111111111111111111111111111100000000111111111111011010101010101010100111111
111111111111111111111111111111111111111111111111111111111111111100000000111111111111001010101010101010100111111
111111111111111111111111111111111111111111111111111111111111111100000000111111111111000010101010101010100111111
111111111111111111111111111111111111111111111111111111111111111100000000111111111111000110101010101010100111111
111111111111111111111111111111111111111111111111111111111111111100000000111111111111001110101010101010100111111
111111111111111111111111111111111111111111111111111111111111111100000000111111111111001110101010101010100111111
111111111111111111111111111111111111111111111111111111111111111100000000111111111111001100101010101010100111111
111111111111111111111111111111111111111111111111111111111111111100000000111111111111001101101010101010100111111
111111111111111111111111111111111111111111111111111111111111111100000000111111111111001111101010101010100111111
111111111111111111111111111111111111111111111111111111111111111100000000111111111111001111101010101010100111111
111111111111111111111111111111111111111111111111111111111111111100000000111111111111001111001010101010100111111
111111111111111111111111111111111111111111111111111111111111111100000000111111111111001111011010101010100111111
111111111111111111111111111111111111111111111111111111111111111100000000111111111111001111111010101010100111111
111111111111111111111111111111111111111111111111111111111111111100000000111111111111001111111010101010100111111
111111111111111111111111111111111111111111111111111111111111111100000000111111111111001111110010101010100111111
111111111111111111111111111111111111111111111111111111111111111100000000111111111111001111110110101010100111111
111111111111111111111111111111111111111111111111111111111111111100000000111111111111001111111110101010100111111
111111111111111111111111111111111111111111111111111111111111111100000000111111111111001111111110101010100111111
111111111111111111111111111111111111111111111111111111111111111100000000111111111111001111111100101010100111111
111111111111111111111111111111111111111111111111111111111111111100000000111111111111001111111101101010100111111
111111111111111111111111111111111111111111111111111111111111111100000000111111111111001111111111101010100111111
111111111111111111111111111111111111111111111111111111111111111100000000111111111111001111111111101010100111111
111111111111111111111111111111111111111111111111111111111111111100000000111111111111001111111111001010100111111
111111111111111111111111111111111111111111111111111111111111111100000000111111111111001111111111011010100111111
111111111111111111111111111111111111111111111111111111111111111100000000111111111111001111111111111010100111111
111111111111111111111111111111111111111111111111111111111111111100000000111111111111001111111111111010100111111
111111111111111111111111111111111111111111111111111111111111111100000000111111111111001111111111110010100111111
111111111111111111111111111111111111111111111111111111111111111100000000111111111111001111111111110110100111111
111111111111111111111111111111111111111111111111111111111111111100000000111111111111001111111111111110100111111
111111111111111111111111111111111111111111111111111111111111111100000000111111111111001111111111111110100111111
111111111111111111111111111111111111111111111111111111111111111100000000111111111111001111111111111100100111111
111111111111111111111111111111111111111111111111111111111111111100000000111111111111001111111111111101100111111
111111111111111111111111111111111111111111111111111111111111111100000000111111111111001111111111111111100111111
111111111111111111111111111111111111111111111111111111111111111100000000111111111111001111111111111111100111111
111111111111111111111111111111111111111111111111111111111111111100000000111111111111001111111111111111000111111
111111111111111111111111111111111111111111111111111111111111111100000000111111111111001111111111111111010111111
111111111111111111111111111111111111111111111111111111111111111100000000111111111111001111111111111111110111111
111111111111111111111111111111111111111111111111111111111111111100000000111111111111001111111111111111110111111
111111111111111111111111111111111111111111111111111111111111111100000000111111111111001111111111111111111111111
111111111111111111111111111111111111111111111111111111111111111100000000111111111111001111111111111111101111111
111111111111111111111111111111111111111111111111111111111111111100000000111111111111001111111111111111001111111
111111111111111111111111111111111111111111111111111111111111111100000000111111111111001111111111111111001111111
111111111111111111111111111111111111111111111111111111111111111100000000111111111111001111111111111101001111111
111111111111111111111111111111111111111111111111111111111111111100000000111111111111001111111111111101001111111
111111111111111111111111111111111111111111111111111111111111111100000000111111111111001111111111110101001111111
111111111111111111111111111111111111111111111111111111111111111100000000111111111111001111111111110101001111111
111111111111111111111111111111111111111111111111111111111111111100000000111111111111001111111111010101001111111
111111111111111111111111111111111111111111111111111111111111111100000000111111111111001111111111010101001111111
111111111111111111111111111111111111111111111111111111111111111100000000111111111111001111111101010101001111111
111111111111111111111111111111111111111111111111111111111111111100000000111111111111001111111101010101001111111
111111111111111111111111111111111111111111111111111111111111111100000000111111111111001111110101010101001111111
111111111111111111111111111111111111111111111111111111111111111100000000111111111111001111110101010101001111111
111111111111111111111111111111111111111111111111111111111111111100000000111111111111001111010101010101001111111
111111111111111111111111111111111111111111111111111111111111111100000000111111111111001111010101010101001111111
111111111111111111111111111111111111111111111111111111111111111100000000111111111111001101010101010101001111111
111111111111111111111111111111111111111111111111111111111111111100000000111111111111001101010101010101001111111
111111111111111111111111111111111111111111111111111111111111111100000000111111111111000101010101010101001111111
111111111111111111111111111111111111111111111111111111111111111100000000111111111111000101010101010101001111111
111111111111111111111111111111111111111111111111111111111111111100000000111111111111001101010101010101001111111
111111111111111111111111111111111111111111111111111111111111111100000000111111111111011101010101010101001111111
111111111111111111111111111111111111111111111111111111111111111100000000111111111111111101010101010101001111111
111111111111111111111111111111111111111111111111111111111111111100000000111111111111111101010101010101001111111
111111111111111111111111111111111111111111111111111111111111111100000000111111111111110101010101010101001111111
111111111111111111111111111111111111111111111111111111111111111100000000111111111111110001010101010101001111111
111111111111111111111111111111111111111111111111111111111111111100000000111111111111110011010101010101001111111
111111111111111111111111111111111111111111111111111111111111111100000000111111111111110111010101010101001111111
111111111111111111111111111111111111111111111111111111111111111100000000111111111111110111010101010101001111111
111111111111111111111111111111111111111111111111111111111111111100000000111111111111110110010101010101001111111
111111111111111111111111111111111111111111111111111111111111111100000000111111111111110110110101010101001111111
111111111111111111111111111111111111111111111111111111111111111100000000111111111111110111110101010101001111111
111111111111111111111111111111111111111111111111111111111111111100000000111111111111110111110101010101001111111
111111111111111111111111111111111111111111111111111111111111111100000000111111111111110111100101010101001111111
111111111111111111111111111111111111111111111111111111111111111100000000111111111111110111101101010101001111111
111111111111111111111111111111111111111111111111111111111111111100000000111111111111110111111101010101001111111
111111111111111111111111111111111111111111111111111111111111111100000000111111111111110111111101010101001111111
111111111111111111111111111111111111111111111111111111111111111100000000111111111111110111111001010101001111111
111111111111111111111111111111111111111111111111111111111111111100000000111111111111110111111011010101001111111
111111111111111111111111111111111111111111111111111111111111111100000000111111111111110111111111010101001111111
111111111111111111111111111111111111111111111111111111111111111100000000111111111111110111111111010101001111111
111111111111111111111111111111111111111111111111111111111111111100000000111111111111110111111110010101001111111
111111111111111111111111111111111111111111111111111111111111111100000000111111111111110111111110110101001111111
111111111111111111111111111111111111111111111111111111111111111100000000111111111111110111111111110101001111111
111111111111111111111111111111111111111111111111111111111111111100000000111111111111110111111111110101001111111
111111111111111111111111111111111111111111111111111111111111111100000000111111111111110111111111100101001111111
111111111111111111111111111111111111111111111111111111111111111100000000111111111111110111111111101101001111111
111111111111111111111111111111111111111111111111111111111111111100000000111111111111110111111111111101001111111
111111111111111111111111111111111111111111111111111111111111111100000000111111111111110111111111111101001111111
111111111111111111111111111111111111111111111111111111111111111100000000111111111111110111111111111001001111111
111111111111111111111111111111111111111111111111111111111111111100000000111111111111110111111111111011001111111
111111111111111111111111111111111111111111111111111111111111111100000000111111111111110111111111111111001111111
111111111111111111111111111111111111111111111111111111111111111100000000111111111111110111111111111111001111111
111111111111111111111111111111111111111111111111111111111111111100000000111111111111110111111111111110001111111
111111111111111111111111111111111111111111111111111111111111111100000000111111111111110111111111111110101111111
111111111111111111111111111111111111111111111111111111111111111100000000111111111111110111111111111111101111111
111111111111111111111111111111111111111111111111111111111111111100000000111111111111110111111111111111101111111
111111111111111111111111111111111111111111111111111111111111111100000000111111111111110111111111111111111111111
111111111111111111111111111111111111111111111111111111111111111100000000111111111111110111111111111111011111111
111111111111111111111111111111111111111111111111111111111111111100000000111111111111110111111111111110011111111
111111111111111111111111111111111111111111111111111111111111111100000000111111111111110111111111111110011111111
111111111111111111111111111111111111111111111111111111111111111100000000111111111111110111111111111010011111111
111111111111111111111111111111111111111111111111111111111111111100000000111111111111110111111111111010011111111
111111111111111111111111111111111111111111111111111111111111111100000000111111111111110111111111101010011111111
111111111111111111111111111111111111111111111111111111111111111100000000111111111111110111111111101010011111111
111111111111111111111111111111111111111111111111111111111111111100000000111111111111110111111110101010011111111
111111111111111111111111111111111111111111111111111111111111111100000000111111111111110111111110101010011111111
111111111111111111111111111111111111111111111111111111111111111100000000111111111111110111111010101010011111111
111111111111111111111111111111111111111111111111111111111111111100000000111111111111110111111010101010011111111
111111111111111111111111111111111111111111111111111111111111111100000000111111111111110111101010101010011111111
111111111111111111111111111111111111111111111111111111111111111100000000111111111111110111101010101010011111111
111111111111111111111111111111111111111111111111111111111111111100000000111111111111110110101010101010011111111
111111111111111111111111111111111111111111111111111111111111111100000000111111111111110110101010101010011111111
111111111111111111111111111111111111111111111111111111111111111100000000111111111111110010101010101010011111111
111111111111111111111111111111111111111111111111111111111111111100000000111111111111110010101010101010011111111
111111111111111111111111111111111111111111111111111111111111111100000000111111111111110110101010101010011111111
111111111111111111111111111111111111111111111111111111111111111100000000111111111111111110101010101010011111111
111111111111111111111111111111111111111111111111111111111111111100000000111111111111101110101010101010011111111
111111111111111111111111111111111111111111111111111111111111111100000000111111111111001110101010101010011111111
111111111111111111111111111111111111111111111111111111111111111100000000111111111111001110101010101010011111111
111111111111111111111111111111111111111111111111111111111111111100000000111111111101001110101010101010011111111
111111111111111111111111111111111111111111111111111111111111111100000000111111111101001110101010101010011111111
111111111111111111111111111111111111111111111111111111111111111100000000111111110101001110101010101010011111111
111111111111111111111111111111111111111111111111111111111111111100000000111111110101001110101010101010011111111
111111111111111111111111111111111111111111111111111111111111111100000000111111010101001110101010101010011111111
111111111111111111111111111111111111111111111111111111111111111100000000111111010101001110101010101010011111111
111111111111111111111111111111111111111111111111111111111111111100000000111101010101001110101010101010011111111
111111111111111111111111111111111111111111111111111111111111111100000000111101010101001110101010101010011111111
111111111111111111111111111111111111111111111111111111111111111100000000110101010101001110101010101010011111111
111111111111111111111111111111111111111111111111111111111111111100000000110101010101001110101010101010011111111
111111111111111111111111111111111111111111111111111111111111111100000000010101010101001110101010101010011111111
111111111111111111111111111111111111111111111111111111111111111100000000010101010101001110101010101010011111111
111111111111111111111111111111111111111111111111111111111111111100000000110101010101001110101010101010011111111
111111111111111111111111111111111111111111111111111111111111111100000001110101010101001110101010101010011111111
111111111111111111111111111111111111111111111111111111111111111100000011110101010101001110101010101010011111111
111111111111111111111111111111111111111111111111111111111111111100000011110101010101001110101010101010011111111
111111111111111111111111111111111111111111111111111111111111111100000011010101010101001110101010101010011111111
111111111111111111111111111111111111111111111111111111111111111100000011000101010101001110101010101010011111111
111111111111111111111111111111111111111111111111111111111111111100000011001101010101001110101010101010011111111
111111111111111111111111111111111111111111111111111111111111111100000011011101010101001110101010101010011111111
111111111111111111111111111111111111111111111111111111111111111100000011011101010101001110101010101010011111111
111111111111111111111111111111111111111111111111111111111111111100000011011001010101001110101010101010011111111
111111111111111111111111111111111111111111111111111111111111111100000011011011010101001110101010101010011111111
111111111111111111111111111111111111111111111111111111111111111100000011011111010101001110101010101010011111111
111111111111111111111111111111111111111111111111111111111111111100000011011111010101001110101010101010011111111
111111111111111111111111111111111111111111111111111111111111111100000011011110010101001110101010101010011111111
111111111111111111111111111111111111111111111111111111111111111100000011011110110101001110101010101010011111111
111111111111111111111111111111111111111111111111111111111111111100000011011111110101001110101010101010011111111
111111111111111111111111111111111111111111111111111111111111111100000011011111110101001110101010101010011111111
111111111111111111111111111111111111111111111111111111111111111100000011011111100101001110101010101010011111111
111111111111111111111111111111111111111111111111111111111111111100000011011111101101001110101010101010011111111
111111111111111111111111111111111111111111111111111111111111111100000011011111111101001110101010101010011111111
111111111111111111111111111111111111111111111111111111111111111100000011011111111101001110101010101010011111111
111111111111111111111111111111111111111111111111111111111111111100000011011111111001001110101010101010011111111
111111111111111111111111111111111111111111111111111111111111111100000011011111111011001110101010101010011111111
111111111111111111111111111111111111111111111111111111111111111100000011011111111111001110101010101010011111111
111111111111111111111111111111111111111111111111111111111111111100000011011111111111001110101010101010011111111
111111111111111111111111111111111111111111111111111111111111111100000011011111111110001110101010101010011111111
111111111111111111111111111111111111111111111111111111111111111100000011011111111110101110101010101010011111111
111111111111111111111111111111111111111111111111111111111111111100000011011111111111101110101010101010011111111
111111111111111111111111111111111111111111111111111111111111111100000011011111111111101110101010101010011111111
111111111111111111111111111111111111111111111111111111111111111100000011011111111111111110101010101010011111111
111111111111111111111111111111111111111111111111111111111111111100000011011111111111011110101010101010011111111
111111111111111111111111111111111111111111111111111111111111111100000011011111111110011110101010101010011111111
111111111111111111111111111111111111111111111111111111111111111100000011011111111110011110101010101010011111111
111111111111111111111111111111111111111111111111111111111111111100000011011111111010011110101010101010011111111
111111111111111111111111111111111111111111111111111111111111111100000011011111111010011110101010101010011111111
111111111111111111111111111111111111111111111111111111111111111100000011011111101010011110101010101010011111111
111111111111111111111111111111111111111111111111111111111111111100000011011111101010011110101010101010011111111
111111111111111111111111111111111111111111111111111111111111111100000011011110101010011110101010101010011111111
111111111111111111111111111111111111111111111111111111111111111100000011011110101010011110101010101010011111111
111111111111111111111111111111111111111111111111111111111111111100000011011010101010011110101010101010011111111
111111111111111111111111111111111111111111111111111111111111111100000011011010101010011110101010101010011111111
111111111111111111111111111111111111111111111111111111111111111100000011001010101010011110101010101010011111111
111111111111111111111111111111111111111111111111111111111111111100000011001010101010011110101010101010011111111
111111111111111111111111111111111111111111111111111111111111111100000011011010101010011110101010101010011111111
111111111111111111111111111111111111111111111111111111111111111100000011111010101010011110101010101010011111111
111111111111111111111111111111111111111111111111111111111111111100000010111010101010011110101010101010011111111
111111111111111111111111111111111111111111111111111111111111111100000000111010101010011110101010101010011111111
111111111111111111111111111111111111111111111111111111111111111100000000111010101010011110101010101010011111111
111111111111111111111111111111111111111111111111111111111111111100000010111010101010011110101010101010011111111
111111111111111111111111111111111111111111111111111111111111111100000110111010101010011110101010101010011111111
111111111111111111111111111111111111111111111111111111111111111100001110111010101010011110101010101010011111111
111111111111111111111111111111111111111111111111111111111111111100001110111010101010011110101010101010011111111
111111111111111111111111111111111111111111111111111111111111111100001100111010101010011110101010101010011111111
111111111111111111111111111111111111111111111111111111111111111100001101111010101010011110101010101010011111111
111111111111111111111111111111111111111111111111111111111111111100001111111010101010011110101010101010011111111
111111111111111111111111111111111111111111111111111111111111111100001111111010101010011110101010101010011111111
111111111111111111111111111111111111111111111111111111111111111100001111011010101010011110101010101010011111111
111111111111111111111111111111111111111111111111111111111111111100001111001010101010011110101010101010011111111
111111111111111111111111111111111111111111111111111111111111111100001111000010101010011110101010101010011111111
111111111111111111111111111111111111111111111111111111111111111100001111000110101010011110101010101010011111111
111111111111111111111111111111111111111111111111111111111111111100001111001110101010011110101010101010011111111
111111111111111111111111111111111111111111111111111111111111111100001111001110101010011110101010101010011111111
111111111111111111111111111111111111111111111111111111111111111100001111001100101010011110101010101010011111111
111111111111111111111111111111111111111111111111111111111111111100001111001101101010011110101010101010011111111
111111111111111111111111111111111111111111111111111111111111111100001111001111101010011110101010101010011111111
111111111111111111111111111111111111111111111111111111111111111100001111001111101010011110101010101010011111111
111111111111111111111111111111111111111111111111111111111111111100001111001111001010011110101010101010011111111
111111111111111111111111111111111111111111111111111111111111111100001111001111011010011110101010101010011111111
111111111111111111111111111111111111111111111111111111111111111100001111001111111010011110101010101010011111111
111111111111111111111111111111111111111111111111111111111111111100001111001111111010011110101010101010011111111
111111111111111111111111111111111111111111111111111111111111111100001111001111110010011110101010101010011111111
111111111111111111111111111111111111111111111111111111111111111100001111001111110110011110101010101010011111111
111111111111111111111111111111111111111111111111111111111111111100001111001111111110011110101010101010011111111
111111111111111111111111111111111111111111111111111111111111111100001111001111111110011110101010101010011111111
111111111111111111111111111111111111111111111111111111111111111100001111001111111100011110101010101010011111111
111111111111111111111111111111111111111111111111111111111111111100001111001111111101011110101010101010011111111
111111111111111111111111111111111111111111111111111111111111111100001111001111111111011110101010101010011111111
111111111111111111111111111111111111111111111111111111111111111100001111001111111111011110101010101010011111111
111111111111111111111111111111111111111111111111111111111111111100001111001111111111111110101010101010011111111
111111111111111111111111111111111111111111111111111111111111111100001111001111111110111110101010101010011111111
111111111111111111111111111111111111111111111111111111111111111100001111001111111100111110101010101010011111111
111111111111111111111111111111111111111111111111111111111111111100001111001111111100111110101010101010011111111
111111111111111111111111111111111111111111111111111111111111111100001111001111110100111110101010101010011111111
111111111111111111111111111111111111111111111111111111111111111100001111001111110100111110101010101010011111111
111111111111111111111111111111111111111111111111111111111111111100001111001111010100111110101010101010011111111
111111111111111111111111111111111111111111111111111111111111111100001111001111010100111110101010101010011111111
111111111111111111111111111111111111111111111111111111111111111100001111001101010100111110101010101010011111111
111111111111111111111111111111111111111111111111111111111111111100001111001101010100111110101010101010011111111
111111111111111111111111111111111111111111111111111111111111111100001111000101010100111110101010101010011111111
111111111111111111111111111111111111111111111111111111111111111100001111000101010100111110101010101010011111111
111111111111111111111111111111111111111111111111111111111111111100001111001101010100111110101010101010011111111
111111111111111111111111111111111111111111111111111111111111111100001111011101010100111110101010101010011111111
111111111111111111111111111111111111111111111111111111111111111100001111111101010100111110101010101010011111111
111111111111111111111111111111111111111111111111111111111111111100001111111101010100111110101010101010011111111
111111111111111111111111111111111111111111111111111111111111111100001111110101010100111110101010101010011111111
111111111111111111111111111111111111111111111111111111111111111100001111110001010100111110101010101010011111111
111111111111111111111111111111111111111111111111111111111111111100001111110011010100111110101010101010011111111
111111111111111111111111111111111111111111111111111111111111111100001111110111010100111110101010101010011111111
111111111111111111111111111111111111111111111111111111111111111100001111110111010100111110101010101010011111111
111111111111111111111111111111111111111111111111111111111111111100001111110110010100111110101010101010011111111
111111111111111111111111111111111111111111111111111111111111111100001111110110110100111110101010101010011111111
111111111111111111111111111111111111111111111111111111111111111100001111110111110100111110101010101010011111111
111111111111111111111111111111111111111111111111111111111111111100001111110111110100111110101010101010011111111
111111111111111111111111111111111111111111111111111111111111111100001111110111100100111110101010101010011111111
111111111111111111111111111111111111111111111111111111111111111100001111110111101100111110101010101010011111111
111111111111111111111111111111111111111111111111111111111111111100001111110111111100111110101010101010011111111
111111111111111111111111111111111111111111111111111111111111111100001111110111111100111110101010101010011111111
111111111111111111111111111111111111111111111111111111111111111100001111110111111000111110101010101010011111111
111111111111111111111111111111111111111111111111111111111111111100001111110111111010111110101010101010011111111
111111111111111111111111111111111111111111111111111111111111111100001111110111111110111110101010101010011111111
111111111111111111111111111111111111111111111111111111111111111100001111110111111110111110101010101010011111111
111111111111111111111111111111111111111111111111111111111111111100001111110111111111111110101010101010011111111
111111111111111111111111111111111111111111111111111111111111111100001111110111111101111110101010101010011111111
111111111111111111111111111111111111111111111111111111111111111100001111110111111001111110101010101010011111111
111111111111111111111111111111111111111111111111111111111111111100001111110111111001111110101010101010011111111
111111111111111111111111111111111111111111111111111111111111111100001111110111101001111110101010101010011111111
111111111111111111111111111111111111111111111111111111111111111100001111110111101001111110101010101010011111111
111111111111111111111111111111111111111111111111111111111111111100001111110110101001111110101010101010011111111
111111111111111111111111111111111111111111111111111111111111111100001111110110101001111110101010101010011111111
111111111111111111111111111111111111111111111111111111111111111100001111110010101001111110101010101010011111111
111111111111111111111111111111111111111111111111111111111111111100001111110010101001111110101010101010011111111
111111111111111111111111111111111111111111111111111111111111111100001111110110101001111110101010101010011111111
111111111111111111111111111111111111111111111111111111111111111100001111111110101001111110101010101010011111111
111111111111111111111111111111111111111111111111111111111111111100001111101110101001111110101010101010011111111
111111111111111111111111111111111111111111111111111111111111111100001111001110101001111110101010101010011111111
111111111111111111111111111111111111111111111111111111111111111100001111001110101001111110101010101010011111111
111111111111111111111111111111111111111111111111111111111111111100001101001110101001111110101010101010011111111
111111111111111111111111111111111111111111111111111111111111111100001101001110101001111110101010101010011111111
111111111111111111111111111111111111111111111111111111111111111100000101001110101001111110101010101010011111111
111111111111111111111111111111111111111111111111111111111111111100000101001110101001111110101010101010011111111
111111111111111111111111111111111111111111111111111111111111111100001101001110101001111110101010101010011111111
111111111111111111111111111111111111111111111111111111111111111100011101001110101001111110101010101010011111111
111111111111111111111111111111111111111111111111111111111111111100111101001110101001111110101010101010011111111
111111111111111111111111111111111111111111111111111111111111111100111101001110101001111110101010101010011111111
111111111111111111111111111111111111111111111111111111111111111100110101001110101001111110101010101010011111111
111111111111111111111111111111111111111111111111111111111111111100110001001110101001111110101010101010011111111
111111111111111111111111111111111111111111111111111111111111111100110011001110101001111110101010101010011111111
111111111111111111111111111111111111111111111111111111111111111100110111001110101001111110101010101010011111111
111111111111111111111111111111111111111111111111111111111111111100110111001110101001111110101010101010011111111
111111111111111111111111111111111111111111111111111111111111111100110110001110101001111110101010101010011111111
111111111111111111111111111111111111111111111111111111111111111100110110101110101001111110101010101010011111111
111111111111111111111111111111111111111111111111111111111111111100110111101110101001111110101010101010011111111
111111111111111111111111111111111111111111111111111111111111111100110111101110101001111110101010101010011111111
111111111111111111111111111111111111111111111111111111111111111100110111111110101001111110101010101010011111111
111111111111111111111111111111111111111111111111111111111111111100110111011110101001111110101010101010011111111
111111111111111111111111111111111111111111111111111111111111111100110110011110101001111110101010101010011111111
111111111111111111111111111111111111111111111111111111111111111100110110011110101001111110101010101010011111111
111111111111111111111111111111111111111111111111111111111111111100110010011110101001111110101010101010011111111
111111111111111111111111111111111111111111111111111111111111111100110010011110101001111110101010101010011111111
111111111111111111111111111111111111111111111111111111111111111100110110011110101001111110101010101010011111111
111111111111111111111111111111111111111111111111111111111111111100111110011110101001111110101010101010011111111
111111111111111111111111111111111111111111111111111111111111111100101110011110101001111110101010101010011111111
111111111111111111111111111111111111111111111111111111111111111100001110011110101001111110101010101010011111111
111111111111111111111111111111111111111111111111111111111111111100001110011110101001111110101010101010011111111
111111111111111111111111111111111111111111111111111111111111111100101110011110101001111110101010101010011111111
111111111111111111111111111111111111111111111111111111111111111101101110011110101001111110101010101010011111111
111111111111111111111111111111111111111111111111111111111111111111101110011110101001111110101010101010011111111
111111111111111111111111111111111111111111111111111111111111111111101110011110101001111110101010101010011111111
111111111111111111111111111111111111111111111111111111111111111111001110011110101001111110101010101010011111111
111111111111111111111111111111111111111111111111111111111111111111011110011110101001111110101010101010011111111
111111111111111111111111111111111111111111111111111111111111111111111110011110101001111110101010101010011111111
111111111111111111111111111111111111111111111111111111111111111111111110011110101001111110101010101010011111111
111111111111111111111111111111111111111111111111111111111111111111110110011110101001111110101010101010011111111
111111111111111111111111111111111111111111111111111111111111111111110010011110101001111110101010101010011111111
111111111111111111111111111111111111111111111111111111111111111111110000011110101001111110101010101010011111111
111111111111111111111111111111111111111111111111111111111111111111110001011110101001111110101010101010011111111
111111111111111111111111111111111111111111111111111111111111111111110011011110101001111110101010101010011111111
111111111111111111111111111111111111111111111111111111111111111111110011011110101001111110101010101010011111111
111111111111111111111111111111111111111111111111111111111111111111110011111110101001111110101010101010011111111
111111111111111111111111111111111111111111111111111111111111111111110010111110101001111110101010101010011111111
111111111111111111111111111111111111111111111111111111111111111111110000111110101001111110101010101010011111111
111111111111111111111111111111111111111111111111111111111111111111110000111110101001111110101010101010011111111
111111111111111111111111111111111111111111111111111111111111111111110010111110101001111110101010101010011111111
111111111111111111111111111111111111111111111111111111111111111111110110111110101001111110101010101010011111111
111111111111111111111111111111111111111111111111111111111111111111111110111110101001111110101010101010011111111
111111111111111111111111111111111111111111111111111111111111111111111110111110101001111110101010101010011111111
111111111111111111111111111111111111111111111111111111111111111111111100111110101001111110101010101010011111111
111111111111111111111111111111111111111111111111111111111111111111111101111110101001111110101010101010011111111
111111111111111111111111111111111111111111111111111111111111111111111111111110101001111110101010101010011111111
111111111111111111111111111111111111111111111111111111111111111111111111111110101001111110101010101010011111111
111111111111111111111111111111111111111111111111111111111111111111111111011110101001111110101010101010011111111
111111111111111111111111111111111111111111111111111111111111111111111111001110101001111110101010101010011111111
111111111111111111111111111111111111111111111111111111111111111111111111000110101001111110101010101010011111111
111111111111111111111111111111111111111111111111111111111111111111111111000010101001111110101010101010011111111
111111111111111111111111111111111111111111111111111111111111111111111111000000101001111110101010101010011111111
111111111111111111111111111111111111111111111111111111111111111111111111000001101001111110101010101010011111111
111111111111111111111111111111111111111111111111111111111111111111111111000011101001111110101010101010011111111
111111111111111111111111111111111111111111111111111111111111111111111111000011101001111110101010101010011111111
111111111111111111111111111111111111111111111111111111111111111111111111000011001001111110101010101010011111111
111111111111111111111111111111111111111111111111111111111111111111111111000011011001111110101010101010011111111
111111111111111111111111111111111111111111111111111111111111111111111111000011111001111110101010101010011111111
111111111111111111111111111111111111111111111111111111111111111111111111000011111001111110101010101010011111111
111111111111111111111111111111111111111111111111111111111111111111111111000011110001111110101010101010011111111
111111111111111111111111111111111111111111111111111111111111111111111111000011110101111110101010101010011111111
111111111111111111111111111111111111111111111111111111111111111111111111000011111101111110101010101010011111111
111111111111111111111111111111111111111111111111111111111111111111111111000011111101111110101010101010011111111
111111111111111111111111111111111111111111111111111111111111111111111111000011111111111110101010101010011111111
111111111111111111111111111111111111111111111111111111111111111111111111000011111011111110101010101010011111111
111111111111111111111111111111111111111111111111111111111111111111111111000011110011111110101010101010011111111
111111111111111111111111111111111111111111111111111111111111111111111111000011110011111110101010101010011111111
111111111111111111111111111111111111111111111111111111111111111111111111000011010011111110101010101010011111111
111111111111111111111111111111111111111111111111111111111111111111111111000011010011111110101010101010011111111
111111111111111111111111111111111111111111111111111111111111111111111111000001010011111110101010101010011111111
111111111111111111111111111111111111111111111111111111111111111111111111000001010011111110101010101010011111111
111111111111111111111111111111111111111111111111111111111111111111111111000011010011111110101010101010011111111
111111111111111111111111111111111111111111111111111111111111111111111111000111010011111110101010101010011111111
111111111111111111111111111111111111111111111111111111111111111111111111001111010011111110101010101010011111111
111111111111111111111111111111111111111111111111111111111111111111111111001111010011111110101010101010011111111
111111111111111111111111111111111111111111111111111111111111111111111111001101010011111110101010101010011111111
111111111111111111111111111111111111111111111111111111111111111111111111001100010011111110101010101010011111111
111111111111111111111111111111111111111111111111111111111111111111111111001100110011111110101010101010011111111
111111111111111111111111111111111111111111111111111111111111111111111111001101110011111110101010101010011111111
111111111111111111111111111111111111111111111111111111111111111111111111001101110011111110101010101010011111111
111111111111111111111111111111111111111111111111111111111111111111111111001101100011111110101010101010011111111
111111111111111111111111111111111111111111111111111111111111111111111111001101101011111110101010101010011111111
111111111111111111111111111111111111111111111111111111111111111111111111001101111011111110101010101010011111111
111111111111111111111111111111111111111111111111111111111111111111111111001101111011111110101010101010011111111
111111111111111111111111111111111111111111111111111111111111111111111111001101111111111110101010101010011111111
111111111111111111111111111111111111111111111111111111111111111111111111001101110111111110101010101010011111111
111111111111111111111111111111111111111111111111111111111111111111111111001101100111111110101010101010011111111
111111111111111111111111111111111111111111111111111111111111111111111111001101100111111110101010101010011111111
111111111111111111111111111111111111111111111111111111111111111111111111001100100111111110101010101010011111111
111111111111111111111111111111111111111111111111111111111111111111111111001100100111111110101010101010011111111
111111111111111111111111111111111111111111111111111111111111111111111111001101100111111110101010101010011111111
111111111111111111111111111111111111111111111111111111111111111111111111001111100111111110101010101010011111111
111111111111111111111111111111111111111111111111111111111111111111111111001011100111111110101010101010011111111
111111111111111111111111111111111111111111111111111111111111111111111111000011100111111110101010101010011111111
111111111111111111111111111111111111111111111111111111111111111111111111000011100111111110101010101010011111111
111111111111111111111111111111111111111111111111111111111111111111111111001011100111111110101010101010011111111
111111111111111111111111111111111111111111111111111111111111111111111111011011100111111110101010101010011111111
111111111111111111111111111111111111111111111111111111111111111111111111111011100111111110101010101010011111111
111111111111111111111111111111111111111111111111111111111111111111111111111011100111111110101010101010011111111
111111111111111111111111111111111111111111111111111111111111111111111111110011100111111110101010101010011111111
111111111111111111111111111111111111111111111111111111111111111111111111110111100111111110101010101010011111111
111111111111111111111111111111111111111111111111111111111111111111111111111111100111111110101010101010011111111
111111111111111111111111111111111111111111111111111111111111111111111111111111100111111110101010101010011111111
111111111111111111111111111111111111111111111111111111111111111111111111111101100111111110101010101010011111111
111111111111111111111111111111111111111111111111111111111111111111111111111100100111111110101010101010011111111
111111111111111111111111111111111111111111111111111111111111111111111111111100000111111110101010101010011111111
111111111111111111111111111111111111111111111111111111111111111111111111111100010111111110101010101010011111111
111111111111111111111111111111111111111111111111111111111111111111111111111100110111111110101010101010011111111
111111111111111111111111111111111111111111111111111111111111111111111111111100110111111110101010101010011111111
111111111111111111111111111111111111111111111111111111111111111111111111111100111111111110101010101010011111111
111111111111111111111111111111111111111111111111111111111111111111111111111100101111111110101010101010011111111
111111111111111111111111111111111111111111111111111111111111111111111111111100001111111110101010101010011111111
111111111111111111111111111111111111111111111111111111111111111111111111111100001111111110101010101010011111111
111111111111111111111111111111111111111111111111111111111111111111111111111100101111111110101010101010011111111
111111111111111111111111111111111111111111111111111111111111111111111111111101101111111110101010101010011111111
111111111111111111111111111111111111111111111111111111111111111111111111111111101111111110101010101010011111111
111111111111111111111111111111111111111111111111111111111111111111111111111111101111111110101010101010011111111
111111111111111111111111111111111111111111111111111111111111111111111111111111001111111110101010101010011111111
111111111111111111111111111111111111111111111111111111111111111111111111111111011111111110101010101010011111111
111111111111111111111111111111111111111111111111111111111111111111111111111111111111111110101010101010011111111
111111111111111111111111111111111111111111111111111111111111111111111111111111111111111110101010101010011111111
111111111111111111111111111111111111111111111111111111111111111111111111111111110111111110101010101010011111111
111111111111111111111111111111111111111111111111111111111111111111111111111111110011111110101010101010011111111
111111111111111111111111111111111111111111111111111111111111111111111111111111110001111110101010101010011111111
111111111111111111111111111111111111111111111111111111111111111111111111111111110000111110101010101010011111111
111111111111111111111111111111111111111111111111111111111111111111111111111111110000011110101010101010011111111
111111111111111111111111111111111111111111111111111111111111111111111111111111110000001110101010101010011111111
111111111111111111111111111111111111111111111111111111111111111111111111111111110000000110101010101010011111111
111111111111111111111111111111111111111111111111111111111111111111111111111111110000000010101010101010011111111
111111111111111111111111111111111111111111111111111111111111111111111111111111110000000000101010101010011111111
111111111111111111111111111111111111111111111111111111111111111111111111111111110000000001101010101010011111111
111111111111111111111111111111111111111111111111111111111111111111111111111111110000000011101010101010011111111
111111111111111111111111111111111111111111111111111111111111111111111111111111110000000011101010101010011111111
111111111111111111111111111111111111111111111111111111111111111111111111111111110000000011001010101010011111111
111111111111111111111111111111111111111111111111111111111111111111111111111111110000000011011010101010011111111
111111111111111111111111111111111111111111111111111111111111111111111111111111110000000011111010101010011111111
111111111111111111111111111111111111111111111111111111111111111111111111111111110000000011111010101010011111111
111111111111111111111111111111111111111111111111111111111111111111111111111111110000000011110010101010011111111
111111111111111111111111111111111111111111111111111111111111111111111111111111110000000011110110101010011111111
111111111111111111111111111111111111111111111111111111111111111111111111111111110000000011111110101010011111111
111111111111111111111111111111111111111111111111111111111111111111111111111111110000000011111110101010011111111
111111111111111111111111111111111111111111111111111111111111111111111111111111110000000011111100101010011111111
111111111111111111111111111111111111111111111111111111111111111111111111111111110000000011111101101010011111111
111111111111111111111111111111111111111111111111111111111111111111111111111111110000000011111111101010011111111
111111111111111111111111111111111111111111111111111111111111111111111111111111110000000011111111101010011111111
111111111111111111111111111111111111111111111111111111111111111111111111111111110000000011111111001010011111111
111111111111111111111111111111111111111111111111111111111111111111111111111111110000000011111111011010011111111
111111111111111111111111111111111111111111111111111111111111111111111111111111110000000011111111111010011111111
111111111111111111111111111111111111111111111111111111111111111111111111111111110000000011111111111010011111111
111111111111111111111111111111111111111111111111111111111111111111111111111111110000000011111111110010011111111
111111111111111111111111111111111111111111111111111111111111111111111111111111110000000011111111110110011111111
111111111111111111111111111111111111111111111111111111111111111111111111111111110000000011111111111110011111111
111111111111111111111111111111111111111111111111111111111111111111111111111111110000000011111111111110011111111
111111111111111111111111111111111111111111111111111111111111111111111111111111110000000011111111111100011111111
111111111111111111111111111111111111111111111111111111111111111111111111111111110000000011111111111101011111111
111111111111111111111111111111111111111111111111111111111111111111111111111111110000000011111111111111011111111
111111111111111111111111111111111111111111111111111111111111111111111111111111110000000011111111111111011111111
111111111111111111111111111111111111111111111111111111111111111111111111111111110000000011111111111111111111111
111111111111111111111111111111111111111111111111111111111111111111111111111111110000000011111111111110111111111
111111111111111111111111111111111111111111111111111111111111111111111111111111110000000011111111111100111111111
111111111111111111111111111111111111111111111111111111111111111111111111111111110000000011111111111100111111111
111111111111111111111111111111111111111111111111111111111111111111111111111111110000000011111111110100111111111
111111111111111111111111111111111111111111111111111111111111111111111111111111110000000011111111110100111111111
111111111111111111111111111111111111111111111111111111111111111111111111111111110000000011111111010100111111111
111111111111111111111111111111111111111111111111111111111111111111111111111111110000000011111111010100111111111
111111111111111111111111111111111111111111111111111111111111111111111111111111110000000011111101010100111111111
111111111111111111111111111111111111111111111111111111111111111111111111111111110000000011111101010100111111111
111111111111111111111111111111111111111111111111111111111111111111111111111111110000000011110101010100111111111
111111111111111111111111111111111111111111111111111111111111111111111111111111110000000011110101010100111111111
111111111111111111111111111111111111111111111111111111111111111111111111111111110000000011010101010100111111111
111111111111111111111111111111111111111111111111111111111111111111111111111111110000000011010101010100111111111
111111111111111111111111111111111111111111111111111111111111111111111111111111110000000001010101010100111111111
111111111111111111111111111111111111111111111111111111111111111111111111111111110000000001010101010100111111111
111111111111111111111111111111111111111111111111111111111111111111111111111111110000000011010101010100111111111
111111111111111111111111111111111111111111111111111111111111111111111111111111110000000111010101010100111111111
111111111111111111111111111111111111111111111111111111111111111111111111111111110000001111010101010100111111111
111111111111111111111111111111111111111111111111111111111111111111111111111111110000001111010101010100111111111
111111111111111111111111111111111111111111111111111111111111111111111111111111110000001101010101010100111111111
111111111111111111111111111111111111111111111111111111111111111111111111111111110000001100010101010100111111111
111111111111111111111111111111111111111111111111111111111111111111111111111111110000001100110101010100111111111
111111111111111111111111111111111111111111111111111111111111111111111111111111110000001101110101010100111111111
111111111111111111111111111111111111111111111111111111111111111111111111111111110000001101110101010100111111111
111111111111111111111111111111111111111111111111111111111111111111111111111111110000001101100101010100111111111
111111111111111111111111111111111111111111111111111111111111111111111111111111110000001101101101010100111111111
111111111111111111111111111111111111111111111111111111111111111111111111111111110000001101111101010100111111111
111111111111111111111111111111111111111111111111111111111111111111111111111111110000001101111101010100111111111
111111111111111111111111111111111111111111111111111111111111111111111111111111110000001101111001010100111111111
111111111111111111111111111111111111111111111111111111111111111111111111111111110000001101111011010100111111111
111111111111111111111111111111111111111111111111111111111111111111111111111111110000001101111111010100111111111
111111111111111111111111111111111111111111111111111111111111111111111111111111110000001101111111010100111111111
111111111111111111111111111111111111111111111111111111111111111111111111111111110000001101111110010100111111111
111111111111111111111111111111111111111111111111111111111111111111111111111111110000001101111110110100111111111
111111111111111111111111111111111111111111111111111111111111111111111111111111110000001101111111110100111111111
111111111111111111111111111111111111111111111111111111111111111111111111111111110000001101111111110100111111111
111111111111111111111111111111111111111111111111111111111111111111111111111111110000001101111111100100111111111
111111111111111111111111111111111111111111111111111111111111111111111111111111110000001101111111101100111111111
111111111111111111111111111111111111111111111111111111111111111111111111111111110000001101111111111100111111111
111111111111111111111111111111111111111111111111111111111111111111111111111111110000001101111111111100111111111
111111111111111111111111111111111111111111111111111111111111111111111111111111110000001101111111111000111111111
111111111111111111111111111111111111111111111111111111111111111111111111111111110000001101111111111010111111111
111111111111111111111111111111111111111111111111111111111111111111111111111111110000001101111111111110111111111
111111111111111111111111111111111111111111111111111111111111111111111111111111110000001101111111111110111111111
111111111111111111111111111111111111111111111111111111111111111111111111111111110000001101111111111111111111111
111111111111111111111111111111111111111111111111111111111111111111111111111111110000001101111111111101111111111
111111111111111111111111111111111111111111111111111111111111111111111111111111110000001101111111111001111111111
111111111111111111111111111111111111111111111111111111111111111111111111111111110000001101111111111001111111111
111111111111111111111111111111111111111111111111111111111111111111111111111111110000001101111111101001111111111
111111111111111111111111111111111111111111111111111111111111111111111111111111110000001101111111101001111111111
111111111111111111111111111111111111111111111111111111111111111111111111111111110000001101111110101001111111111
111111111111111111111111111111111111111111111111111111111111111111111111111111110000001101111110101001111111111
111111111111111111111111111111111111111111111111111111111111111111111111111111110000001101111010101001111111111
111111111111111111111111111111111111111111111111111111111111111111111111111111110000001101111010101001111111111
111111111111111111111111111111111111111111111111111111111111111111111111111111110000001101101010101001111111111
111111111111111111111111111111111111111111111111111111111111111111111111111111110000001101101010101001111111111
111111111111111111111111111111111111111111111111111111111111111111111111111111110000001100101010101001111111111
111111111111111111111111111111111111111111111111111111111111111111111111111111110000001100101010101001111111111
111111111111111111111111111111111111111111111111111111111111111111111111111111110000001101101010101001111111111
111111111111111111111111111111111111111111111111111111111111111111111111111111110000001111101010101001111111111
111111111111111111111111111111111111111111111111111111111111111111111111111111110000001011101010101001111111111
111111111111111111111111111111111111111111111111111111111111111111111111111111110000000011101010101001111111111
111111111111111111111111111111111111111111111111111111111111111111111111111111110000000011101010101001111111111
111111111111111111111111111111111111111111111111111111111111111111111111111111110000001011101010101001111111111
111111111111111111111111111111111111111111111111111111111111111111111111111111110000011011101010101001111111111
111111111111111111111111111111111111111111111111111111111111111111111111111111110000111011101010101001111111111
111111111111111111111111111111111111111111111111111111111111111111111111111111110000111011101010101001111111111
111111111111111111111111111111111111111111111111111111111111111111111111111111110000110011101010101001111111111
111111111111111111111111111111111111111111111111111111111111111111111111111111110000110111101010101001111111111
111111111111111111111111111111111111111111111111111111111111111111111111111111110000111111101010101001111111111
111111111111111111111111111111111111111111111111111111111111111111111111111111110000111111101010101001111111111
111111111111111111111111111111111111111111111111111111111111111111111111111111110000111101101010101001111111111
111111111111111111111111111111111111111111111111111111111111111111111111111111110000111100101010101001111111111
111111111111111111111111111111111111111111111111111111111111111111111111111111110000111100001010101001111111111
111111111111111111111111111111111111111111111111111111111111111111111111111111110000111100011010101001111111111
111111111111111111111111111111111111111111111111111111111111111111111111111111110000111100111010101001111111111
111111111111111111111111111111111111111111111111111111111111111111111111111111110000111100111010101001111111111
111111111111111111111111111111111111111111111111111111111111111111111111111111110000111100110010101001111111111
111111111111111111111111111111111111111111111111111111111111111111111111111111110000111100110110101001111111111
111111111111111111111111111111111111111111111111111111111111111111111111111111110000111100111110101001111111111
111111111111111111111111111111111111111111111111111111111111111111111111111111110000111100111110101001111111111
111111111111111111111111111111111111111111111111111111111111111111111111111111110000111100111100101001111111111
111111111111111111111111111111111111111111111111111111111111111111111111111111110000111100111101101001111111111
111111111111111111111111111111111111111111111111111111111111111111111111111111110000111100111111101001111111111
111111111111111111111111111111111111111111111111111111111111111111111111111111110000111100111111101001111111111
111111111111111111111111111111111111111111111111111111111111111111111111111111110000111100111111001001111111111
111111111111111111111111111111111111111111111111111111111111111111111111111111110000111100111111011001111111111
111111111111111111111111111111111111111111111111111111111111111111111111111111110000111100111111111001111111111
111111111111111111111111111111111111111111111111111111111111111111111111111111110000111100111111111001111111111
111111111111111111111111111111111111111111111111111111111111111111111111111111110000111100111111110001111111111
111111111111111111111111111111111111111111111111111111111111111111111111111111110000111100111111110101111111111
111111111111111111111111111111111111111111111111111111111111111111111111111111110000111100111111111101111111111
111111111111111111111111111111111111111111111111111111111111111111111111111111110000111100111111111101111111111
111111111111111111111111111111111111111111111111111111111111111111111111111111110000111100111111111111111111111
111111111111111111111111111111111111111111111111111111111111111111111111111111110000111100111111111011111111111
111111111111111111111111111111111111111111111111111111111111111111111111111111110000111100111111110011111111111
111111111111111111111111111111111111111111111111111111111111111111111111111111110000111100111111110011111111111
111111111111111111111111111111111111111111111111111111111111111111111111111111110000111100111111010011111111111
111111111111111111111111111111111111111111111111111111111111111111111111111111110000111100111111010011111111111
111111111111111111111111111111111111111111111111111111111111111111111111111111110000111100111101010011111111111
111111111111111111111111111111111111111111111111111111111111111111111111111111110000111100111101010011111111111
111111111111111111111111111111111111111111111111111111111111111111111111111111110000111100110101010011111111111
111111111111111111111111111111111111111111111111111111111111111111111111111111110000111100110101010011111111111
111111111111111111111111111111111111111111111111111111111111111111111111111111110000111100010101010011111111111
111111111111111111111111111111111111111111111111111111111111111111111111111111110000111100010101010011111111111
111111111111111111111111111111111111111111111111111111111111111111111111111111110000111100110101010011111111111
111111111111111111111111111111111111111111111111111111111111111111111111111111110000111101110101010011111111111
111111111111111111111111111111111111111111111111111111111111111111111111111111110000111111110101010011111111111
111111111111111111111111111111111111111111111111111111111111111111111111111111110000111111110101010011111111111
111111111111111111111111111111111111111111111111111111111111111111111111111111110000111111010101010011111111111
111111111111111111111111111111111111111111111111111111111111111111111111111111110000111111000101010011111111111
111111111111111111111111111111111111111111111111111111111111111111111111111111110000111111001101010011111111111
111111111111111111111111111111111111111111111111111111111111111111111111111111110000111111011101010011111111111
111111111111111111111111111111111111111111111111111111111111111111111111111111110000111111011101010011111111111
111111111111111111111111111111111111111111111111111111111111111111111111111111110000111111011001010011111111111
111111111111111111111111111111111111111111111111111111111111111111111111111111110000111111011011010011111111111
111111111111111111111111111111111111111111111111111111111111111111111111111111110000111111011111010011111111111
111111111111111111111111111111111111111111111111111111111111111111111111111111110000111111011111010011111111111
111111111111111111111111111111111111111111111111111111111111111111111111111111110000111111011110010011111111111
111111111111111111111111111111111111111111111111111111111111111111111111111111110000111111011110110011111111111
111111111111111111111111111111111111111111111111111111111111111111111111111111110000111111011111110011111111111
111111111111111111111111111111111111111111111111111111111111111111111111111111110000111111011111110011111111111
111111111111111111111111111111111111111111111111111111111111111111111111111111110000111111011111100011111111111
111111111111111111111111111111111111111111111111111111111111111111111111111111110000111111011111101011111111111
111111111111111111111111111111111111111111111111111111111111111111111111111111110000111111011111111011111111111
111111111111111111111111111111111111111111111111111111111111111111111111111111110000111111011111111011111111111
111111111111111111111111111111111111111111111111111111111111111111111111111111110000111111011111111111111111111
111111111111111111111111111111111111111111111111111111111111111111111111111111110000111111011111110111111111111
111111111111111111111111111111111111111111111111111111111111111111111111111111110000111111011111100111111111111
111111111111111111111111111111111111111111111111111111111111111111111111111111110000111111011111100111111111111
111111111111111111111111111111111111111111111111111111111111111111111111111111110000111111011110100111111111111
111111111111111111111111111111111111111111111111111111111111111111111111111111110000111111011110100111111111111
111111111111111111111111111111111111111111111111111111111111111111111111111111110000111111011010100111111111111
111111111111111111111111111111111111111111111111111111111111111111111111111111110000111111011010100111111111111
111111111111111111111111111111111111111111111111111111111111111111111111111111110000111111001010100111111111111
111111111111111111111111111111111111111111111111111111111111111111111111111111110000111111001010100111111111111
111111111111111111111111111111111111111111111111111111111111111111111111111111110000111111011010100111111111111
111111111111111111111111111111111111111111111111111111111111111111111111111111110000111111111010100111111111111
111111111111111111111111111111111111111111111111111111111111111111111111111111110000111110111010100111111111111
111111111111111111111111111111111111111111111111111111111111111111111111111111110000111100111010100111111111111
111111111111111111111111111111111111111111111111111111111111111111111111111111110000111100111010100111111111111
111111111111111111111111111111111111111111111111111111111111111111111111111111110000110100111010100111111111111
111111111111111111111111111111111111111111111111111111111111111111111111111111110000110100111010100111111111111
111111111111111111111111111111111111111111111111111111111111111111111111111111110000010100111010100111111111111
111111111111111111111111111111111111111111111111111111111111111111111111111111110000010100111010100111111111111
111111111111111111111111111111111111111111111111111111111111111111111111111111110000110100111010100111111111111
111111111111111111111111111111111111111111111111111111111111111111111111111111110001110100111010100111111111111
111111111111111111111111111111111111111111111111111111111111111111111111111111110011110100111010100111111111111
111111111111111111111111111111111111111111111111111111111111111111111111111111110011110100111010100111111111111
111111111111111111111111111111111111111111111111111111111111111111111111111111110011010100111010100111111111111
111111111111111111111111111111111111111111111111111111111111111111111111111111110011000100111010100111111111111
111111111111111111111111111111111111111111111111111111111111111111111111111111110011001100111010100111111111111
111111111111111111111111111111111111111111111111111111111111111111111111111111110011011100111010100111111111111
111111111111111111111111111111111111111111111111111111111111111111111111111111110011011100111010100111111111111
111111111111111111111111111111111111111111111111111111111111111111111111111111110011011000111010100111111111111
111111111111111111111111111111111111111111111111111111111111111111111111111111110011011010111010100111111111111
111111111111111111111111111111111111111111111111111111111111111111111111111111110011011110111010100111111111111
111111111111111111111111111111111111111111111111111111111111111111111111111111110011011110111010100111111111111
111111111111111111111111111111111111111111111111111111111111111111111111111111110011011111111010100111111111111
111111111111111111111111111111111111111111111111111111111111111111111111111111110011011101111010100111111111111
111111111111111111111111111111111111111111111111111111111111111111111111111111110011011001111010100111111111111
111111111111111111111111111111111111111111111111111111111111111111111111111111110011011001111010100111111111111
111111111111111111111111111111111111111111111111111111111111111111111111111111110011001001111010100111111111111
111111111111111111111111111111111111111111111111111111111111111111111111111111110011001001111010100111111111111
111111111111111111111111111111111111111111111111111111111111111111111111111111110011011001111010100111111111111
111111111111111111111111111111111111111111111111111111111111111111111111111111110011111001111010100111111111111
111111111111111111111111111111111111111111111111111111111111111111111111111111110010111001111010100111111111111
111111111111111111111111111111111111111111111111111111111111111111111111111111110000111001111010100111111111111
111111111111111111111111111111111111111111111111111111111111111111111111111111110000111001111010100111111111111
111111111111111111111111111111111111111111111111111111111111111111111111111111110010111001111010100111111111111
111111111111111111111111111111111111111111111111111111111111111111111111111111110110111001111010100111111111111
111111111111111111111111111111111111111111111111111111111111111111111111111111111110111001111010100111111111111
111111111111111111111111111111111111111111111111111111111111111111111111111111111110111001111010100111111111111
111111111111111111111111111111111111111111111111111111111111111111111111111111111100111001111010100111111111111
111111111111111111111111111111111111111111111111111111111111111111111111111111111101111001111010100111111111111
111111111111111111111111111111111111111111111111111111111111111111111111111111111111111001111010100111111111111
111111111111111111111111111111111111111111111111111111111111111111111111111111111111111001111010100111111111111
111111111111111111111111111111111111111111111111111111111111111111111111111111111111011001111010100111111111111
111111111111111111111111111111111111111111111111111111111111111111111111111111111111001001111010100111111111111
111111111111111111111111111111111111111111111111111111111111111111111111111111111111000001111010100111111111111
111111111111111111111111111111111111111111111111111111111111111111111111111111111111000101111010100111111111111
111111111111111111111111111111111111111111111111111111111111111111111111111111111111001101111010100111111111111
111111111111111111111111111111111111111111111111111111111111111111111111111111111111001101111010100111111111111
111111111111111111111111111111111111111111111111111111111111111111111111111111111111001111111010100111111111111
111111111111111111111111111111111111111111111111111111111111111111111111111111111111001011111010100111111111111
111111111111111111111111111111111111111111111111111111111111111111111111111111111111000011111010100111111111111
111111111111111111111111111111111111111111111111111111111111111111111111111111111111000011111010100111111111111
111111111111111111111111111111111111111111111111111111111111111111111111111111111111001011111010100111111111111
111111111111111111111111111111111111111111111111111111111111111111111111111111111111011011111010100111111111111
111111111111111111111111111111111111111111111111111111111111111111111111111111111111111011111010100111111111111
111111111111111111111111111111111111111111111111111111111111111111111111111111111111111011111010100111111111111
111111111111111111111111111111111111111111111111111111111111111111111111111111111111110011111010100111111111111
111111111111111111111111111111111111111111111111111111111111111111111111111111111111110111111010100111111111111
111111111111111111111111111111111111111111111111111111111111111111111111111111111111111111111010100111111111111
111111111111111111111111111111111111111111111111111111111111111111111111111111111111111111111010100111111111111
111111111111111111111111111111111111111111111111111111111111111111111111111111111111111101111010100111111111111
111111111111111111111111111111111111111111111111111111111111111111111111111111111111111100111010100111111111111
111111111111111111111111111111111111111111111111111111111111111111111111111111111111111100011010100111111111111
111111111111111111111111111111111111111111111111111111111111111111111111111111111111111100001010100111111111111
111111111111111111111111111111111111111111111111111111111111111111111111111111111111111100000010100111111111111
111111111111111111111111111111111111111111111111111111111111111111111111111111111111111100000110100111111111111
111111111111111111111111111111111111111111111111111111111111111111111111111111111111111100001110100111111111111
111111111111111111111111111111111111111111111111111111111111111111111111111111111111111100001110100111111111111
111111111111111111111111111111111111111111111111111111111111111111111111111111111111111100001100100111111111111
111111111111111111111111111111111111111111111111111111111111111111111111111111111111111100001101100111111111111
111111111111111111111111111111111111111111111111111111111111111111111111111111111111111100001111100111111111111
111111111111111111111111111111111111111111111111111111111111111111111111111111111111111100001111100111111111111
111111111111111111111111111111111111111111111111111111111111111111111111111111111111111100001111000111111111111
111111111111111111111111111111111111111111111111111111111111111111111111111111111111111100001111010111111111111
111111111111111111111111111111111111111111111111111111111111111111111111111111111111111100001111110111111111111
111111111111111111111111111111111111111111111111111111111111111111111111111111111111111100001111110111111111111
111111111111111111111111111111111111111111111111111111111111111111111111111111111111111100001111111111111111111
111111111111111111111111111111111111111111111111111111111111111111111111111111111111111100001111101111111111111
111111111111111111111111111111111111111111111111111111111111111111111111111111111111111100001111001111111111111
111111111111111111111111111111111111111111111111111111111111111111111111111111111111111100001111001111111111111
111111111111111111111111111111111111111111111111111111111111111111111111111111111111111100001101001111111111111
111111111111111111111111111111111111111111111111111111111111111111111111111111111111111100001101001111111111111
111111111111111111111111111111111111111111111111111111111111111111111111111111111111111100000101001111111111111
111111111111111111111111111111111111111111111111111111111111111111111111111111111111111100000101001111111111111
111111111111111111111111111111111111111111111111111111111111111111111111111111111111111100001101001111111111111
111111111111111111111111111111111111111111111111111111111111111111111111111111111111111100011101001111111111111
111111111111111111111111111111111111111111111111111111111111111111111111111111111111111100111101001111111111111
111111111111111111111111111111111111111111111111111111111111111111111111111111111111111100111101001111111111111
111111111111111111111111111111111111111111111111111111111111111111111111111111111111111100110101001111111111111
111111111111111111111111111111111111111111111111111111111111111111111111111111111111111100110001001111111111111
111111111111111111111111111111111111111111111111111111111111111111111111111111111111111100110011001111111111111
111111111111111111111111111111111111111111111111111111111111111111111111111111111111111100110111001111111111111
111111111111111111111111111111111111111111111111111111111111111111111111111111111111111100110111001111111111111
111111111111111111111111111111111111111111111111111111111111111111111111111111111111111100110110001111111111111
111111111111111111111111111111111111111111111111111111111111111111111111111111111111111100110110101111111111111
111111111111111111111111111111111111111111111111111111111111111111111111111111111111111100110111101111111111111
111111111111111111111111111111111111111111111111111111111111111111111111111111111111111100110111101111111111111
111111111111111111111111111111111111111111111111111111111111111111111111111111111111111100110111111111111111111
111111111111111111111111111111111111111111111111111111111111111111111111111111111111111100110111011111111111111
111111111111111111111111111111111111111111111111111111111111111111111111111111111111111100110110011111111111111
111111111111111111111111111111111111111111111111111111111111111111111111111111111111111100110110011111111111111
111111111111111111111111111111111111111111111111111111111111111111111111111111111111111100110010011111111111111
111111111111111111111111111111111111111111111111111111111111111111111111111111111111111100110010011111111111111
111111111111111111111111111111111111111111111111111111111111111111111111111111111111111100110110011111111111111
111111111111111111111111111111111111111111111111111111111111111111111111111111111111111100111110011111111111111
111111111111111111111111111111111111111111111111111111111111111111111111111111111111111100101110011111111111111
111111111111111111111111111111111111111111111111111111111111111111111111111111111111111100001110011111111111111
111111111111111111111111111111111111111111111111111111111111111111111111111111111111111100001110011111111111111
111111111111111111111111111111111111111111111111111111111111111111111111111111111111111100101110011111111111111
111111111111111111111111111111111111111111111111111111111111111111111111111111111111111101101110011111111111111
111111111111111111111111111111111111111111111111111111111111111111111111111111111111111111101110011111111111111
111111111111111111111111111111111111111111111111111111111111111111111111111111111111111111101110011111111111111
111111111111111111111111111111111111111111111111111111111111111111111111111111111111111111001110011111111111111
111111111111111111111111111111111111111111111111111111111111111111111111111111111111111111011110011111111111111
111111111111111111111111111111111111111111111111111111111111111111111111111111111111111111111110011111111111111
111111111111111111111111111111111111111111111111111111111111111111111111111111111111111111111110011111111111111
111111111111111111111111111111111111111111111111111111111111111111111111111111111111111111110110011111111111111
111111111111111111111111111111111111111111111111111111111111111111111111111111111111111111110010011111111111111
111111111111111111111111111111111111111111111111111111111111111111111111111111111111111111110000011111111111111
111111111111111111111111111111111111111111111111111111111111111111111111111111111111111111110001011111111111111
111111111111111111111111111111111111111111111111111111111111111111111111111111111111111111110011011111111111111
111111111111111111111111111111111111111111111111111111111111111111111111111111111111111111110011011111111111111
111111111111111111111111111111111111111111111111111111111111111111111111111111111111111111110011111111111111111
111111111111111111111111111111111111111111111111111111111111111111111111111111111111111111110010111111111111111
111111111111111111111111111111111111111111111111111111111111111111111111111111111111111111110000111111111111111
111111111111111111111111111111111111111111111111111111111111111111111111111111111111111111110000111111111111111
111111111111111111111111111111111111111111111111111111111111111111111111111111111111111111110010111111111111111
111111111111111111111111111111111111111111111111111111111111111111111111111111111111111111110110111111111111111
111111111111111111111111111111111111111111111111111111111111111111111111111111111111111111111110111111111111111
111111111111111111111111111111111111111111111111111111111111111111111111111111111111111111111110111111111111111
111111111111111111111111111111111111111111111111111111111111111111111111111111111111111111111100111111111111111
111111111111111111111111111111111111111111111111111111111111111111111111111111111111111111111101111111111111111
111111111111111111111111111111111111111111111111111111111111111111111111111111111111111111111111111111111111111
111111111111111111111111111111111111111111111111111111111111111111111111111111111111111111111111111111111111111
111111111111111111111111111111111111111111111111111111111111111111111111111111111111111111111111011111111111111
111111111111111111111111111111111111111111111111111111111111111111111111111111111111111111111111001111111111111
111111111111111111111111111111111111111111111111111111111111111111111111111111111111111111111111000111111111111
111111111111111111111111111111111111111111111111111111111111111111111111111111111111111111111111000011111111111
111111111111111111111111111111111111111111111111111111111111111111111111111111111111111111111111000001111111111
111111111111111111111111111111111111111111111111111111111111111111111111111111111111111111111111000000111111111
111111111111111111111111111111111111111111111111111111111111111111111111111111111111111111111111000000011111111
111111111111111111111111111111111111111111111111111111111111111111111111111111111111111111111111000000001111111
111111111111111111111111111111111111111111111111111111111111111111111111111111111111111111111111000000000111111
111111111111111111111111111111111111111111111111111111111111111111111111111111111111111111111111000000000011111
111111111111111111111111111111111111111111111111111111111111111111111111111111111111111111111111000000000001111
111111111111111111111111111111111111111111111111111111111111111111111111111111111111111111111111000000000000111
111111111111111111111111111111111111111111111111111111111111111111111111111111111111111111111111000000000000011
111111111111111111111111111111111111111111111111111111111111111111111111111111111111111111111111000000000000001
1111111111111111111111111111111111111111111111111111111111111111111111111111111111111111111111110000000000000000
1111111111111111111111111111111111111111111111111111111111111111111111111111111111111111111111110000000000000001
1111111111111111111111111111111111111111111111111111111111111111111111111111111111111111111111110000000000000011
11111111111111111111111111111111111111111111111111111111111111111111111111111111111111111111111100000000000000110
11111111111111111111111111111111111111111111111111111111111111111111111111111111111111111111111100000000000000111
11111111111111111111111111111111111111111111111111111111111111111111111111111111111111111111111100000000000000101
11111111111111111111111111111111111111111111111111111111111111111111111111111111111111111111111100000000000000001
11111111111111111111111111111111111111111111111111111111111111111111111111111111111111111111111100000000000000001
11111111111111111111111111111111111111111111111111111111111111111111111111111111111111111111111100000000000000101
11111111111111111111111111111111111111111111111111111111111111111111111111111111111111111111111100000000000001101
11111111111111111111111111111111111111111111111111111111111111111111111111111111111111111111111100000000000011101
11111111111111111111111111111111111111111111111111111111111111111111111111111111111111111111111100000000000011101
11111111111111111111111111111111111111111111111111111111111111111111111111111111111111111111111100000000000011001
11111111111111111111111111111111111111111111111111111111111111111111111111111111111111111111111100000000000011011
11111111111111111111111111111111111111111111111111111111111111111111111111111111111111111111111100000000000011111
11111111111111111111111111111111111111111111111111111111111111111111111111111111111111111111111100000000000011111
111111111111111111111111111111111111111111111111111111111111111111111111111111111111111111111111000000000000111100
111111111111111111111111111111111111111111111111111111111111111111111111111111111111111111111111000000000000111101
111111111111111111111111111111111111111111111111111111111111111111111111111111111111111111111111000000000000111111
1111111111111111111111111111111111111111111111111111111111111111111111111111111111111111111111110000000000001111110
1111111111111111111111111111111111111111111111111111111111111111111111111111111111111111111111110000000000001111111
1111111111111111111111111111111111111111111111111111111111111111111111111111111111111111111111110000000000001111101
1111111111111111111111111111111111111111111111111111111111111111111111111111111111111111111111110000000000001111001
1111111111111111111111111111111111111111111111111111111111111111111111111111111111111111111111110000000000001111001
1111111111111111111111111111111111111111111111111111111111111111111111111111111111111111111111110000000000001101001
1111111111111111111111111111111111111111111111111111111111111111111111111111111111111111111111110000000000001101001
1111111111111111111111111111111111111111111111111111111111111111111111111111111111111111111111110000000000000101001
1111111111111111111111111111111111111111111111111111111111111111111111111111111111111111111111110000000000000101001
1111111111111111111111111111111111111111111111111111111111111111111111111111111111111111111111110000000000001101001
1111111111111111111111111111111111111111111111111111111111111111111111111111111111111111111111110000000000011101001
1111111111111111111111111111111111111111111111111111111111111111111111111111111111111111111111110000000000111101001
1111111111111111111111111111111111111111111111111111111111111111111111111111111111111111111111110000000000111101001
1111111111111111111111111111111111111111111111111111111111111111111111111111111111111111111111110000000000110101001
1111111111111111111111111111111111111111111111111111111111111111111111111111111111111111111111110000000000110001001
1111111111111111111111111111111111111111111111111111111111111111111111111111111111111111111111110000000000110011001
1111111111111111111111111111111111111111111111111111111111111111111111111111111111111111111111110000000000110111001
1111111111111111111111111111111111111111111111111111111111111111111111111111111111111111111111110000000000110111001
1111111111111111111111111111111111111111111111111111111111111111111111111111111111111111111111110000000000110110001
1111111111111111111111111111111111111111111111111111111111111111111111111111111111111111111111110000000000110110101
1111111111111111111111111111111111111111111111111111111111111111111111111111111111111111111111110000000000110111101
1111111111111111111111111111111111111111111111111111111111111111111111111111111111111111111111110000000000110111101
1111111111111111111111111111111111111111111111111111111111111111111111111111111111111111111111110000000000110111111
1111111111111111111111111111111111111111111111111111111111111111111111111111111111111111111111110000000000110111011
1111111111111111111111111111111111111111111111111111111111111111111111111111111111111111111111110000000000110110011
1111111111111111111111111111111111111111111111111111111111111111111111111111111111111111111111110000000000110110011
1111111111111111111111111111111111111111111111111111111111111111111111111111111111111111111111110000000000110010011
1111111111111111111111111111111111111111111111111111111111111111111111111111111111111111111111110000000000110010011
1111111111111111111111111111111111111111111111111111111111111111111111111111111111111111111111110000000000110110011
1111111111111111111111111111111111111111111111111111111111111111111111111111111111111111111111110000000000111110011
1111111111111111111111111111111111111111111111111111111111111111111111111111111111111111111111110000000000101110011
1111111111111111111111111111111111111111111111111111111111111111111111111111111111111111111111110000000000001110011
1111111111111111111111111111111111111111111111111111111111111111111111111111111111111111111111110000000000001110011
1111111111111111111111111111111111111111111111111111111111111111111111111111111111111111111111110000000000101110011
1111111111111111111111111111111111111111111111111111111111111111111111111111111111111111111111110000000001101110011
1111111111111111111111111111111111111111111111111111111111111111111111111111111111111111111111110000000011101110011
1111111111111111111111111111111111111111111111111111111111111111111111111111111111111111111111110000000011101110011
1111111111111111111111111111111111111111111111111111111111111111111111111111111111111111111111110000000011001110011
1111111111111111111111111111111111111111111111111111111111111111111111111111111111111111111111110000000011011110011
1111111111111111111111111111111111111111111111111111111111111111111111111111111111111111111111110000000011111110011
1111111111111111111111111111111111111111111111111111111111111111111111111111111111111111111111110000000011111110011
1111111111111111111111111111111111111111111111111111111111111111111111111111111111111111111111110000000011110110011
1111111111111111111111111111111111111111111111111111111111111111111111111111111111111111111111110000000011110010011
1111111111111111111111111111111111111111111111111111111111111111111111111111111111111111111111110000000011110000011
1111111111111111111111111111111111111111111111111111111111111111111111111111111111111111111111110000000011110001011
1111111111111111111111111111111111111111111111111111111111111111111111111111111111111111111111110000000011110011011
1111111111111111111111111111111111111111111111111111111111111111111111111111111111111111111111110000000011110011011
1111111111111111111111111111111111111111111111111111111111111111111111111111111111111111111111110000000011110011111
1111111111111111111111111111111111111111111111111111111111111111111111111111111111111111111111110000000011110010111
1111111111111111111111111111111111111111111111111111111111111111111111111111111111111111111111110000000011110000111
1111111111111111111111111111111111111111111111111111111111111111111111111111111111111111111111110000000011110000111
1111111111111111111111111111111111111111111111111111111111111111111111111111111111111111111111110000000011110010111
1111111111111111111111111111111111111111111111111111111111111111111111111111111111111111111111110000000011110110111
1111111111111111111111111111111111111111111111111111111111111111111111111111111111111111111111110000000011111110111
1111111111111111111111111111111111111111111111111111111111111111111111111111111111111111111111110000000011111110111
1111111111111111111111111111111111111111111111111111111111111111111111111111111111111111111111110000000011111100111
1111111111111111111111111111111111111111111111111111111111111111111111111111111111111111111111110000000011111101111
1111111111111111111111111111111111111111111111111111111111111111111111111111111111111111111111110000000011111111111
1111111111111111111111111111111111111111111111111111111111111111111111111111111111111111111111110000000011111111111
1111111111111111111111111111111111111111111111111111111111111111111111111111111111111111111111110000000011111111011
1111111111111111111111111111111111111111111111111111111111111111111111111111111111111111111111110000000011111111001
11111111111111111111111111111111111111111111111111111111111111111111111111111111111111111111111100000000111111110000
11111111111111111111111111111111111111111111111111111111111111111111111111111111111111111111111100000000111111110001
11111111111111111111111111111111111111111111111111111111111111111111111111111111111111111111111100000000111111110011
111111111111111111111111111111111111111111111111111111111111111111111111111111111111111111111111000000001111111100110
111111111111111111111111111111111111111111111111111111111111111111111111111111111111111111111111000000001111111100111
111111111111111111111111111111111111111111111111111111111111111111111111111111111111111111111111000000001111111100101
111111111111111111111111111111111111111111111111111111111111111111111111111111111111111111111111000000001111111100001
111111111111111111111111111111111111111111111111111111111111111111111111111111111111111111111111000000001111111100001
111111111111111111111111111111111111111111111111111111111111111111111111111111111111111111111111000000001111111100101
111111111111111111111111111111111111111111111111111111111111111111111111111111111111111111111111000000001111111101101
111111111111111111111111111111111111111111111111111111111111111111111111111111111111111111111111000000001111111111101
111111111111111111111111111111111111111111111111111111111111111111111111111111111111111111111111000000001111111111101
111111111111111111111111111111111111111111111111111111111111111111111111111111111111111111111111000000001111111111001
111111111111111111111111111111111111111111111111111111111111111111111111111111111111111111111111000000001111111111011
111111111111111111111111111111111111111111111111111111111111111111111111111111111111111111111111000000001111111111111
111111111111111111111111111111111111111111111111111111111111111111111111111111111111111111111111000000001111111111111
1111111111111111111111111111111111111111111111111111111111111111111111111111111111111111111111110000000011111111111100
1111111111111111111111111111111111111111111111111111111111111111111111111111111111111111111111110000000011111111111101
1111111111111111111111111111111111111111111111111111111111111111111111111111111111111111111111110000000011111111111111
11111111111111111111111111111111111111111111111111111111111111111111111111111111111111111111111100000000111111111111110
11111111111111111111111111111111111111111111111111111111111111111111111111111111111111111111111100000000111111111111111
11111111111111111111111111111111111111111111111111111111111111111111111111111111111111111111111100000000111111111111101
11111111111111111111111111111111111111111111111111111111111111111111111111111111111111111111111100000000111111111111001
11111111111111111111111111111111111111111111111111111111111111111111111111111111111111111111111100000000111111111111001
11111111111111111111111111111111111111111111111111111111111111111111111111111111111111111111111100000000111111111101001
11111111111111111111111111111111111111111111111111111111111111111111111111111111111111111111111100000000111111111101001
11111111111111111111111111111111111111111111111111111111111111111111111111111111111111111111111100000000111111110101001
11111111111111111111111111111111111111111111111111111111111111111111111111111111111111111111111100000000111111110101001
11111111111111111111111111111111111111111111111111111111111111111111111111111111111111111111111100000000111111010101001
11111111111111111111111111111111111111111111111111111111111111111111111111111111111111111111111100000000111111010101001
11111111111111111111111111111111111111111111111111111111111111111111111111111111111111111111111100000000111101010101001
11111111111111111111111111111111111111111111111111111111111111111111111111111111111111111111111100000000111101010101001
11111111111111111111111111111111111111111111111111111111111111111111111111111111111111111111111100000000110101010101001
11111111111111111111111111111111111111111111111111111111111111111111111111111111111111111111111100000000110101010101001
11111111111111111111111111111111111111111111111111111111111111111111111111111111111111111111111100000000010101010101001
11111111111111111111111111111111111111111111111111111111111111111111111111111111111111111111111100000000010101010101001
11111111111111111111111111111111111111111111111111111111111111111111111111111111111111111111111100000000110101010101001
11111111111111111111111111111111111111111111111111111111111111111111111111111111111111111111111100000001110101010101001
11111111111111111111111111111111111111111111111111111111111111111111111111111111111111111111111100000011110101010101001
11111111111111111111111111111111111111111111111111111111111111111111111111111111111111111111111100000011110101010101001
11111111111111111111111111111111111111111111111111111111111111111111111111111111111111111111111100000011010101010101001
11111111111111111111111111111111111111111111111111111111111111111111111111111111111111111111111100000011000101010101001
11111111111111111111111111111111111111111111111111111111111111111111111111111111111111111111111100000011001101010101001
11111111111111111111111111111111111111111111111111111111111111111111111111111111111111111111111100000011011101010101001
11111111111111111111111111111111111111111111111111111111111111111111111111111111111111111111111100000011011101010101001
11111111111111111111111111111111111111111111111111111111111111111111111111111111111111111111111100000011011001010101001
11111111111111111111111111111111111111111111111111111111111111111111111111111111111111111111111100000011011011010101001
11111111111111111111111111111111111111111111111111111111111111111111111111111111111111111111111100000011011111010101001
11111111111111111111111111111111111111111111111111111111111111111111111111111111111111111111111100000011011111010101001
11111111111111111111111111111111111111111111111111111111111111111111111111111111111111111111111100000011011110010101001
11111111111111111111111111111111111111111111111111111111111111111111111111111111111111111111111100000011011110110101001
11111111111111111111111111111111111111111111111111111111111111111111111111111111111111111111111100000011011111110101001
11111111111111111111111111111111111111111111111111111111111111111111111111111111111111111111111100000011011111110101001
11111111111111111111111111111111111111111111111111111111111111111111111111111111111111111111111100000011011111100101001
11111111111111111111111111111111111111111111111111111111111111111111111111111111111111111111111100000011011111101101001
11111111111111111111111111111111111111111111111111111111111111111111111111111111111111111111111100000011011111111101001
11111111111111111111111111111111111111111111111111111111111111111111111111111111111111111111111100000011011111111101001
11111111111111111111111111111111111111111111111111111111111111111111111111111111111111111111111100000011011111111001001
11111111111111111111111111111111111111111111111111111111111111111111111111111111111111111111111100000011011111111011001
11111111111111111111111111111111111111111111111111111111111111111111111111111111111111111111111100000011011111111111001
11111111111111111111111111111111111111111111111111111111111111111111111111111111111111111111111100000011011111111111001
11111111111111111111111111111111111111111111111111111111111111111111111111111111111111111111111100000011011111111110001
11111111111111111111111111111111111111111111111111111111111111111111111111111111111111111111111100000011011111111110101
11111111111111111111111111111111111111111111111111111111111111111111111111111111111111111111111100000011011111111111101
11111111111111111111111111111111111111111111111111111111111111111111111111111111111111111111111100000011011111111111101
11111111111111111111111111111111111111111111111111111111111111111111111111111111111111111111111100000011011111111111111
11111111111111111111111111111111111111111111111111111111111111111111111111111111111111111111111100000011011111111111011
11111111111111111111111111111111111111111111111111111111111111111111111111111111111111111111111100000011011111111110011
11111111111111111111111111111111111111111111111111111111111111111111111111111111111111111111111100000011011111111110011
11111111111111111111111111111111111111111111111111111111111111111111111111111111111111111111111100000011011111111010011
11111111111111111111111111111111111111111111111111111111111111111111111111111111111111111111111100000011011111111010011
11111111111111111111111111111111111111111111111111111111111111111111111111111111111111111111111100000011011111101010011
11111111111111111111111111111111111111111111111111111111111111111111111111111111111111111111111100000011011111101010011
11111111111111111111111111111111111111111111111111111111111111111111111111111111111111111111111100000011011110101010011
11111111111111111111111111111111111111111111111111111111111111111111111111111111111111111111111100000011011110101010011
11111111111111111111111111111111111111111111111111111111111111111111111111111111111111111111111100000011011010101010011
11111111111111111111111111111111111111111111111111111111111111111111111111111111111111111111111100000011011010101010011
11111111111111111111111111111111111111111111111111111111111111111111111111111111111111111111111100000011001010101010011
11111111111111111111111111111111111111111111111111111111111111111111111111111111111111111111111100000011001010101010011
11111111111111111111111111111111111111111111111111111111111111111111111111111111111111111111111100000011011010101010011
11111111111111111111111111111111111111111111111111111111111111111111111111111111111111111111111100000011111010101010011
11111111111111111111111111111111111111111111111111111111111111111111111111111111111111111111111100000010111010101010011
11111111111111111111111111111111111111111111111111111111111111111111111111111111111111111111111100000000111010101010011
11111111111111111111111111111111111111111111111111111111111111111111111111111111111111111111111100000000111010101010011
11111111111111111111111111111111111111111111111111111111111111111111111111111111111111111111111100000010111010101010011
11111111111111111111111111111111111111111111111111111111111111111111111111111111111111111111111100000110111010101010011
11111111111111111111111111111111111111111111111111111111111111111111111111111111111111111111111100001110111010101010011
11111111111111111111111111111111111111111111111111111111111111111111111111111111111111111111111100001110111010101010011
11111111111111111111111111111111111111111111111111111111111111111111111111111111111111111111111100001100111010101010011
11111111111111111111111111111111111111111111111111111111111111111111111111111111111111111111111100001101111010101010011
11111111111111111111111111111111111111111111111111111111111111111111111111111111111111111111111100001111111010101010011
11111111111111111111111111111111111111111111111111111111111111111111111111111111111111111111111100001111111010101010011
11111111111111111111111111111111111111111111111111111111111111111111111111111111111111111111111100001111011010101010011
11111111111111111111111111111111111111111111111111111111111111111111111111111111111111111111111100001111001010101010011
11111111111111111111111111111111111111111111111111111111111111111111111111111111111111111111111100001111000010101010011
11111111111111111111111111111111111111111111111111111111111111111111111111111111111111111111111100001111000110101010011
11111111111111111111111111111111111111111111111111111111111111111111111111111111111111111111111100001111001110101010011
11111111111111111111111111111111111111111111111111111111111111111111111111111111111111111111111100001111001110101010011
11111111111111111111111111111111111111111111111111111111111111111111111111111111111111111111111100001111001100101010011
11111111111111111111111111111111111111111111111111111111111111111111111111111111111111111111111100001111001101101010011
11111111111111111111111111111111111111111111111111111111111111111111111111111111111111111111111100001111001111101010011
11111111111111111111111111111111111111111111111111111111111111111111111111111111111111111111111100001111001111101010011
11111111111111111111111111111111111111111111111111111111111111111111111111111111111111111111111100001111001111001010011
11111111111111111111111111111111111111111111111111111111111111111111111111111111111111111111111100001111001111011010011
11111111111111111111111111111111111111111111111111111111111111111111111111111111111111111111111100001111001111111010011
11111111111111111111111111111111111111111111111111111111111111111111111111111111111111111111111100001111001111111010011
11111111111111111111111111111111111111111111111111111111111111111111111111111111111111111111111100001111001111110010011
11111111111111111111111111111111111111111111111111111111111111111111111111111111111111111111111100001111001111110110011
11111111111111111111111111111111111111111111111111111111111111111111111111111111111111111111111100001111001111111110011
11111111111111111111111111111111111111111111111111111111111111111111111111111111111111111111111100001111001111111110011
11111111111111111111111111111111111111111111111111111111111111111111111111111111111111111111111100001111001111111100011
11111111111111111111111111111111111111111111111111111111111111111111111111111111111111111111111100001111001111111101011
11111111111111111111111111111111111111111111111111111111111111111111111111111111111111111111111100001111001111111111011
11111111111111111111111111111111111111111111111111111111111111111111111111111111111111111111111100001111001111111111011
11111111111111111111111111111111111111111111111111111111111111111111111111111111111111111111111100001111001111111111111
11111111111111111111111111111111111111111111111111111111111111111111111111111111111111111111111100001111001111111110111
11111111111111111111111111111111111111111111111111111111111111111111111111111111111111111111111100001111001111111100111
11111111111111111111111111111111111111111111111111111111111111111111111111111111111111111111111100001111001111111100111
11111111111111111111111111111111111111111111111111111111111111111111111111111111111111111111111100001111001111110100111
11111111111111111111111111111111111111111111111111111111111111111111111111111111111111111111111100001111001111110100111
11111111111111111111111111111111111111111111111111111111111111111111111111111111111111111111111100001111001111010100111
11111111111111111111111111111111111111111111111111111111111111111111111111111111111111111111111100001111001111010100111
11111111111111111111111111111111111111111111111111111111111111111111111111111111111111111111111100001111001101010100111
11111111111111111111111111111111111111111111111111111111111111111111111111111111111111111111111100001111001101010100111
11111111111111111111111111111111111111111111111111111111111111111111111111111111111111111111111100001111000101010100111
11111111111111111111111111111111111111111111111111111111111111111111111111111111111111111111111100001111000101010100111
11111111111111111111111111111111111111111111111111111111111111111111111111111111111111111111111100001111001101010100111
11111111111111111111111111111111111111111111111111111111111111111111111111111111111111111111111100001111011101010100111
11111111111111111111111111111111111111111111111111111111111111111111111111111111111111111111111100001111111101010100111
11111111111111111111111111111111111111111111111111111111111111111111111111111111111111111111111100001111111101010100111
11111111111111111111111111111111111111111111111111111111111111111111111111111111111111111111111100001111110101010100111
11111111111111111111111111111111111111111111111111111111111111111111111111111111111111111111111100001111110001010100111
11111111111111111111111111111111111111111111111111111111111111111111111111111111111111111111111100001111110011010100111
11111111111111111111111111111111111111111111111111111111111111111111111111111111111111111111111100001111110111010100111
11111111111111111111111111111111111111111111111111111111111111111111111111111111111111111111111100001111110111010100111
11111111111111111111111111111111111111111111111111111111111111111111111111111111111111111111111100001111110110010100111
11111111111111111111111111111111111111111111111111111111111111111111111111111111111111111111111100001111110110110100111
11111111111111111111111111111111111111111111111111111111111111111111111111111111111111111111111100001111110111110100111
11111111111111111111111111111111111111111111111111111111111111111111111111111111111111111111111100001111110111110100111
11111111111111111111111111111111111111111111111111111111111111111111111111111111111111111111111100001111110111100100111
11111111111111111111111111111111111111111111111111111111111111111111111111111111111111111111111100001111110111101100111
11111111111111111111111111111111111111111111111111111111111111111111111111111111111111111111111100001111110111111100111
11111111111111111111111111111111111111111111111111111111111111111111111111111111111111111111111100001111110111111100111
11111111111111111111111111111111111111111111111111111111111111111111111111111111111111111111111100001111110111111000111
11111111111111111111111111111111111111111111111111111111111111111111111111111111111111111111111100001111110111111010111
11111111111111111111111111111111111111111111111111111111111111111111111111111111111111111111111100001111110111111110111
11111111111111111111111111111111111111111111111111111111111111111111111111111111111111111111111100001111110111111110111
11111111111111111111111111111111111111111111111111111111111111111111111111111111111111111111111100001111110111111111111
11111111111111111111111111111111111111111111111111111111111111111111111111111111111111111111111100001111110111111101111
11111111111111111111111111111111111111111111111111111111111111111111111111111111111111111111111100001111110111111001111
11111111111111111111111111111111111111111111111111111111111111111111111111111111111111111111111100001111110111111001111
11111111111111111111111111111111111111111111111111111111111111111111111111111111111111111111111100001111110111101001111
11111111111111111111111111111111111111111111111111111111111111111111111111111111111111111111111100001111110111101001111
11111111111111111111111111111111111111111111111111111111111111111111111111111111111111111111111100001111110110101001111
11111111111111111111111111111111111111111111111111111111111111111111111111111111111111111111111100001111110110101001111
11111111111111111111111111111111111111111111111111111111111111111111111111111111111111111111111100001111110010101001111
11111111111111111111111111111111111111111111111111111111111111111111111111111111111111111111111100001111110010101001111
11111111111111111111111111111111111111111111111111111111111111111111111111111111111111111111111100001111110110101001111
11111111111111111111111111111111111111111111111111111111111111111111111111111111111111111111111100001111111110101001111
11111111111111111111111111111111111111111111111111111111111111111111111111111111111111111111111100001111101110101001111
11111111111111111111111111111111111111111111111111111111111111111111111111111111111111111111111100001111001110101001111
11111111111111111111111111111111111111111111111111111111111111111111111111111111111111111111111100001111001110101001111
11111111111111111111111111111111111111111111111111111111111111111111111111111111111111111111111100001101001110101001111
11111111111111111111111111111111111111111111111111111111111111111111111111111111111111111111111100001101001110101001111
11111111111111111111111111111111111111111111111111111111111111111111111111111111111111111111111100000101001110101001111
11111111111111111111111111111111111111111111111111111111111111111111111111111111111111111111111100000101001110101001111
11111111111111111111111111111111111111111111111111111111111111111111111111111111111111111111111100001101001110101001111
11111111111111111111111111111111111111111111111111111111111111111111111111111111111111111111111100011101001110101001111
11111111111111111111111111111111111111111111111111111111111111111111111111111111111111111111111100111101001110101001111
11111111111111111111111111111111111111111111111111111111111111111111111111111111111111111111111100111101001110101001111
11111111111111111111111111111111111111111111111111111111111111111111111111111111111111111111111100110101001110101001111
11111111111111111111111111111111111111111111111111111111111111111111111111111111111111111111111100110001001110101001111
11111111111111111111111111111111111111111111111111111111111111111111111111111111111111111111111100110011001110101001111
11111111111111111111111111111111111111111111111111111111111111111111111111111111111111111111111100110111001110101001111
11111111111111111111111111111111111111111111111111111111111111111111111111111111111111111111111100110111001110101001111
11111111111111111111111111111111111111111111111111111111111111111111111111111111111111111111111100110110001110101001111
11111111111111111111111111111111111111111111111111111111111111111111111111111111111111111111111100110110101110101001111
11111111111111111111111111111111111111111111111111111111111111111111111111111111111111111111111100110111101110101001111
11111111111111111111111111111111111111111111111111111111111111111111111111111111111111111111111100110111101110101001111
11111111111111111111111111111111111111111111111111111111111111111111111111111111111111111111111100110111111110101001111
11111111111111111111111111111111111111111111111111111111111111111111111111111111111111111111111100110111011110101001111
11111111111111111111111111111111111111111111111111111111111111111111111111111111111111111111111100110110011110101001111
11111111111111111111111111111111111111111111111111111111111111111111111111111111111111111111111100110110011110101001111
11111111111111111111111111111111111111111111111111111111111111111111111111111111111111111111111100110010011110101001111
11111111111111111111111111111111111111111111111111111111111111111111111111111111111111111111111100110010011110101001111
11111111111111111111111111111111111111111111111111111111111111111111111111111111111111111111111100110110011110101001111
11111111111111111111111111111111111111111111111111111111111111111111111111111111111111111111111100111110011110101001111
11111111111111111111111111111111111111111111111111111111111111111111111111111111111111111111111100101110011110101001111
11111111111111111111111111111111111111111111111111111111111111111111111111111111111111111111111100001110011110101001111
11111111111111111111111111111111111111111111111111111111111111111111111111111111111111111111111100001110011110101001111
11111111111111111111111111111111111111111111111111111111111111111111111111111111111111111111111100101110011110101001111
11111111111111111111111111111111111111111111111111111111111111111111111111111111111111111111111101101110011110101001111
11111111111111111111111111111111111111111111111111111111111111111111111111111111111111111111111111101110011110101001111
11111111111111111111111111111111111111111111111111111111111111111111111111111111111111111111111111101110011110101001111
11111111111111111111111111111111111111111111111111111111111111111111111111111111111111111111111111001110011110101001111
11111111111111111111111111111111111111111111111111111111111111111111111111111111111111111111111111011110011110101001111
11111111111111111111111111111111111111111111111111111111111111111111111111111111111111111111111111111110011110101001111
11111111111111111111111111111111111111111111111111111111111111111111111111111111111111111111111111111110011110101001111
11111111111111111111111111111111111111111111111111111111111111111111111111111111111111111111111111110110011110101001111
11111111111111111111111111111111111111111111111111111111111111111111111111111111111111111111111111110010011110101001111
11111111111111111111111111111111111111111111111111111111111111111111111111111111111111111111111111110000011110101001111
11111111111111111111111111111111111111111111111111111111111111111111111111111111111111111111111111110001011110101001111
11111111111111111111111111111111111111111111111111111111111111111111111111111111111111111111111111110011011110101001111
11111111111111111111111111111111111111111111111111111111111111111111111111111111111111111111111111110011011110101001111
11111111111111111111111111111111111111111111111111111111111111111111111111111111111111111111111111110011111110101001111
11111111111111111111111111111111111111111111111111111111111111111111111111111111111111111111111111110010111110101001111
11111111111111111111111111111111111111111111111111111111111111111111111111111111111111111111111111110000111110101001111
11111111111111111111111111111111111111111111111111111111111111111111111111111111111111111111111111110000111110101001111
11111111111111111111111111111111111111111111111111111111111111111111111111111111111111111111111111110010111110101001111
11111111111111111111111111111111111111111111111111111111111111111111111111111111111111111111111111110110111110101001111
11111111111111111111111111111111111111111111111111111111111111111111111111111111111111111111111111111110111110101001111
11111111111111111111111111111111111111111111111111111111111111111111111111111111111111111111111111111110111110101001111
11111111111111111111111111111111111111111111111111111111111111111111111111111111111111111111111111111100111110101001111
11111111111111111111111111111111111111111111111111111111111111111111111111111111111111111111111111111101111110101001111
11111111111111111111111111111111111111111111111111111111111111111111111111111111111111111111111111111111111110101001111
11111111111111111111111111111111111111111111111111111111111111111111111111111111111111111111111111111111111110101001111
11111111111111111111111111111111111111111111111111111111111111111111111111111111111111111111111111111111011110101001111
11111111111111111111111111111111111111111111111111111111111111111111111111111111111111111111111111111111001110101001111
11111111111111111111111111111111111111111111111111111111111111111111111111111111111111111111111111111111000110101001111
11111111111111111111111111111111111111111111111111111111111111111111111111111111111111111111111111111111000010101001111
11111111111111111111111111111111111111111111111111111111111111111111111111111111111111111111111111111111000000101001111
11111111111111111111111111111111111111111111111111111111111111111111111111111111111111111111111111111111000001101001111
11111111111111111111111111111111111111111111111111111111111111111111111111111111111111111111111111111111000011101001111
11111111111111111111111111111111111111111111111111111111111111111111111111111111111111111111111111111111000011101001111
11111111111111111111111111111111111111111111111111111111111111111111111111111111111111111111111111111111000011001001111
11111111111111111111111111111111111111111111111111111111111111111111111111111111111111111111111111111111000011011001111
11111111111111111111111111111111111111111111111111111111111111111111111111111111111111111111111111111111000011111001111
11111111111111111111111111111111111111111111111111111111111111111111111111111111111111111111111111111111000011111001111
11111111111111111111111111111111111111111111111111111111111111111111111111111111111111111111111111111111000011110001111
11111111111111111111111111111111111111111111111111111111111111111111111111111111111111111111111111111111000011110101111
11111111111111111111111111111111111111111111111111111111111111111111111111111111111111111111111111111111000011111101111
11111111111111111111111111111111111111111111111111111111111111111111111111111111111111111111111111111111000011111101111
11111111111111111111111111111111111111111111111111111111111111111111111111111111111111111111111111111111000011111111111
11111111111111111111111111111111111111111111111111111111111111111111111111111111111111111111111111111111000011111011111
11111111111111111111111111111111111111111111111111111111111111111111111111111111111111111111111111111111000011110011111
11111111111111111111111111111111111111111111111111111111111111111111111111111111111111111111111111111111000011110011111
11111111111111111111111111111111111111111111111111111111111111111111111111111111111111111111111111111111000011010011111
11111111111111111111111111111111111111111111111111111111111111111111111111111111111111111111111111111111000011010011111
11111111111111111111111111111111111111111111111111111111111111111111111111111111111111111111111111111111000001010011111
11111111111111111111111111111111111111111111111111111111111111111111111111111111111111111111111111111111000001010011111
11111111111111111111111111111111111111111111111111111111111111111111111111111111111111111111111111111111000011010011111
11111111111111111111111111111111111111111111111111111111111111111111111111111111111111111111111111111111000111010011111
11111111111111111111111111111111111111111111111111111111111111111111111111111111111111111111111111111111001111010011111
11111111111111111111111111111111111111111111111111111111111111111111111111111111111111111111111111111111001111010011111
11111111111111111111111111111111111111111111111111111111111111111111111111111111111111111111111111111111001101010011111
11111111111111111111111111111111111111111111111111111111111111111111111111111111111111111111111111111111001100010011111
11111111111111111111111111111111111111111111111111111111111111111111111111111111111111111111111111111111001100110011111
11111111111111111111111111111111111111111111111111111111111111111111111111111111111111111111111111111111001101110011111
11111111111111111111111111111111111111111111111111111111111111111111111111111111111111111111111111111111001101110011111
11111111111111111111111111111111111111111111111111111111111111111111111111111111111111111111111111111111001101100011111
11111111111111111111111111111111111111111111111111111111111111111111111111111111111111111111111111111111001101101011111
11111111111111111111111111111111111111111111111111111111111111111111111111111111111111111111111111111111001101111011111
11111111111111111111111111111111111111111111111111111111111111111111111111111111111111111111111111111111001101111011111
11111111111111111111111111111111111111111111111111111111111111111111111111111111111111111111111111111111001101111111111
11111111111111111111111111111111111111111111111111111111111111111111111111111111111111111111111111111111001101110111111
11111111111111111111111111111111111111111111111111111111111111111111111111111111111111111111111111111111001101100111111
11111111111111111111111111111111111111111111111111111111111111111111111111111111111111111111111111111111001101100111111
11111111111111111111111111111111111111111111111111111111111111111111111111111111111111111111111111111111001100100111111
11111111111111111111111111111111111111111111111111111111111111111111111111111111111111111111111111111111001100100111111
11111111111111111111111111111111111111111111111111111111111111111111111111111111111111111111111111111111001101100111111
11111111111111111111111111111111111111111111111111111111111111111111111111111111111111111111111111111111001111100111111
11111111111111111111111111111111111111111111111111111111111111111111111111111111111111111111111111111111001011100111111
11111111111111111111111111111111111111111111111111111111111111111111111111111111111111111111111111111111000011100111111
11111111111111111111111111111111111111111111111111111111111111111111111111111111111111111111111111111111000011100111111
11111111111111111111111111111111111111111111111111111111111111111111111111111111111111111111111111111111001011100111111
11111111111111111111111111111111111111111111111111111111111111111111111111111111111111111111111111111111011011100111111
11111111111111111111111111111111111111111111111111111111111111111111111111111111111111111111111111111111111011100111111
11111111111111111111111111111111111111111111111111111111111111111111111111111111111111111111111111111111111011100111111
11111111111111111111111111111111111111111111111111111111111111111111111111111111111111111111111111111111110011100111111
11111111111111111111111111111111111111111111111111111111111111111111111111111111111111111111111111111111110111100111111
11111111111111111111111111111111111111111111111111111111111111111111111111111111111111111111111111111111111111100111111
11111111111111111111111111111111111111111111111111111111111111111111111111111111111111111111111111111111111111100111111
11111111111111111111111111111111111111111111111111111111111111111111111111111111111111111111111111111111111101100111111
11111111111111111111111111111111111111111111111111111111111111111111111111111111111111111111111111111111111100100111111
11111111111111111111111111111111111111111111111111111111111111111111111111111111111111111111111111111111111100000111111
11111111111111111111111111111111111111111111111111111111111111111111111111111111111111111111111111111111111100010111111
11111111111111111111111111111111111111111111111111111111111111111111111111111111111111111111111111111111111100110111111
11111111111111111111111111111111111111111111111111111111111111111111111111111111111111111111111111111111111100110111111
11111111111111111111111111111111111111111111111111111111111111111111111111111111111111111111111111111111111100111111111
11111111111111111111111111111111111111111111111111111111111111111111111111111111111111111111111111111111111100101111111
11111111111111111111111111111111111111111111111111111111111111111111111111111111111111111111111111111111111100001111111
11111111111111111111111111111111111111111111111111111111111111111111111111111111111111111111111111111111111100001111111
11111111111111111111111111111111111111111111111111111111111111111111111111111111111111111111111111111111111100101111111
11111111111111111111111111111111111111111111111111111111111111111111111111111111111111111111111111111111111101101111111
11111111111111111111111111111111111111111111111111111111111111111111111111111111111111111111111111111111111111101111111
11111111111111111111111111111111111111111111111111111111111111111111111111111111111111111111111111111111111111101111111
11111111111111111111111111111111111111111111111111111111111111111111111111111111111111111111111111111111111111001111111
11111111111111111111111111111111111111111111111111111111111111111111111111111111111111111111111111111111111111011111111
11111111111111111111111111111111111111111111111111111111111111111111111111111111111111111111111111111111111111111111111
11111111111111111111111111111111111111111111111111111111111111111111111111111111111111111111111111111111111111111111111
11111111111111111111111111111111111111111111111111111111111111111111111111111111111111111111111111111111111111110111111
11111111111111111111111111111111111111111111111111111111111111111111111111111111111111111111111111111111111111110011111
11111111111111111111111111111111111111111111111111111111111111111111111111111111111111111111111111111111111111110001111
11111111111111111111111111111111111111111111111111111111111111111111111111111111111111111111111111111111111111110000111
11111111111111111111111111111111111111111111111111111111111111111111111111111111111111111111111111111111111111110000011
11111111111111111111111111111111111111111111111111111111111111111111111111111111111111111111111111111111111111110000001
111111111111111111111111111111111111111111111111111111111111111111111111111111111111111111111111111111111111111100000000
111111111111111111111111111111111111111111111111111111111111111111111111111111111111111111111111111111111111111100000001
111111111111111111111111111111111111111111111111111111111111111111111111111111111111111111111111111111111111111100000011
1111111111111111111111111111111111111111111111111111111111111111111111111111111111111111111111111111111111111111000000110
1111111111111111111111111111111111111111111111111111111111111111111111111111111111111111111111111111111111111111000000111
1111111111111111111111111111111111111111111111111111111111111111111111111111111111111111111111111111111111111111000000101
1111111111111111111111111111111111111111111111111111111111111111111111111111111111111111111111111111111111111111000000001
1111111111111111111111111111111111111111111111111111111111111111111111111111111111111111111111111111111111111111000000001
1111111111111111111111111111111111111111111111111111111111111111111111111111111111111111111111111111111111111111000000101
1111111111111111111111111111111111111111111111111111111111111111111111111111111111111111111111111111111111111111000001101
1111111111111111111111111111111111111111111111111111111111111111111111111111111111111111111111111111111111111111000011101
1111111111111111111111111111111111111111111111111111111111111111111111111111111111111111111111111111111111111111000011101
1111111111111111111111111111111111111111111111111111111111111111111111111111111111111111111111111111111111111111000011001
1111111111111111111111111111111111111111111111111111111111111111111111111111111111111111111111111111111111111111000011011
1111111111111111111111111111111111111111111111111111111111111111111111111111111111111111111111111111111111111111000011111
1111111111111111111111111111111111111111111111111111111111111111111111111111111111111111111111111111111111111111000011111
11111111111111111111111111111111111111111111111111111111111111111111111111111111111111111111111111111111111111110000111100
11111111111111111111111111111111111111111111111111111111111111111111111111111111111111111111111111111111111111110000111101
11111111111111111111111111111111111111111111111111111111111111111111111111111111111111111111111111111111111111110000111111
111111111111111111111111111111111111111111111111111111111111111111111111111111111111111111111111111111111111111100001111110
111111111111111111111111111111111111111111111111111111111111111111111111111111111111111111111111111111111111111100001111111
111111111111111111111111111111111111111111111111111111111111111111111111111111111111111111111111111111111111111100001111101
111111111111111111111111111111111111111111111111111111111111111111111111111111111111111111111111111111111111111100001111001
111111111111111111111111111111111111111111111111111111111111111111111111111111111111111111111111111111111111111100001111001
111111111111111111111111111111111111111111111111111111111111111111111111111111111111111111111111111111111111111100001101001
111111111111111111111111111111111111111111111111111111111111111111111111111111111111111111111111111111111111111100001101001
111111111111111111111111111111111111111111111111111111111111111111111111111111111111111111111111111111111111111100000101001
111111111111111111111111111111111111111111111111111111111111111111111111111111111111111111111111111111111111111100000101001
111111111111111111111111111111111111111111111111111111111111111111111111111111111111111111111111111111111111111100001101001
111111111111111111111111111111111111111111111111111111111111111111111111111111111111111111111111111111111111111100011101001
111111111111111111111111111111111111111111111111111111111111111111111111111111111111111111111111111111111111111100111101001
111111111111111111111111111111111111111111111111111111111111111111111111111111111111111111111111111111111111111100111101001
111111111111111111111111111111111111111111111111111111111111111111111111111111111111111111111111111111111111111100110101001
111111111111111111111111111111111111111111111111111111111111111111111111111111111111111111111111111111111111111100110001001
111111111111111111111111111111111111111111111111111111111111111111111111111111111111111111111111111111111111111100110011001
111111111111111111111111111111111111111111111111111111111111111111111111111111111111111111111111111111111111111100110111001
111111111111111111111111111111111111111111111111111111111111111111111111111111111111111111111111111111111111111100110111001
111111111111111111111111111111111111111111111111111111111111111111111111111111111111111111111111111111111111111100110110001
111111111111111111111111111111111111111111111111111111111111111111111111111111111111111111111111111111111111111100110110101
111111111111111111111111111111111111111111111111111111111111111111111111111111111111111111111111111111111111111100110111101
111111111111111111111111111111111111111111111111111111111111111111111111111111111111111111111111111111111111111100110111101
111111111111111111111111111111111111111111111111111111111111111111111111111111111111111111111111111111111111111100110111111
111111111111111111111111111111111111111111111111111111111111111111111111111111111111111111111111111111111111111100110111011
111111111111111111111111111111111111111111111111111111111111111111111111111111111111111111111111111111111111111100110110011
111111111111111111111111111111111111111111111111111111111111111111111111111111111111111111111111111111111111111100110110011
111111111111111111111111111111111111111111111111111111111111111111111111111111111111111111111111111111111111111100110010011
111111111111111111111111111111111111111111111111111111111111111111111111111111111111111111111111111111111111111100110010011
111111111111111111111111111111111111111111111111111111111111111111111111111111111111111111111111111111111111111100110110011
111111111111111111111111111111111111111111111111111111111111111111111111111111111111111111111111111111111111111100111110011
111111111111111111111111111111111111111111111111111111111111111111111111111111111111111111111111111111111111111100101110011
111111111111111111111111111111111111111111111111111111111111111111111111111111111111111111111111111111111111111100001110011
111111111111111111111111111111111111111111111111111111111111111111111111111111111111111111111111111111111111111100001110011
111111111111111111111111111111111111111111111111111111111111111111111111111111111111111111111111111111111111111100101110011
111111111111111111111111111111111111111111111111111111111111111111111111111111111111111111111111111111111111111101101110011
111111111111111111111111111111111111111111111111111111111111111111111111111111111111111111111111111111111111111111101110011
111111111111111111111111111111111111111111111111111111111111111111111111111111111111111111111111111111111111111111101110011
111111111111111111111111111111111111111111111111111111111111111111111111111111111111111111111111111111111111111111001110011
111111111111111111111111111111111111111111111111111111111111111111111111111111111111111111111111111111111111111111011110011
111111111111111111111111111111111111111111111111111111111111111111111111111111111111111111111111111111111111111111111110011
111111111111111111111111111111111111111111111111111111111111111111111111111111111111111111111111111111111111111111111110011
111111111111111111111111111111111111111111111111111111111111111111111111111111111111111111111111111111111111111111110110011
111111111111111111111111111111111111111111111111111111111111111111111111111111111111111111111111111111111111111111110010011
111111111111111111111111111111111111111111111111111111111111111111111111111111111111111111111111111111111111111111110000011
111111111111111111111111111111111111111111111111111111111111111111111111111111111111111111111111111111111111111111110001011
111111111111111111111111111111111111111111111111111111111111111111111111111111111111111111111111111111111111111111110011011
111111111111111111111111111111111111111111111111111111111111111111111111111111111111111111111111111111111111111111110011011
111111111111111111111111111111111111111111111111111111111111111111111111111111111111111111111111111111111111111111110011111
111111111111111111111111111111111111111111111111111111111111111111111111111111111111111111111111111111111111111111110010111
111111111111111111111111111111111111111111111111111111111111111111111111111111111111111111111111111111111111111111110000111
111111111111111111111111111111111111111111111111111111111111111111111111111111111111111111111111111111111111111111110000111
111111111111111111111111111111111111111111111111111111111111111111111111111111111111111111111111111111111111111111110010111
111111111111111111111111111111111111111111111111111111111111111111111111111111111111111111111111111111111111111111110110111
111111111111111111111111111111111111111111111111111111111111111111111111111111111111111111111111111111111111111111111110111
111111111111111111111111111111111111111111111111111111111111111111111111111111111111111111111111111111111111111111111110111
111111111111111111111111111111111111111111111111111111111111111111111111111111111111111111111111111111111111111111111100111
111111111111111111111111111111111111111111111111111111111111111111111111111111111111111111111111111111111111111111111101111
111111111111111111111111111111111111111111111111111111111111111111111111111111111111111111111111111111111111111111111111111
111111111111111111111111111111111111111111111111111111111111111111111111111111111111111111111111111111111111111111111111111
111111111111111111111111111111111111111111111111111111111111111111111111111111111111111111111111111111111111111111111111011
111111111111111111111111111111111111111111111111111111111111111111111111111111111111111111111111111111111111111111111111001
1111111111111111111111111111111111111111111111111111111111111111111111111111111111111111111111111111111111111111111111110000
1111111111111111111111111111111111111111111111111111111111111111111111111111111111111111111111111111111111111111111111110001
1111111111111111111111111111111111111111111111111111111111111111111111111111111111111111111111111111111111111111111111110011
11111111111111111111111111111111111111111111111111111111111111111111111111111111111111111111111111111111111111111111111100110
11111111111111111111111111111111111111111111111111111111111111111111111111111111111111111111111111111111111111111111111100111
11111111111111111111111111111111111111111111111111111111111111111111111111111111111111111111111111111111111111111111111100101
11111111111111111111111111111111111111111111111111111111111111111111111111111111111111111111111111111111111111111111111100001
11111111111111111111111111111111111111111111111111111111111111111111111111111111111111111111111111111111111111111111111100001
11111111111111111111111111111111111111111111111111111111111111111111111111111111111111111111111111111111111111111111111100101
11111111111111111111111111111111111111111111111111111111111111111111111111111111111111111111111111111111111111111111111101101
11111111111111111111111111111111111111111111111111111111111111111111111111111111111111111111111111111111111111111111111111101
11111111111111111111111111111111111111111111111111111111111111111111111111111111111111111111111111111111111111111111111111101
11111111111111111111111111111111111111111111111111111111111111111111111111111111111111111111111111111111111111111111111111001
11111111111111111111111111111111111111111111111111111111111111111111111111111111111111111111111111111111111111111111111111011
11111111111111111111111111111111111111111111111111111111111111111111111111111111111111111111111111111111111111111111111111111
11111111111111111111111111111111111111111111111111111111111111111111111111111111111111111111111111111111111111111111111111111
111111111111111111111111111111111111111111111111111111111111111111111111111111111111111111111111111111111111111111111111111100
111111111111111111111111111111111111111111111111111111111111111111111111111111111111111111111111111111111111111111111111111101
111111111111111111111111111111111111111111111111111111111111111111111111111111111111111111111111111111111111111111111111111111
1111111111111111111111111111111111111111111111111111111111111111111111111111111111111111111111111111111111111111111111111111110
1111111111111111111111111111111111111111111111111111111111111111111111111111111111111111111111111111111111111111111111111111111
1111111111111111111111111111111111111111111111111111111111111111111111111111111111111111111111111111111111111111111111111111101
1111111111111111111111111111111111111111111111111111111111111111111111111111111111111111111111111111111111111111111111111111001
1111111111111111111111111111111111111111111111111111111111111111111111111111111111111111111111111111111111111111111111111111001
1111111111111111111111111111111111111111111111111111111111111111111111111111111111111111111111111111111111111111111111111101001
1111111111111111111111111111111111111111111111111111111111111111111111111111111111111111111111111111111111111111111111111101001
1111111111111111111111111111111111111111111111111111111111111111111111111111111111111111111111111111111111111111111111110101001
1111111111111111111111111111111111111111111111111111111111111111111111111111111111111111111111111111111111111111111111110101001
1111111111111111111111111111111111111111111111111111111111111111111111111111111111111111111111111111111111111111111111010101001
1111111111111111111111111111111111111111111111111111111111111111111111111111111111111111111111111111111111111111111111010101001
1111111111111111111111111111111111111111111111111111111111111111111111111111111111111111111111111111111111111111111101010101001
1111111111111111111111111111111111111111111111111111111111111111111111111111111111111111111111111111111111111111111101010101001
1111111111111111111111111111111111111111111111111111111111111111111111111111111111111111111111111111111111111111110101010101001
1111111111111111111111111111111111111111111111111111111111111111111111111111111111111111111111111111111111111111110101010101001
1111111111111111111111111111111111111111111111111111111111111111111111111111111111111111111111111111111111111111010101010101001
1111111111111111111111111111111111111111111111111111111111111111111111111111111111111111111111111111111111111111010101010101001
1111111111111111111111111111111111111111111111111111111111111111111111111111111111111111111111111111111111111101010101010101001
1111111111111111111111111111111111111111111111111111111111111111111111111111111111111111111111111111111111111101010101010101001
1111111111111111111111111111111111111111111111111111111111111111111111111111111111111111111111111111111111110101010101010101001
1111111111111111111111111111111111111111111111111111111111111111111111111111111111111111111111111111111111110101010101010101001
1111111111111111111111111111111111111111111111111111111111111111111111111111111111111111111111111111111111010101010101010101001
1111111111111111111111111111111111111111111111111111111111111111111111111111111111111111111111111111111111010101010101010101001
1111111111111111111111111111111111111111111111111111111111111111111111111111111111111111111111111111111101010101010101010101001
1111111111111111111111111111111111111111111111111111111111111111111111111111111111111111111111111111111101010101010101010101001
1111111111111111111111111111111111111111111111111111111111111111111111111111111111111111111111111111110101010101010101010101001
1111111111111111111111111111111111111111111111111111111111111111111111111111111111111111111111111111110101010101010101010101001
1111111111111111111111111111111111111111111111111111111111111111111111111111111111111111111111111111010101010101010101010101001
1111111111111111111111111111111111111111111111111111111111111111111111111111111111111111111111111111010101010101010101010101001
1111111111111111111111111111111111111111111111111111111111111111111111111111111111111111111111111101010101010101010101010101001
1111111111111111111111111111111111111111111111111111111111111111111111111111111111111111111111111101010101010101010101010101001
1111111111111111111111111111111111111111111111111111111111111111111111111111111111111111111111110101010101010101010101010101001
1111111111111111111111111111111111111111111111111111111111111111111111111111111111111111111111110101010101010101010101010101001
1111111111111111111111111111111111111111111111111111111111111111111111111111111111111111111111010101010101010101010101010101001
1111111111111111111111111111111111111111111111111111111111111111111111111111111111111111111111010101010101010101010101010101001
1111111111111111111111111111111111111111111111111111111111111111111111111111111111111111111101010101010101010101010101010101001
1111111111111111111111111111111111111111111111111111111111111111111111111111111111111111111101010101010101010101010101010101001
1111111111111111111111111111111111111111111111111111111111111111111111111111111111111111110101010101010101010101010101010101001
1111111111111111111111111111111111111111111111111111111111111111111111111111111111111111110101010101010101010101010101010101001
1111111111111111111111111111111111111111111111111111111111111111111111111111111111111111010101010101010101010101010101010101001
1111111111111111111111111111111111111111111111111111111111111111111111111111111111111111010101010101010101010101010101010101001
1111111111111111111111111111111111111111111111111111111111111111111111111111111111111101010101010101010101010101010101010101001
1111111111111111111111111111111111111111111111111111111111111111111111111111111111111101010101010101010101010101010101010101001
1111111111111111111111111111111111111111111111111111111111111111111111111111111111110101010101010101010101010101010101010101001
1111111111111111111111111111111111111111111111111111111111111111111111111111111111110101010101010101010101010101010101010101001
1111111111111111111111111111111111111111111111111111111111111111111111111111111111010101010101010101010101010101010101010101001
1111111111111111111111111111111111111111111111111111111111111111111111111111111111010101010101010101010101010101010101010101001
1111111111111111111111111111111111111111111111111111111111111111111111111111111101010101010101010101010101010101010101010101001
1111111111111111111111111111111111111111111111111111111111111111111111111111111101010101010101010101010101010101010101010101001
1111111111111111111111111111111111111111111111111111111111111111111111111111110101010101010101010101010101010101010101010101001
1111111111111111111111111111111111111111111111111111111111111111111111111111110101010101010101010101010101010101010101010101001
1111111111111111111111111111111111111111111111111111111111111111111111111111010101010101010101010101010101010101010101010101001
1111111111111111111111111111111111111111111111111111111111111111111111111111010101010101010101010101010101010101010101010101001
1111111111111111111111111111111111111111111111111111111111111111111111111101010101010101010101010101010101010101010101010101001
1111111111111111111111111111111111111111111111111111111111111111111111111101010101010101010101010101010101010101010101010101001
1111111111111111111111111111111111111111111111111111111111111111111111110101010101010101010101010101010101010101010101010101001
1111111111111111111111111111111111111111111111111111111111111111111111110101010101010101010101010101010101010101010101010101001
1111111111111111111111111111111111111111111111111111111111111111111111010101010101010101010101010101010101010101010101010101001
1111111111111111111111111111111111111111111111111111111111111111111111010101010101010101010101010101010101010101010101010101001
1111111111111111111111111111111111111111111111111111111111111111111101010101010101010101010101010101010101010101010101010101001
1111111111111111111111111111111111111111111111111111111111111111111101010101010101010101010101010101010101010101010101010101001
1111111111111111111111111111111111111111111111111111111111111111110101010101010101010101010101010101010101010101010101010101001
1111111111111111111111111111111111111111111111111111111111111111110101010101010101010101010101010101010101010101010101010101001
1111111111111111111111111111111111111111111111111111111111111111010101010101010101010101010101010101010101010101010101010101001
1111111111111111111111111111111111111111111111111111111111111111010101010101010101010101010101010101010101010101010101010101001
1111111111111111111111111111111111111111111111111111111111111101010101010101010101010101010101010101010101010101010101010101001
1111111111111111111111111111111111111111111111111111111111111101010101010101010101010101010101010101010101010101010101010101001
1111111111111111111111111111111111111111111111111111111111110101010101010101010101010101010101010101010101010101010101010101001
1111111111111111111111111111111111111111111111111111111111110101010101010101010101010101010101010101010101010101010101010101001
1111111111111111111111111111111111111111111111111111111111010101010101010101010101010101010101010101010101010101010101010101001
1111111111111111111111111111111111111111111111111111111111010101010101010101010101010101010101010101010101010101010101010101001
1111111111111111111111111111111111111111111111111111111101010101010101010101010101010101010101010101010101010101010101010101001
1111111111111111111111111111111111111111111111111111111101010101010101010101010101010101010101010101010101010101010101010101001
1111111111111111111111111111111111111111111111111111110101010101010101010101010101010101010101010101010101010101010101010101001
1111111111111111111111111111111111111111111111111111110101010101010101010101010101010101010101010101010101010101010101010101001
1111111111111111111111111111111111111111111111111111010101010101010101010101010101010101010101010101010101010101010101010101001
1111111111111111111111111111111111111111111111111111010101010101010101010101010101010101010101010101010101010101010101010101001
1111111111111111111111111111111111111111111111111101010101010101010101010101010101010101010101010101010101010101010101010101001
1111111111111111111111111111111111111111111111111101010101010101010101010101010101010101010101010101010101010101010101010101001
1111111111111111111111111111111111111111111111110101010101010101010101010101010101010101010101010101010101010101010101010101001
1111111111111111111111111111111111111111111111110101010101010101010101010101010101010101010101010101010101010101010101010101001
1111111111111111111111111111111111111111111111010101010101010101010101010101010101010101010101010101010101010101010101010101001
1111111111111111111111111111111111111111111111010101010101010101010101010101010101010101010101010101010101010101010101010101001
1111111111111111111111111111111111111111111101010101010101010101010101010101010101010101010101010101010101010101010101010101001
1111111111111111111111111111111111111111111101010101010101010101010101010101010101010101010101010101010101010101010101010101001
1111111111111111111111111111111111111111110101010101010101010101010101010101010101010101010101010101010101010101010101010101001
1111111111111111111111111111111111111111110101010101010101010101010101010101010101010101010101010101010101010101010101010101001
1111111111111111111111111111111111111111010101010101010101010101010101010101010101010101010101010101010101010101010101010101001
1111111111111111111111111111111111111111010101010101010101010101010101010101010101010101010101010101010101010101010101010101001
1111111111111111111111111111111111111101010101010101010101010101010101010101010101010101010101010101010101010101010101010101001
1111111111111111111111111111111111111101010101010101010101010101010101010101010101010101010101010101010101010101010101010101001
1111111111111111111111111111111111110101010101010101010101010101010101010101010101010101010101010101010101010101010101010101001
1111111111111111111111111111111111110101010101010101010101010101010101010101010101010101010101010101010101010101010101010101001
1111111111111111111111111111111111010101010101010101010101010101010101010101010101010101010101010101010101010101010101010101001
1111111111111111111111111111111111010101010101010101010101010101010101010101010101010101010101010101010101010101010101010101001
1111111111111111111111111111111101010101010101010101010101010101010101010101010101010101010101010101010101010101010101010101001
1111111111111111111111111111111101010101010101010101010101010101010101010101010101010101010101010101010101010101010101010101001
1111111111111111111111111111110101010101010101010101010101010101010101010101010101010101010101010101010101010101010101010101001
1111111111111111111111111111110101010101010101010101010101010101010101010101010101010101010101010101010101010101010101010101001
1111111111111111111111111111010101010101010101010101010101010101010101010101010101010101010101010101010101010101010101010101001
1111111111111111111111111111010101010101010101010101010101010101010101010101010101010101010101010101010101010101010101010101001
1111111111111111111111111101010101010101010101010101010101010101010101010101010101010101010101010101010101010101010101010101001
1111111111111111111111111101010101010101010101010101010101010101010101010101010101010101010101010101010101010101010101010101001
1111111111111111111111110101010101010101010101010101010101010101010101010101010101010101010101010101010101010101010101010101001
1111111111111111111111110101010101010101010101010101010101010101010101010101010101010101010101010101010101010101010101010101001
1111111111111111111111010101010101010101010101010101010101010101010101010101010101010101010101010101010101010101010101010101001
1111111111111111111111010101010101010101010101010101010101010101010101010101010101010101010101010101010101010101010101010101001
1111111111111111111101010101010101010101010101010101010101010101010101010101010101010101010101010101010101010101010101010101001
1111111111111111111101010101010101010101010101010101010101010101010101010101010101010101010101010101010101010101010101010101001
1111111111111111110101010101010101010101010101010101010101010101010101010101010101010101010101010101010101010101010101010101001
1111111111111111110101010101010101010101010101010101010101010101010101010101010101010101010101010101010101010101010101010101001
1111111111111111010101010101010101010101010101010101010101010101010101010101010101010101010101010101010101010101010101010101001
1111111111111111010101010101010101010101010101010101010101010101010101010101010101010101010101010101010101010101010101010101001
1111111111111101010101010101010101010101010101010101010101010101010101010101010101010101010101010101010101010101010101010101001
1111111111111101010101010101010101010101010101010101010101010101010101010101010101010101010101010101010101010101010101010101001
1111111111110101010101010101010101010101010101010101010101010101010101010101010101010101010101010101010101010101010101010101001
1111111111110101010101010101010101010101010101010101010101010101010101010101010101010101010101010101010101010101010101010101001
1111111111010101010101010101010101010101010101010101010101010101010101010101010101010101010101010101010101010101010101010101001
1111111111010101010101010101010101010101010101010101010101010101010101010101010101010101010101010101010101010101010101010101001
1111111101010101010101010101010101010101010101010101010101010101010101010101010101010101010101010101010101010101010101010101001
1111111101010101010101010101010101010101010101010101010101010101010101010101010101010101010101010101010101010101010101010101001
1111110101010101010101010101010101010101010101010101010101010101010101010101010101010101010101010101010101010101010101010101001
1111110101010101010101010101010101010101010101010101010101010101010101010101010101010101010101010101010101010101010101010101001
1111010101010101010101010101010101010101010101010101010101010101010101010101010101010101010101010101010101010101010101010101001
1111010101010101010101010101010101010101010101010101010101010101010101010101010101010101010101010101010101010101010101010101001
1101010101010101010101010101010101010101010101010101010101010101010101010101010101010101010101010101010101010101010101010101001
1101010101010101010101010101010101010101010101010101010101010101010101010101010101010101010101010101010101010101010101010101001
00101010101010101010101010101010101010101010101010101010101010101010101010101010101010101010101010101010101010101010101010101001
00101010101010101010101010101010101010101010101010101010101010101010101010101010101010101010101010101010101010101010101010101001
01101010101010101010101010101010101010101010101010101010101010101010101010101010101010101010101010101010101010101010101010101001
011101010101010101010101010101010101010101010101010101010101010101010101010101010101010101010101010101010101010101010101010101001
111101010101010101010101010101010101010101010101010101010101010101010101010101010101010101010101010101010101010101010101010101001
111101010101010101010101010101010101010101010101010101010101010101010101010101010101010101010101010101010101010101010101010101001
110101010101010101010101010101010101010101010101010101010101010101010101010101010101010101010101010101010101010101010101010101001
110001010101010101010101010101010101010101010101010101010101010101010101010101010101010101010101010101010101010101010101010101001
110011010101010101010101010101010101010101010101010101010101010101010101010101010101010101010101010101010101010101010101010101001
110111010101010101010101010101010101010101010101010101010101010101010101010101010101010101010101010101010101010101010101010101001
110111010101010101010101010101010101010101010101010101010101010101010101010101010101010101010101010101010101010101010101010101001
110110010101010101010101010101010101010101010101010101010101010101010101010101010101010101010101010101010101010101010101010101001
110110110101010101010101010101010101010101010101010101010101010101010101010101010101010101010101010101010101010101010101010101001
110111110101010101010101010101010101010101010101010101010101010101010101010101010101010101010101010101010101010101010101010101001
110111110101010101010101010101010101010101010101010101010101010101010101010101010101010101010101010101010101010101010101010101001
110111100101010101010101010101010101010101010101010101010101010101010101010101010101010101010101010101010101010101010101010101001
110111101101010101010101010101010101010101010101010101010101010101010101010101010101010101010101010101010101010101010101010101001
110111111101010101010101010101010101010101010101010101010101010101010101010101010101010101010101010101010101010101010101010101001
110111111101010101010101010101010101010101010101010101010101010101010101010101010101010101010101010101010101010101010101010101001
110111111001010101010101010101010101010101010101010101010101010101010101010101010101010101010101010101010101010101010101010101001
110111111011010101010101010101010101010101010101010101010101010101010101010101010101010101010101010101010101010101010101010101001
110111111111010101010101010101010101010101010101010101010101010101010101010101010101010101010101010101010101010101010101010101001
110111111111010101010101010101010101010101010101010101010101010101010101010101010101010101010101010101010101010101010101010101001
110111111110010101010101010101010101010101010101010101010101010101010101010101010101010101010101010101010101010101010101010101001
110111111110110101010101010101010101010101010101010101010101010101010101010101010101010101010101010101010101010101010101010101001
110111111111110101010101010101010101010101010101010101010101010101010101010101010101010101010101010101010101010101010101010101001
110111111111110101010101010101010101010101010101010101010101010101010101010101010101010101010101010101010101010101010101010101001
110111111111100101010101010101010101010101010101010101010101010101010101010101010101010101010101010101010101010101010101010101001
110111111111101101010101010101010101010101010101010101010101010101010101010101010101010101010101010101010101010101010101010101001
110111111111111101010101010101010101010101010101010101010101010101010101010101010101010101010101010101010101010101010101010101001
110111111111111101010101010101010101010101010101010101010101010101010101010101010101010101010101010101010101010101010101010101001
110111111111111001010101010101010101010101010101010101010101010101010101010101010101010101010101010101010101010101010101010101001
110111111111111011010101010101010101010101010101010101010101010101010101010101010101010101010101010101010101010101010101010101001
110111111111111111010101010101010101010101010101010101010101010101010101010101010101010101010101010101010101010101010101010101001
110111111111111111010101010101010101010101010101010101010101010101010101010101010101010101010101010101010101010101010101010101001
110111111111111110010101010101010101010101010101010101010101010101010101010101010101010101010101010101010101010101010101010101001
110111111111111110110101010101010101010101010101010101010101010101010101010101010101010101010101010101010101010101010101010101001
110111111111111111110101010101010101010101010101010101010101010101010101010101010101010101010101010101010101010101010101010101001
110111111111111111110101010101010101010101010101010101010101010101010101010101010101010101010101010101010101010101010101010101001
110111111111111111100101010101010101010101010101010101010101010101010101010101010101010101010101010101010101010101010101010101001
110111111111111111101101010101010101010101010101010101010101010101010101010101010101010101010101010101010101010101010101010101001
110111111111111111111101010101010101010101010101010101010101010101010101010101010101010101010101010101010101010101010101010101001
110111111111111111111101010101010101010101010101010101010101010101010101010101010101010101010101010101010101010101010101010101001
110111111111111111111001010101010101010101010101010101010101010101010101010101010101010101010101010101010101010101010101010101001
110111111111111111111011010101010101010101010101010101010101010101010101010101010101010101010101010101010101010101010101010101001
110111111111111111111111010101010101010101010101010101010101010101010101010101010101010101010101010101010101010101010101010101001
110111111111111111111111010101010101010101010101010101010101010101010101010101010101010101010101010101010101010101010101010101001
110111111111111111111110010101010101010101010101010101010101010101010101010101010101010101010101010101010101010101010101010101001
110111111111111111111110110101010101010101010101010101010101010101010101010101010101010101010101010101010101010101010101010101001
110111111111111111111111110101010101010101010101010101010101010101010101010101010101010101010101010101010101010101010101010101001
110111111111111111111111110101010101010101010101010101010101010101010101010101010101010101010101010101010101010101010101010101001
110111111111111111111111100101010101010101010101010101010101010101010101010101010101010101010101010101010101010101010101010101001
110111111111111111111111101101010101010101010101010101010101010101010101010101010101010101010101010101010101010101010101010101001
110111111111111111111111111101010101010101010101010101010101010101010101010101010101010101010101010101010101010101010101010101001
110111111111111111111111111101010101010101010101010101010101010101010101010101010101010101010101010101010101010101010101010101001
110111111111111111111111111001010101010101010101010101010101010101010101010101010101010101010101010101010101010101010101010101001
110111111111111111111111111011010101010101010101010101010101010101010101010101010101010101010101010101010101010101010101010101001
110111111111111111111111111111010101010101010101010101010101010101010101010101010101010101010101010101010101010101010101010101001
110111111111111111111111111111010101010101010101010101010101010101010101010101010101010101010101010101010101010101010101010101001
110111111111111111111111111110010101010101010101010101010101010101010101010101010101010101010101010101010101010101010101010101001
110111111111111111111111111110110101010101010101010101010101010101010101010101010101010101010101010101010101010101010101010101001
110111111111111111111111111111110101010101010101010101010101010101010101010101010101010101010101010101010101010101010101010101001
110111111111111111111111111111110101010101010101010101010101010101010101010101010101010101010101010101010101010101010101010101001
110111111111111111111111111111100101010101010101010101010101010101010101010101010101010101010101010101010101010101010101010101001
110111111111111111111111111111101101010101010101010101010101010101010101010101010101010101010101010101010101010101010101010101001
110111111111111111111111111111111101010101010101010101010101010101010101010101010101010101010101010101010101010101010101010101001
110111111111111111111111111111111101010101010101010101010101010101010101010101010101010101010101010101010101010101010101010101001
110111111111111111111111111111111001010101010101010101010101010101010101010101010101010101010101010101010101010101010101010101001
110111111111111111111111111111111011010101010101010101010101010101010101010101010101010101010101010101010101010101010101010101001
110111111111111111111111111111111111010101010101010101010101010101010101010101010101010101010101010101010101010101010101010101001
110111111111111111111111111111111111010101010101010101010101010101010101010101010101010101010101010101010101010101010101010101001
110111111111111111111111111111111110010101010101010101010101010101010101010101010101010101010101010101010101010101010101010101001
110111111111111111111111111111111110110101010101010101010101010101010101010101010101010101010101010101010101010101010101010101001
110111111111111111111111111111111111110101010101010101010101010101010101010101010101010101010101010101010101010101010101010101001
110111111111111111111111111111111111110101010101010101010101010101010101010101010101010101010101010101010101010101010101010101001
110111111111111111111111111111111111100101010101010101010101010101010101010101010101010101010101010101010101010101010101010101001
110111111111111111111111111111111111101101010101010101010101010101010101010101010101010101010101010101010101010101010101010101001
110111111111111111111111111111111111111101010101010101010101010101010101010101010101010101010101010101010101010101010101010101001
110111111111111111111111111111111111111101010101010101010101010101010101010101010101010101010101010101010101010101010101010101001
110111111111111111111111111111111111111001010101010101010101010101010101010101010101010101010101010101010101010101010101010101001
110111111111111111111111111111111111111011010101010101010101010101010101010101010101010101010101010101010101010101010101010101001
110111111111111111111111111111111111111111010101010101010101010101010101010101010101010101010101010101010101010101010101010101001
110111111111111111111111111111111111111111010101010101010101010101010101010101010101010101010101010101010101010101010101010101001
110111111111111111111111111111111111111110010101010101010101010101010101010101010101010101010101010101010101010101010101010101001
110111111111111111111111111111111111111110110101010101010101010101010101010101010101010101010101010101010101010101010101010101001
110111111111111111111111111111111111111111110101010101010101010101010101010101010101010101010101010101010101010101010101010101001
110111111111111111111111111111111111111111110101010101010101010101010101010101010101010101010101010101010101010101010101010101001
110111111111111111111111111111111111111111100101010101010101010101010101010101010101010101010101010101010101010101010101010101001
110111111111111111111111111111111111111111101101010101010101010101010101010101010101010101010101010101010101010101010101010101001
110111111111111111111111111111111111111111111101010101010101010101010101010101010101010101010101010101010101010101010101010101001
110111111111111111111111111111111111111111111101010101010101010101010101010101010101010101010101010101010101010101010101010101001
110111111111111111111111111111111111111111111001010101010101010101010101010101010101010101010101010101010101010101010101010101001
110111111111111111111111111111111111111111111011010101010101010101010101010101010101010101010101010101010101010101010101010101001
110111111111111111111111111111111111111111111111010101010101010101010101010101010101010101010101010101010101010101010101010101001
110111111111111111111111111111111111111111111111010101010101010101010101010101010101010101010101010101010101010101010101010101001
110111111111111111111111111111111111111111111110010101010101010101010101010101010101010101010101010101010101010101010101010101001
110111111111111111111111111111111111111111111110110101010101010101010101010101010101010101010101010101010101010101010101010101001
110111111111111111111111111111111111111111111111110101010101010101010101010101010101010101010101010101010101010101010101010101001
110111111111111111111111111111111111111111111111110101010101010101010101010101010101010101010101010101010101010101010101010101001
110111111111111111111111111111111111111111111111100101010101010101010101010101010101010101010101010101010101010101010101010101001
110111111111111111111111111111111111111111111111101101010101010101010101010101010101010101010101010101010101010101010101010101001
110111111111111111111111111111111111111111111111111101010101010101010101010101010101010101010101010101010101010101010101010101001
110111111111111111111111111111111111111111111111111101010101010101010101010101010101010101010101010101010101010101010101010101001
110111111111111111111111111111111111111111111111111001010101010101010101010101010101010101010101010101010101010101010101010101001
110111111111111111111111111111111111111111111111111011010101010101010101010101010101010101010101010101010101010101010101010101001
110111111111111111111111111111111111111111111111111111010101010101010101010101010101010101010101010101010101010101010101010101001
110111111111111111111111111111111111111111111111111111010101010101010101010101010101010101010101010101010101010101010101010101001
110111111111111111111111111111111111111111111111111110010101010101010101010101010101010101010101010101010101010101010101010101001
110111111111111111111111111111111111111111111111111110110101010101010101010101010101010101010101010101010101010101010101010101001
110111111111111111111111111111111111111111111111111111110101010101010101010101010101010101010101010101010101010101010101010101001
110111111111111111111111111111111111111111111111111111110101010101010101010101010101010101010101010101010101010101010101010101001
110111111111111111111111111111111111111111111111111111100101010101010101010101010101010101010101010101010101010101010101010101001
110111111111111111111111111111111111111111111111111111101101010101010101010101010101010101010101010101010101010101010101010101001
110111111111111111111111111111111111111111111111111111111101010101010101010101010101010101010101010101010101010101010101010101001
110111111111111111111111111111111111111111111111111111111101010101010101010101010101010101010101010101010101010101010101010101001
110111111111111111111111111111111111111111111111111111111001010101010101010101010101010101010101010101010101010101010101010101001
110111111111111111111111111111111111111111111111111111111011010101010101010101010101010101010101010101010101010101010101010101001
110111111111111111111111111111111111111111111111111111111111010101010101010101010101010101010101010101010101010101010101010101001
110111111111111111111111111111111111111111111111111111111111010101010101010101010101010101010101010101010101010101010101010101001
110111111111111111111111111111111111111111111111111111111110010101010101010101010101010101010101010101010101010101010101010101001
110111111111111111111111111111111111111111111111111111111110110101010101010101010101010101010101010101010101010101010101010101001
110111111111111111111111111111111111111111111111111111111111110101010101010101010101010101010101010101010101010101010101010101001
110111111111111111111111111111111111111111111111111111111111110101010101010101010101010101010101010101010101010101010101010101001
110111111111111111111111111111111111111111111111111111111111100101010101010101010101010101010101010101010101010101010101010101001
110111111111111111111111111111111111111111111111111111111111101101010101010101010101010101010101010101010101010101010101010101001
110111111111111111111111111111111111111111111111111111111111111101010101010101010101010101010101010101010101010101010101010101001
110111111111111111111111111111111111111111111111111111111111111101010101010101010101010101010101010101010101010101010101010101001
110111111111111111111111111111111111111111111111111111111111111001010101010101010101010101010101010101010101010101010101010101001
110111111111111111111111111111111111111111111111111111111111111011010101010101010101010101010101010101010101010101010101010101001
110111111111111111111111111111111111111111111111111111111111111111010101010101010101010101010101010101010101010101010101010101001
110111111111111111111111111111111111111111111111111111111111111111010101010101010101010101010101010101010101010101010101010101001
110111111111111111111111111111111111111111111111111111111111111110010101010101010101010101010101010101010101010101010101010101001
110111111111111111111111111111111111111111111111111111111111111110110101010101010101010101010101010101010101010101010101010101001
110111111111111111111111111111111111111111111111111111111111111111110101010101010101010101010101010101010101010101010101010101001
110111111111111111111111111111111111111111111111111111111111111111110101010101010101010101010101010101010101010101010101010101001
110111111111111111111111111111111111111111111111111111111111111111100101010101010101010101010101010101010101010101010101010101001
110111111111111111111111111111111111111111111111111111111111111111101101010101010101010101010101010101010101010101010101010101001
110111111111111111111111111111111111111111111111111111111111111111111101010101010101010101010101010101010101010101010101010101001
110111111111111111111111111111111111111111111111111111111111111111111101010101010101010101010101010101010101010101010101010101001
110111111111111111111111111111111111111111111111111111111111111111111001010101010101010101010101010101010101010101010101010101001
110111111111111111111111111111111111111111111111111111111111111111111011010101010101010101010101010101010101010101010101010101001
110111111111111111111111111111111111111111111111111111111111111111111111010101010101010101010101010101010101010101010101010101001
110111111111111111111111111111111111111111111111111111111111111111111111010101010101010101010101010101010101010101010101010101001
110111111111111111111111111111111111111111111111111111111111111111111110010101010101010101010101010101010101010101010101010101001
110111111111111111111111111111111111111111111111111111111111111111111110110101010101010101010101010101010101010101010101010101001
110111111111111111111111111111111111111111111111111111111111111111111111110101010101010101010101010101010101010101010101010101001
110111111111111111111111111111111111111111111111111111111111111111111111110101010101010101010101010101010101010101010101010101001
110111111111111111111111111111111111111111111111111111111111111111111111100101010101010101010101010101010101010101010101010101001
110111111111111111111111111111111111111111111111111111111111111111111111101101010101010101010101010101010101010101010101010101001
110111111111111111111111111111111111111111111111111111111111111111111111111101010101010101010101010101010101010101010101010101001
110111111111111111111111111111111111111111111111111111111111111111111111111101010101010101010101010101010101010101010101010101001
110111111111111111111111111111111111111111111111111111111111111111111111111001010101010101010101010101010101010101010101010101001
110111111111111111111111111111111111111111111111111111111111111111111111111011010101010101010101010101010101010101010101010101001
110111111111111111111111111111111111111111111111111111111111111111111111111111010101010101010101010101010101010101010101010101001
110111111111111111111111111111111111111111111111111111111111111111111111111111010101010101010101010101010101010101010101010101001
110111111111111111111111111111111111111111111111111111111111111111111111111110010101010101010101010101010101010101010101010101001
110111111111111111111111111111111111111111111111111111111111111111111111111110110101010101010101010101010101010101010101010101001
110111111111111111111111111111111111111111111111111111111111111111111111111111110101010101010101010101010101010101010101010101001
110111111111111111111111111111111111111111111111111111111111111111111111111111110101010101010101010101010101010101010101010101001
110111111111111111111111111111111111111111111111111111111111111111111111111111100101010101010101010101010101010101010101010101001
110111111111111111111111111111111111111111111111111111111111111111111111111111101101010101010101010101010101010101010101010101001
110111111111111111111111111111111111111111111111111111111111111111111111111111111101010101010101010101010101010101010101010101001
110111111111111111111111111111111111111111111111111111111111111111111111111111111101010101010101010101010101010101010101010101001
110111111111111111111111111111111111111111111111111111111111111111111111111111111001010101010101010101010101010101010101010101001
110111111111111111111111111111111111111111111111111111111111111111111111111111111011010101010101010101010101010101010101010101001
110111111111111111111111111111111111111111111111111111111111111111111111111111111111010101010101010101010101010101010101010101001
110111111111111111111111111111111111111111111111111111111111111111111111111111111111010101010101010101010101010101010101010101001
110111111111111111111111111111111111111111111111111111111111111111111111111111111110010101010101010101010101010101010101010101001
110111111111111111111111111111111111111111111111111111111111111111111111111111111110110101010101010101010101010101010101010101001
110111111111111111111111111111111111111111111111111111111111111111111111111111111111110101010101010101010101010101010101010101001
110111111111111111111111111111111111111111111111111111111111111111111111111111111111110101010101010101010101010101010101010101001
110111111111111111111111111111111111111111111111111111111111111111111111111111111111100101010101010101010101010101010101010101001
110111111111111111111111111111111111111111111111111111111111111111111111111111111111101101010101010101010101010101010101010101001
110111111111111111111111111111111111111111111111111111111111111111111111111111111111111101010101010101010101010101010101010101001
110111111111111111111111111111111111111111111111111111111111111111111111111111111111111101010101010101010101010101010101010101001
110111111111111111111111111111111111111111111111111111111111111111111111111111111111111001010101010101010101010101010101010101001
110111111111111111111111111111111111111111111111111111111111111111111111111111111111111011010101010101010101010101010101010101001
110111111111111111111111111111111111111111111111111111111111111111111111111111111111111111010101010101010101010101010101010101001
110111111111111111111111111111111111111111111111111111111111111111111111111111111111111111010101010101010101010101010101010101001
110111111111111111111111111111111111111111111111111111111111111111111111111111111111111110010101010101010101010101010101010101001
110111111111111111111111111111111111111111111111111111111111111111111111111111111111111110110101010101010101010101010101010101001
110111111111111111111111111111111111111111111111111111111111111111111111111111111111111111110101010101010101010101010101010101001
110111111111111111111111111111111111111111111111111111111111111111111111111111111111111111110101010101010101010101010101010101001
110111111111111111111111111111111111111111111111111111111111111111111111111111111111111111100101010101010101010101010101010101001
110111111111111111111111111111111111111111111111111111111111111111111111111111111111111111101101010101010101010101010101010101001
110111111111111111111111111111111111111111111111111111111111111111111111111111111111111111111101010101010101010101010101010101001
110111111111111111111111111111111111111111111111111111111111111111111111111111111111111111111101010101010101010101010101010101001
110111111111111111111111111111111111111111111111111111111111111111111111111111111111111111111001010101010101010101010101010101001
110111111111111111111111111111111111111111111111111111111111111111111111111111111111111111111011010101010101010101010101010101001
110111111111111111111111111111111111111111111111111111111111111111111111111111111111111111111111010101010101010101010101010101001
110111111111111111111111111111111111111111111111111111111111111111111111111111111111111111111111010101010101010101010101010101001
110111111111111111111111111111111111111111111111111111111111111111111111111111111111111111111110010101010101010101010101010101001
110111111111111111111111111111111111111111111111111111111111111111111111111111111111111111111110110101010101010101010101010101001
110111111111111111111111111111111111111111111111111111111111111111111111111111111111111111111111110101010101010101010101010101001
110111111111111111111111111111111111111111111111111111111111111111111111111111111111111111111111110101010101010101010101010101001
110111111111111111111111111111111111111111111111111111111111111111111111111111111111111111111111100101010101010101010101010101001
110111111111111111111111111111111111111111111111111111111111111111111111111111111111111111111111101101010101010101010101010101001
110111111111111111111111111111111111111111111111111111111111111111111111111111111111111111111111111101010101010101010101010101001
110111111111111111111111111111111111111111111111111111111111111111111111111111111111111111111111111101010101010101010101010101001
110111111111111111111111111111111111111111111111111111111111111111111111111111111111111111111111111001010101010101010101010101001
110111111111111111111111111111111111111111111111111111111111111111111111111111111111111111111111111011010101010101010101010101001
110111111111111111111111111111111111111111111111111111111111111111111111111111111111111111111111111111010101010101010101010101001
110111111111111111111111111111111111111111111111111111111111111111111111111111111111111111111111111111010101010101010101010101001
110111111111111111111111111111111111111111111111111111111111111111111111111111111111111111111111111110010101010101010101010101001
110111111111111111111111111111111111111111111111111111111111111111111111111111111111111111111111111110110101010101010101010101001
110111111111111111111111111111111111111111111111111111111111111111111111111111111111111111111111111111110101010101010101010101001
110111111111111111111111111111111111111111111111111111111111111111111111111111111111111111111111111111110101010101010101010101001
110111111111111111111111111111111111111111111111111111111111111111111111111111111111111111111111111111100101010101010101010101001
110111111111111111111111111111111111111111111111111111111111111111111111111111111111111111111111111111101101010101010101010101001
110111111111111111111111111111111111111111111111111111111111111111111111111111111111111111111111111111111101010101010101010101001
110111111111111111111111111111111111111111111111111111111111111111111111111111111111111111111111111111111101010101010101010101001
110111111111111111111111111111111111111111111111111111111111111111111111111111111111111111111111111111111001010101010101010101001
110111111111111111111111111111111111111111111111111111111111111111111111111111111111111111111111111111111011010101010101010101001
110111111111111111111111111111111111111111111111111111111111111111111111111111111111111111111111111111111111010101010101010101001
110111111111111111111111111111111111111111111111111111111111111111111111111111111111111111111111111111111111010101010101010101001
110111111111111111111111111111111111111111111111111111111111111111111111111111111111111111111111111111111110010101010101010101001
110111111111111111111111111111111111111111111111111111111111111111111111111111111111111111111111111111111110110101010101010101001
110111111111111111111111111111111111111111111111111111111111111111111111111111111111111111111111111111111111110101010101010101001
110111111111111111111111111111111111111111111111111111111111111111111111111111111111111111111111111111111111110101010101010101001
110111111111111111111111111111111111111111111111111111111111111111111111111111111111111111111111111111111111100101010101010101001
110111111111111111111111111111111111111111111111111111111111111111111111111111111111111111111111111111111111101101010101010101001
110111111111111111111111111111111111111111111111111111111111111111111111111111111111111111111111111111111111111101010101010101001
110111111111111111111111111111111111111111111111111111111111111111111111111111111111111111111111111111111111111101010101010101001
110111111111111111111111111111111111111111111111111111111111111111111111111111111111111111111111111111111111111001010101010101001
110111111111111111111111111111111111111111111111111111111111111111111111111111111111111111111111111111111111111011010101010101001
110111111111111111111111111111111111111111111111111111111111111111111111111111111111111111111111111111111111111111010101010101001
110111111111111111111111111111111111111111111111111111111111111111111111111111111111111111111111111111111111111111010101010101001
110111111111111111111111111111111111111111111111111111111111111111111111111111111111111111111111111111111111111110010101010101001
110111111111111111111111111111111111111111111111111111111111111111111111111111111111111111111111111111111111111110110101010101001
110111111111111111111111111111111111111111111111111111111111111111111111111111111111111111111111111111111111111111110101010101001
110111111111111111111111111111111111111111111111111111111111111111111111111111111111111111111111111111111111111111110101010101001
110111111111111111111111111111111111111111111111111111111111111111111111111111111111111111111111111111111111111111100101010101001
110111111111111111111111111111111111111111111111111111111111111111111111111111111111111111111111111111111111111111101101010101001
110111111111111111111111111111111111111111111111111111111111111111111111111111111111111111111111111111111111111111111101010101001
110111111111111111111111111111111111111111111111111111111111111111111111111111111111111111111111111111111111111111111101010101001
110111111111111111111111111111111111111111111111111111111111111111111111111111111111111111111111111111111111111111111001010101001
110111111111111111111111111111111111111111111111111111111111111111111111111111111111111111111111111111111111111111111011010101001
110111111111111111111111111111111111111111111111111111111111111111111111111111111111111111111111111111111111111111111111010101001
110111111111111111111111111111111111111111111111111111111111111111111111111111111111111111111111111111111111111111111111010101001
110111111111111111111111111111111111111111111111111111111111111111111111111111111111111111111111111111111111111111111110010101001
110111111111111111111111111111111111111111111111111111111111111111111111111111111111111111111111111111111111111111111110110101001
110111111111111111111111111111111111111111111111111111111111111111111111111111111111111111111111111111111111111111111111110101001
110111111111111111111111111111111111111111111111111111111111111111111111111111111111111111111111111111111111111111111111110101001
110111111111111111111111111111111111111111111111111111111111111111111111111111111111111111111111111111111111111111111111100101001
110111111111111111111111111111111111111111111111111111111111111111111111111111111111111111111111111111111111111111111111101101001
110111111111111111111111111111111111111111111111111111111111111111111111111111111111111111111111111111111111111111111111111101001
110111111111111111111111111111111111111111111111111111111111111111111111111111111111111111111111111111111111111111111111111101001
110111111111111111111111111111111111111111111111111111111111111111111111111111111111111111111111111111111111111111111111111001001
110111111111111111111111111111111111111111111111111111111111111111111111111111111111111111111111111111111111111111111111111011001
110111111111111111111111111111111111111111111111111111111111111111111111111111111111111111111111111111111111111111111111111111001
110111111111111111111111111111111111111111111111111111111111111111111111111111111111111111111111111111111111111111111111111111001
110111111111111111111111111111111111111111111111111111111111111111111111111111111111111111111111111111111111111111111111111110001
110111111111111111111111111111111111111111111111111111111111111111111111111111111111111111111111111111111111111111111111111110101
110111111111111111111111111111111111111111111111111111111111111111111111111111111111111111111111111111111111111111111111111111101
110111111111111111111111111111111111111111111111111111111111111111111111111111111111111111111111111111111111111111111111111111101
110111111111111111111111111111111111111111111111111111111111111111111111111111111111111111111111111111111111111111111111111111111
110111111111111111111111111111111111111111111111111111111111111111111111111111111111111111111111111111111111111111111111111111011
110111111111111111111111111111111111111111111111111111111111111111111111111111111111111111111111111111111111111111111111111110011
110111111111111111111111111111111111111111111111111111111111111111111111111111111111111111111111111111111111111111111111111110011
110111111111111111111111111111111111111111111111111111111111111111111111111111111111111111111111111111111111111111111111111010011
110111111111111111111111111111111111111111111111111111111111111111111111111111111111111111111111111111111111111111111111111010011
110111111111111111111111111111111111111111111111111111111111111111111111111111111111111111111111111111111111111111111111101010011
110111111111111111111111111111111111111111111111111111111111111111111111111111111111111111111111111111111111111111111111101010011
110111111111111111111111111111111111111111111111111111111111111111111111111111111111111111111111111111111111111111111110101010011
110111111111111111111111111111111111111111111111111111111111111111111111111111111111111111111111111111111111111111111110101010011
110111111111111111111111111111111111111111111111111111111111111111111111111111111111111111111111111111111111111111111010101010011
110111111111111111111111111111111111111111111111111111111111111111111111111111111111111111111111111111111111111111111010101010011
110111111111111111111111111111111111111111111111111111111111111111111111111111111111111111111111111111111111111111101010101010011
110111111111111111111111111111111111111111111111111111111111111111111111111111111111111111111111111111111111111111101010101010011
110111111111111111111111111111111111111111111111111111111111111111111111111111111111111111111111111111111111111110101010101010011
110111111111111111111111111111111111111111111111111111111111111111111111111111111111111111111111111111111111111110101010101010011
110111111111111111111111111111111111111111111111111111111111111111111111111111111111111111111111111111111111111010101010101010011
110111111111111111111111111111111111111111111111111111111111111111111111111111111111111111111111111111111111111010101010101010011
110111111111111111111111111111111111111111111111111111111111111111111111111111111111111111111111111111111111101010101010101010011
110111111111111111111111111111111111111111111111111111111111111111111111111111111111111111111111111111111111101010101010101010011
110111111111111111111111111111111111111111111111111111111111111111111111111111111111111111111111111111111110101010101010101010011
110111111111111111111111111111111111111111111111111111111111111111111111111111111111111111111111111111111110101010101010101010011
110111111111111111111111111111111111111111111111111111111111111111111111111111111111111111111111111111111010101010101010101010011
110111111111111111111111111111111111111111111111111111111111111111111111111111111111111111111111111111111010101010101010101010011
110111111111111111111111111111111111111111111111111111111111111111111111111111111111111111111111111111101010101010101010101010011
110111111111111111111111111111111111111111111111111111111111111111111111111111111111111111111111111111101010101010101010101010011
110111111111111111111111111111111111111111111111111111111111111111111111111111111111111111111111111110101010101010101010101010011
110111111111111111111111111111111111111111111111111111111111111111111111111111111111111111111111111110101010101010101010101010011
110111111111111111111111111111111111111111111111111111111111111111111111111111111111111111111111111010101010101010101010101010011
110111111111111111111111111111111111111111111111111111111111111111111111111111111111111111111111111010101010101010101010101010011
110111111111111111111111111111111111111111111111111111111111111111111111111111111111111111111111101010101010101010101010101010011
110111111111111111111111111111111111111111111111111111111111111111111111111111111111111111111111101010101010101010101010101010011
110111111111111111111111111111111111111111111111111111111111111111111111111111111111111111111110101010101010101010101010101010011
110111111111111111111111111111111111111111111111111111111111111111111111111111111111111111111110101010101010101010101010101010011
110111111111111111111111111111111111111111111111111111111111111111111111111111111111111111111010101010101010101010101010101010011
110111111111111111111111111111111111111111111111111111111111111111111111111111111111111111111010101010101010101010101010101010011
110111111111111111111111111111111111111111111111111111111111111111111111111111111111111111101010101010101010101010101010101010011
110111111111111111111111111111111111111111111111111111111111111111111111111111111111111111101010101010101010101010101010101010011
110111111111111111111111111111111111111111111111111111111111111111111111111111111111111110101010101010101010101010101010101010011
110111111111111111111111111111111111111111111111111111111111111111111111111111111111111110101010101010101010101010101010101010011
110111111111111111111111111111111111111111111111111111111111111111111111111111111111111010101010101010101010101010101010101010011
110111111111111111111111111111111111111111111111111111111111111111111111111111111111111010101010101010101010101010101010101010011
110111111111111111111111111111111111111111111111111111111111111111111111111111111111101010101010101010101010101010101010101010011
110111111111111111111111111111111111111111111111111111111111111111111111111111111111101010101010101010101010101010101010101010011
110111111111111111111111111111111111111111111111111111111111111111111111111111111110101010101010101010101010101010101010101010011
110111111111111111111111111111111111111111111111111111111111111111111111111111111110101010101010101010101010101010101010101010011
110111111111111111111111111111111111111111111111111111111111111111111111111111111010101010101010101010101010101010101010101010011
110111111111111111111111111111111111111111111111111111111111111111111111111111111010101010101010101010101010101010101010101010011
110111111111111111111111111111111111111111111111111111111111111111111111111111101010101010101010101010101010101010101010101010011
110111111111111111111111111111111111111111111111111111111111111111111111111111101010101010101010101010101010101010101010101010011
110111111111111111111111111111111111111111111111111111111111111111111111111110101010101010101010101010101010101010101010101010011
110111111111111111111111111111111111111111111111111111111111111111111111111110101010101010101010101010101010101010101010101010011
110111111111111111111111111111111111111111111111111111111111111111111111111010101010101010101010101010101010101010101010101010011
110111111111111111111111111111111111111111111111111111111111111111111111111010101010101010101010101010101010101010101010101010011
110111111111111111111111111111111111111111111111111111111111111111111111101010101010101010101010101010101010101010101010101010011
110111111111111111111111111111111111111111111111111111111111111111111111101010101010101010101010101010101010101010101010101010011
110111111111111111111111111111111111111111111111111111111111111111111110101010101010101010101010101010101010101010101010101010011
110111111111111111111111111111111111111111111111111111111111111111111110101010101010101010101010101010101010101010101010101010011
110111111111111111111111111111111111111111111111111111111111111111111010101010101010101010101010101010101010101010101010101010011
110111111111111111111111111111111111111111111111111111111111111111111010101010101010101010101010101010101010101010101010101010011
110111111111111111111111111111111111111111111111111111111111111111101010101010101010101010101010101010101010101010101010101010011
110111111111111111111111111111111111111111111111111111111111111111101010101010101010101010101010101010101010101010101010101010011
110111111111111111111111111111111111111111111111111111111111111110101010101010101010101010101010101010101010101010101010101010011
110111111111111111111111111111111111111111111111111111111111111110101010101010101010101010101010101010101010101010101010101010011
110111111111111111111111111111111111111111111111111111111111111010101010101010101010101010101010101010101010101010101010101010011
110111111111111111111111111111111111111111111111111111111111111010101010101010101010101010101010101010101010101010101010101010011
110111111111111111111111111111111111111111111111111111111111101010101010101010101010101010101010101010101010101010101010101010011
110111111111111111111111111111111111111111111111111111111111101010101010101010101010101010101010101010101010101010101010101010011
110111111111111111111111111111111111111111111111111111111110101010101010101010101010101010101010101010101010101010101010101010011
110111111111111111111111111111111111111111111111111111111110101010101010101010101010101010101010101010101010101010101010101010011
110111111111111111111111111111111111111111111111111111111010101010101010101010101010101010101010101010101010101010101010101010011
110111111111111111111111111111111111111111111111111111111010101010101010101010101010101010101010101010101010101010101010101010011
110111111111111111111111111111111111111111111111111111101010101010101010101010101010101010101010101010101010101010101010101010011
110111111111111111111111111111111111111111111111111111101010101010101010101010101010101010101010101010101010101010101010101010011
110111111111111111111111111111111111111111111111111110101010101010101010101010101010101010101010101010101010101010101010101010011
110111111111111111111111111111111111111111111111111110101010101010101010101010101010101010101010101010101010101010101010101010011
110111111111111111111111111111111111111111111111111010101010101010101010101010101010101010101010101010101010101010101010101010011
110111111111111111111111111111111111111111111111111010101010101010101010101010101010101010101010101010101010101010101010101010011
110111111111111111111111111111111111111111111111101010101010101010101010101010101010101010101010101010101010101010101010101010011
110111111111111111111111111111111111111111111111101010101010101010101010101010101010101010101010101010101010101010101010101010011
110111111111111111111111111111111111111111111110101010101010101010101010101010101010101010101010101010101010101010101010101010011
110111111111111111111111111111111111111111111110101010101010101010101010101010101010101010101010101010101010101010101010101010011
110111111111111111111111111111111111111111111010101010101010101010101010101010101010101010101010101010101010101010101010101010011
110111111111111111111111111111111111111111111010101010101010101010101010101010101010101010101010101010101010101010101010101010011
110111111111111111111111111111111111111111101010101010101010101010101010101010101010101010101010101010101010101010101010101010011
110111111111111111111111111111111111111111101010101010101010101010101010101010101010101010101010101010101010101010101010101010011
110111111111111111111111111111111111111110101010101010101010101010101010101010101010101010101010101010101010101010101010101010011
110111111111111111111111111111111111111110101010101010101010101010101010101010101010101010101010101010101010101010101010101010011
110111111111111111111111111111111111111010101010101010101010101010101010101010101010101010101010101010101010101010101010101010011
110111111111111111111111111111111111111010101010101010101010101010101010101010101010101010101010101010101010101010101010101010011
110111111111111111111111111111111111101010101010101010101010101010101010101010101010101010101010101010101010101010101010101010011
110111111111111111111111111111111111101010101010101010101010101010101010101010101010101010101010101010101010101010101010101010011
110111111111111111111111111111111110101010101010101010101010101010101010101010101010101010101010101010101010101010101010101010011
110111111111111111111111111111111110101010101010101010101010101010101010101010101010101010101010101010101010101010101010101010011
110111111111111111111111111111111010101010101010101010101010101010101010101010101010101010101010101010101010101010101010101010011
110111111111111111111111111111111010101010101010101010101010101010101010101010101010101010101010101010101010101010101010101010011
110111111111111111111111111111101010101010101010101010101010101010101010101010101010101010101010101010101010101010101010101010011
110111111111111111111111111111101010101010101010101010101010101010101010101010101010101010101010101010101010101010101010101010011
110111111111111111111111111110101010101010101010101010101010101010101010101010101010101010101010101010101010101010101010101010011
110111111111111111111111111110101010101010101010101010101010101010101010101010101010101010101010101010101010101010101010101010011
110111111111111111111111111010101010101010101010101010101010101010101010101010101010101010101010101010101010101010101010101010011
110111111111111111111111111010101010101010101010101010101010101010101010101010101010101010101010101010101010101010101010101010011
110111111111111111111111101010101010101010101010101010101010101010101010101010101010101010101010101010101010101010101010101010011
110111111111111111111111101010101010101010101010101010101010101010101010101010101010101010101010101010101010101010101010101010011
110111111111111111111110101010101010101010101010101010101010101010101010101010101010101010101010101010101010101010101010101010011
110111111111111111111110101010101010101010101010101010101010101010101010101010101010101010101010101010101010101010101010101010011
110111111111111111111010101010101010101010101010101010101010101010101010101010101010101010101010101010101010101010101010101010011
110111111111111111111010101010101010101010101010101010101010101010101010101010101010101010101010101010101010101010101010101010011
110111111111111111101010101010101010101010101010101010101010101010101010101010101010101010101010101010101010101010101010101010011
110111111111111111101010101010101010101010101010101010101010101010101010101010101010101010101010101010101010101010101010101010011
110111111111111110101010101010101010101010101010101010101010101010101010101010101010101010101010101010101010101010101010101010011
110111111111111110101010101010101010101010101010101010101010101010101010101010101010101010101010101010101010101010101010101010011
110111111111111010101010101010101010101010101010101010101010101010101010101010101010101010101010101010101010101010101010101010011
110111111111111010101010101010101010101010101010101010101010101010101010101010101010101010101010101010101010101010101010101010011
110111111111101010101010101010101010101010101010101010101010101010101010101010101010101010101010101010101010101010101010101010011
110111111111101010101010101010101010101010101010101010101010101010101010101010101010101010101010101010101010101010101010101010011
110111111110101010101010101010101010101010101010101010101010101010101010101010101010101010101010101010101010101010101010101010011
110111111110101010101010101010101010101010101010101010101010101010101010101010101010101010101010101010101010101010101010101010011
110111111010101010101010101010101010101010101010101010101010101010101010101010101010101010101010101010101010101010101010101010011
110111111010101010101010101010101010101010101010101010101010101010101010101010101010101010101010101010101010101010101010101010011
110111101010101010101010101010101010101010101010101010101010101010101010101010101010101010101010101010101010101010101010101010011
110111101010101010101010101010101010101010101010101010101010101010101010101010101010101010101010101010101010101010101010101010011
110110101010101010101010101010101010101010101010101010101010101010101010101010101010101010101010101010101010101010101010101010011
110110101010101010101010101010101010101010101010101010101010101010101010101010101010101010101010101010101010101010101010101010011
110010101010101010101010101010101010101010101010101010101010101010101010101010101010101010101010101010101010101010101010101010011
110010101010101010101010101010101010101010101010101010101010101010101010101010101010101010101010101010101010101010101010101010011
110110101010101010101010101010101010101010101010101010101010101010101010101010101010101010101010101010101010101010101010101010011
111110101010101010101010101010101010101010101010101010101010101010101010101010101010101010101010101010101010101010101010101010011
101110101010101010101010101010101010101010101010101010101010101010101010101010101010101010101010101010101010101010101010101010011
0001110101010101010101010101010101010101010101010101010101010101010101010101010101010101010101010101010101010101010101010101010011
0001110101010101010101010101010101010101010101010101010101010101010101010101010101010101010101010101010101010101010101010101010011
0101110101010101010101010101010101010101010101010101010101010101010101010101010101010101010101010101010101010101010101010101010011
01101110101010101010101010101010101010101010101010101010101010101010101010101010101010101010101010101010101010101010101010101010011
11101110101010101010101010101010101010101010101010101010101010101010101010101010101010101010101010101010101010101010101010101010011
11101110101010101010101010101010101010101010101010101010101010101010101010101010101010101010101010101010101010101010101010101010011
11001110101010101010101010101010101010101010101010101010101010101010101010101010101010101010101010101010101010101010101010101010011
11011110101010101010101010101010101010101010101010101010101010101010101010101010101010101010101010101010101010101010101010101010011
11111110101010101010101010101010101010101010101010101010101010101010101010101010101010101010101010101010101010101010101010101010011
11111110101010101010101010101010101010101010101010101010101010101010101010101010101010101010101010101010101010101010101010101010011
11110110101010101010101010101010101010101010101010101010101010101010101010101010101010101010101010101010101010101010101010101010011
11110010101010101010101010101010101010101010101010101010101010101010101010101010101010101010101010101010101010101010101010101010011
11110000101010101010101010101010101010101010101010101010101010101010101010101010101010101010101010101010101010101010101010101010011
11110001101010101010101010101010101010101010101010101010101010101010101010101010101010101010101010101010101010101010101010101010011
11110011101010101010101010101010101010101010101010101010101010101010101010101010101010101010101010101010101010101010101010101010011
11110011101010101010101010101010101010101010101010101010101010101010101010101010101010101010101010101010101010101010101010101010011
11110011001010101010101010101010101010101010101010101010101010101010101010101010101010101010101010101010101010101010101010101010011
11110011011010101010101010101010101010101010101010101010101010101010101010101010101010101010101010101010101010101010101010101010011
11110011111010101010101010101010101010101010101010101010101010101010101010101010101010101010101010101010101010101010101010101010011
11110011111010101010101010101010101010101010101010101010101010101010101010101010101010101010101010101010101010101010101010101010011
11110011110010101010101010101010101010101010101010101010101010101010101010101010101010101010101010101010101010101010101010101010011
11110011110110101010101010101010101010101010101010101010101010101010101010101010101010101010101010101010101010101010101010101010011
11110011111110101010101010101010101010101010101010101010101010101010101010101010101010101010101010101010101010101010101010101010011
11110011111110101010101010101010101010101010101010101010101010101010101010101010101010101010101010101010101010101010101010101010011
11110011111100101010101010101010101010101010101010101010101010101010101010101010101010101010101010101010101010101010101010101010011
11110011111101101010101010101010101010101010101010101010101010101010101010101010101010101010101010101010101010101010101010101010011
11110011111111101010101010101010101010101010101010101010101010101010101010101010101010101010101010101010101010101010101010101010011
11110011111111101010101010101010101010101010101010101010101010101010101010101010101010101010101010101010101010101010101010101010011
11110011111111001010101010101010101010101010101010101010101010101010101010101010101010101010101010101010101010101010101010101010011
11110011111111011010101010101010101010101010101010101010101010101010101010101010101010101010101010101010101010101010101010101010011
11110011111111111010101010101010101010101010101010101010101010101010101010101010101010101010101010101010101010101010101010101010011
11110011111111111010101010101010101010101010101010101010101010101010101010101010101010101010101010101010101010101010101010101010011
11110011111111110010101010101010101010101010101010101010101010101010101010101010101010101010101010101010101010101010101010101010011
11110011111111110110101010101010101010101010101010101010101010101010101010101010101010101010101010101010101010101010101010101010011
11110011111111111110101010101010101010101010101010101010101010101010101010101010101010101010101010101010101010101010101010101010011
11110011111111111110101010101010101010101010101010101010101010101010101010101010101010101010101010101010101010101010101010101010011
11110011111111111100101010101010101010101010101010101010101010101010101010101010101010101010101010101010101010101010101010101010011
11110011111111111101101010101010101010101010101010101010101010101010101010101010101010101010101010101010101010101010101010101010011
11110011111111111111101010101010101010101010101010101010101010101010101010101010101010101010101010101010101010101010101010101010011
11110011111111111111101010101010101010101010101010101010101010101010101010101010101010101010101010101010101010101010101010101010011
11110011111111111111001010101010101010101010101010101010101010101010101010101010101010101010101010101010101010101010101010101010011
11110011111111111111011010101010101010101010101010101010101010101010101010101010101010101010101010101010101010101010101010101010011
11110011111111111111111010101010101010101010101010101010101010101010101010101010101010101010101010101010101010101010101010101010011
11110011111111111111111010101010101010101010101010101010101010101010101010101010101010101010101010101010101010101010101010101010011
11110011111111111111110010101010101010101010101010101010101010101010101010101010101010101010101010101010101010101010101010101010011
11110011111111111111110110101010101010101010101010101010101010101010101010101010101010101010101010101010101010101010101010101010011
11110011111111111111111110101010101010101010101010101010101010101010101010101010101010101010101010101010101010101010101010101010011
11110011111111111111111110101010101010101010101010101010101010101010101010101010101010101010101010101010101010101010101010101010011
11110011111111111111111100101010101010101010101010101010101010101010101010101010101010101010101010101010101010101010101010101010011
11110011111111111111111101101010101010101010101010101010101010101010101010101010101010101010101010101010101010101010101010101010011
11110011111111111111111111101010101010101010101010101010101010101010101010101010101010101010101010101010101010101010101010101010011
11110011111111111111111111101010101010101010101010101010101010101010101010101010101010101010101010101010101010101010101010101010011
11110011111111111111111111001010101010101010101010101010101010101010101010101010101010101010101010101010101010101010101010101010011
11110011111111111111111111011010101010101010101010101010101010101010101010101010101010101010101010101010101010101010101010101010011
11110011111111111111111111111010101010101010101010101010101010101010101010101010101010101010101010101010101010101010101010101010011
11110011111111111111111111111010101010101010101010101010101010101010101010101010101010101010101010101010101010101010101010101010011
11110011111111111111111111110010101010101010101010101010101010101010101010101010101010101010101010101010101010101010101010101010011
11110011111111111111111111110110101010101010101010101010101010101010101010101010101010101010101010101010101010101010101010101010011
11110011111111111111111111111110101010101010101010101010101010101010101010101010101010101010101010101010101010101010101010101010011
11110011111111111111111111111110101010101010101010101010101010101010101010101010101010101010101010101010101010101010101010101010011
11110011111111111111111111111100101010101010101010101010101010101010101010101010101010101010101010101010101010101010101010101010011
11110011111111111111111111111101101010101010101010101010101010101010101010101010101010101010101010101010101010101010101010101010011
11110011111111111111111111111111101010101010101010101010101010101010101010101010101010101010101010101010101010101010101010101010011
11110011111111111111111111111111101010101010101010101010101010101010101010101010101010101010101010101010101010101010101010101010011
11110011111111111111111111111111001010101010101010101010101010101010101010101010101010101010101010101010101010101010101010101010011
11110011111111111111111111111111011010101010101010101010101010101010101010101010101010101010101010101010101010101010101010101010011
11110011111111111111111111111111111010101010101010101010101010101010101010101010101010101010101010101010101010101010101010101010011
11110011111111111111111111111111111010101010101010101010101010101010101010101010101010101010101010101010101010101010101010101010011
11110011111111111111111111111111110010101010101010101010101010101010101010101010101010101010101010101010101010101010101010101010011
11110011111111111111111111111111110110101010101010101010101010101010101010101010101010101010101010101010101010101010101010101010011
11110011111111111111111111111111111110101010101010101010101010101010101010101010101010101010101010101010101010101010101010101010011
11110011111111111111111111111111111110101010101010101010101010101010101010101010101010101010101010101010101010101010101010101010011
11110011111111111111111111111111111100101010101010101010101010101010101010101010101010101010101010101010101010101010101010101010011
11110011111111111111111111111111111101101010101010101010101010101010101010101010101010101010101010101010101010101010101010101010011
11110011111111111111111111111111111111101010101010101010101010101010101010101010101010101010101010101010101010101010101010101010011
11110011111111111111111111111111111111101010101010101010101010101010101010101010101010101010101010101010101010101010101010101010011
11110011111111111111111111111111111111001010101010101010101010101010101010101010101010101010101010101010101010101010101010101010011
11110011111111111111111111111111111111011010101010101010101010101010101010101010101010101010101010101010101010101010101010101010011
11110011111111111111111111111111111111111010101010101010101010101010101010101010101010101010101010101010101010101010101010101010011
11110011111111111111111111111111111111111010101010101010101010101010101010101010101010101010101010101010101010101010101010101010011
11110011111111111111111111111111111111110010101010101010101010101010101010101010101010101010101010101010101010101010101010101010011
11110011111111111111111111111111111111110110101010101010101010101010101010101010101010101010101010101010101010101010101010101010011
11110011111111111111111111111111111111111110101010101010101010101010101010101010101010101010101010101010101010101010101010101010011
11110011111111111111111111111111111111111110101010101010101010101010101010101010101010101010101010101010101010101010101010101010011
11110011111111111111111111111111111111111100101010101010101010101010101010101010101010101010101010101010101010101010101010101010011
11110011111111111111111111111111111111111101101010101010101010101010101010101010101010101010101010101010101010101010101010101010011
11110011111111111111111111111111111111111111101010101010101010101010101010101010101010101010101010101010101010101010101010101010011
11110011111111111111111111111111111111111111101010101010101010101010101010101010101010101010101010101010101010101010101010101010011
11110011111111111111111111111111111111111111001010101010101010101010101010101010101010101010101010101010101010101010101010101010011
11110011111111111111111111111111111111111111011010101010101010101010101010101010101010101010101010101010101010101010101010101010011
11110011111111111111111111111111111111111111111010101010101010101010101010101010101010101010101010101010101010101010101010101010011
11110011111111111111111111111111111111111111111010101010101010101010101010101010101010101010101010101010101010101010101010101010011
11110011111111111111111111111111111111111111110010101010101010101010101010101010101010101010101010101010101010101010101010101010011
11110011111111111111111111111111111111111111110110101010101010101010101010101010101010101010101010101010101010101010101010101010011
11110011111111111111111111111111111111111111111110101010101010101010101010101010101010101010101010101010101010101010101010101010011
11110011111111111111111111111111111111111111111110101010101010101010101010101010101010101010101010101010101010101010101010101010011
11110011111111111111111111111111111111111111111100101010101010101010101010101010101010101010101010101010101010101010101010101010011
11110011111111111111111111111111111111111111111101101010101010101010101010101010101010101010101010101010101010101010101010101010011
11110011111111111111111111111111111111111111111111101010101010101010101010101010101010101010101010101010101010101010101010101010011
11110011111111111111111111111111111111111111111111101010101010101010101010101010101010101010101010101010101010101010101010101010011
11110011111111111111111111111111111111111111111111001010101010101010101010101010101010101010101010101010101010101010101010101010011
11110011111111111111111111111111111111111111111111011010101010101010101010101010101010101010101010101010101010101010101010101010011
11110011111111111111111111111111111111111111111111111010101010101010101010101010101010101010101010101010101010101010101010101010011
11110011111111111111111111111111111111111111111111111010101010101010101010101010101010101010101010101010101010101010101010101010011
11110011111111111111111111111111111111111111111111110010101010101010101010101010101010101010101010101010101010101010101010101010011
11110011111111111111111111111111111111111111111111110110101010101010101010101010101010101010101010101010101010101010101010101010011
11110011111111111111111111111111111111111111111111111110101010101010101010101010101010101010101010101010101010101010101010101010011
11110011111111111111111111111111111111111111111111111110101010101010101010101010101010101010101010101010101010101010101010101010011
11110011111111111111111111111111111111111111111111111100101010101010101010101010101010101010101010101010101010101010101010101010011
11110011111111111111111111111111111111111111111111111101101010101010101010101010101010101010101010101010101010101010101010101010011
11110011111111111111111111111111111111111111111111111111101010101010101010101010101010101010101010101010101010101010101010101010011
11110011111111111111111111111111111111111111111111111111101010101010101010101010101010101010101010101010101010101010101010101010011
11110011111111111111111111111111111111111111111111111111001010101010101010101010101010101010101010101010101010101010101010101010011
11110011111111111111111111111111111111111111111111111111011010101010101010101010101010101010101010101010101010101010101010101010011
11110011111111111111111111111111111111111111111111111111111010101010101010101010101010101010101010101010101010101010101010101010011
11110011111111111111111111111111111111111111111111111111111010101010101010101010101010101010101010101010101010101010101010101010011
11110011111111111111111111111111111111111111111111111111110010101010101010101010101010101010101010101010101010101010101010101010011
11110011111111111111111111111111111111111111111111111111110110101010101010101010101010101010101010101010101010101010101010101010011
11110011111111111111111111111111111111111111111111111111111110101010101010101010101010101010101010101010101010101010101010101010011
11110011111111111111111111111111111111111111111111111111111110101010101010101010101010101010101010101010101010101010101010101010011
11110011111111111111111111111111111111111111111111111111111100101010101010101010101010101010101010101010101010101010101010101010011
11110011111111111111111111111111111111111111111111111111111101101010101010101010101010101010101010101010101010101010101010101010011
11110011111111111111111111111111111111111111111111111111111111101010101010101010101010101010101010101010101010101010101010101010011
11110011111111111111111111111111111111111111111111111111111111101010101010101010101010101010101010101010101010101010101010101010011
11110011111111111111111111111111111111111111111111111111111111001010101010101010101010101010101010101010101010101010101010101010011
11110011111111111111111111111111111111111111111111111111111111011010101010101010101010101010101010101010101010101010101010101010011
11110011111111111111111111111111111111111111111111111111111111111010101010101010101010101010101010101010101010101010101010101010011
11110011111111111111111111111111111111111111111111111111111111111010101010101010101010101010101010101010101010101010101010101010011
11110011111111111111111111111111111111111111111111111111111111110010101010101010101010101010101010101010101010101010101010101010011
11110011111111111111111111111111111111111111111111111111111111110110101010101010101010101010101010101010101010101010101010101010011
11110011111111111111111111111111111111111111111111111111111111111110101010101010101010101010101010101010101010101010101010101010011
11110011111111111111111111111111111111111111111111111111111111111110101010101010101010101010101010101010101010101010101010101010011
11110011111111111111111111111111111111111111111111111111111111111100101010101010101010101010101010101010101010101010101010101010011
11110011111111111111111111111111111111111111111111111111111111111101101010101010101010101010101010101010101010101010101010101010011
11110011111111111111111111111111111111111111111111111111111111111111101010101010101010101010101010101010101010101010101010101010011
11110011111111111111111111111111111111111111111111111111111111111111101010101010101010101010101010101010101010101010101010101010011
11110011111111111111111111111111111111111111111111111111111111111111001010101010101010101010101010101010101010101010101010101010011
11110011111111111111111111111111111111111111111111111111111111111111011010101010101010101010101010101010101010101010101010101010011
11110011111111111111111111111111111111111111111111111111111111111111111010101010101010101010101010101010101010101010101010101010011
11110011111111111111111111111111111111111111111111111111111111111111111010101010101010101010101010101010101010101010101010101010011
11110011111111111111111111111111111111111111111111111111111111111111110010101010101010101010101010101010101010101010101010101010011
11110011111111111111111111111111111111111111111111111111111111111111110110101010101010101010101010101010101010101010101010101010011
11110011111111111111111111111111111111111111111111111111111111111111111110101010101010101010101010101010101010101010101010101010011
11110011111111111111111111111111111111111111111111111111111111111111111110101010101010101010101010101010101010101010101010101010011
11110011111111111111111111111111111111111111111111111111111111111111111100101010101010101010101010101010101010101010101010101010011
11110011111111111111111111111111111111111111111111111111111111111111111101101010101010101010101010101010101010101010101010101010011
11110011111111111111111111111111111111111111111111111111111111111111111111101010101010101010101010101010101010101010101010101010011
11110011111111111111111111111111111111111111111111111111111111111111111111101010101010101010101010101010101010101010101010101010011
11110011111111111111111111111111111111111111111111111111111111111111111111001010101010101010101010101010101010101010101010101010011
11110011111111111111111111111111111111111111111111111111111111111111111111011010101010101010101010101010101010101010101010101010011
11110011111111111111111111111111111111111111111111111111111111111111111111111010101010101010101010101010101010101010101010101010011
11110011111111111111111111111111111111111111111111111111111111111111111111111010101010101010101010101010101010101010101010101010011
11110011111111111111111111111111111111111111111111111111111111111111111111110010101010101010101010101010101010101010101010101010011
11110011111111111111111111111111111111111111111111111111111111111111111111110110101010101010101010101010101010101010101010101010011
11110011111111111111111111111111111111111111111111111111111111111111111111111110101010101010101010101010101010101010101010101010011
11110011111111111111111111111111111111111111111111111111111111111111111111111110101010101010101010101010101010101010101010101010011
11110011111111111111111111111111111111111111111111111111111111111111111111111100101010101010101010101010101010101010101010101010011
11110011111111111111111111111111111111111111111111111111111111111111111111111101101010101010101010101010101010101010101010101010011
11110011111111111111111111111111111111111111111111111111111111111111111111111111101010101010101010101010101010101010101010101010011
11110011111111111111111111111111111111111111111111111111111111111111111111111111101010101010101010101010101010101010101010101010011
11110011111111111111111111111111111111111111111111111111111111111111111111111111001010101010101010101010101010101010101010101010011
11110011111111111111111111111111111111111111111111111111111111111111111111111111011010101010101010101010101010101010101010101010011
11110011111111111111111111111111111111111111111111111111111111111111111111111111111010101010101010101010101010101010101010101010011
11110011111111111111111111111111111111111111111111111111111111111111111111111111111010101010101010101010101010101010101010101010011
11110011111111111111111111111111111111111111111111111111111111111111111111111111110010101010101010101010101010101010101010101010011
11110011111111111111111111111111111111111111111111111111111111111111111111111111110110101010101010101010101010101010101010101010011
11110011111111111111111111111111111111111111111111111111111111111111111111111111111110101010101010101010101010101010101010101010011
11110011111111111111111111111111111111111111111111111111111111111111111111111111111110101010101010101010101010101010101010101010011
11110011111111111111111111111111111111111111111111111111111111111111111111111111111100101010101010101010101010101010101010101010011
11110011111111111111111111111111111111111111111111111111111111111111111111111111111101101010101010101010101010101010101010101010011
11110011111111111111111111111111111111111111111111111111111111111111111111111111111111101010101010101010101010101010101010101010011
11110011111111111111111111111111111111111111111111111111111111111111111111111111111111101010101010101010101010101010101010101010011
11110011111111111111111111111111111111111111111111111111111111111111111111111111111111001010101010101010101010101010101010101010011
11110011111111111111111111111111111111111111111111111111111111111111111111111111111111011010101010101010101010101010101010101010011
11110011111111111111111111111111111111111111111111111111111111111111111111111111111111111010101010101010101010101010101010101010011
11110011111111111111111111111111111111111111111111111111111111111111111111111111111111111010101010101010101010101010101010101010011
11110011111111111111111111111111111111111111111111111111111111111111111111111111111111110010101010101010101010101010101010101010011
11110011111111111111111111111111111111111111111111111111111111111111111111111111111111110110101010101010101010101010101010101010011
11110011111111111111111111111111111111111111111111111111111111111111111111111111111111111110101010101010101010101010101010101010011
11110011111111111111111111111111111111111111111111111111111111111111111111111111111111111110101010101010101010101010101010101010011
11110011111111111111111111111111111111111111111111111111111111111111111111111111111111111100101010101010101010101010101010101010011
11110011111111111111111111111111111111111111111111111111111111111111111111111111111111111101101010101010101010101010101010101010011
11110011111111111111111111111111111111111111111111111111111111111111111111111111111111111111101010101010101010101010101010101010011
11110011111111111111111111111111111111111111111111111111111111111111111111111111111111111111101010101010101010101010101010101010011
11110011111111111111111111111111111111111111111111111111111111111111111111111111111111111111001010101010101010101010101010101010011
11110011111111111111111111111111111111111111111111111111111111111111111111111111111111111111011010101010101010101010101010101010011
11110011111111111111111111111111111111111111111111111111111111111111111111111111111111111111111010101010101010101010101010101010011
11110011111111111111111111111111111111111111111111111111111111111111111111111111111111111111111010101010101010101010101010101010011
11110011111111111111111111111111111111111111111111111111111111111111111111111111111111111111110010101010101010101010101010101010011
11110011111111111111111111111111111111111111111111111111111111111111111111111111111111111111110110101010101010101010101010101010011
11110011111111111111111111111111111111111111111111111111111111111111111111111111111111111111111110101010101010101010101010101010011
11110011111111111111111111111111111111111111111111111111111111111111111111111111111111111111111110101010101010101010101010101010011
11110011111111111111111111111111111111111111111111111111111111111111111111111111111111111111111100101010101010101010101010101010011
11110011111111111111111111111111111111111111111111111111111111111111111111111111111111111111111101101010101010101010101010101010011
11110011111111111111111111111111111111111111111111111111111111111111111111111111111111111111111111101010101010101010101010101010011
11110011111111111111111111111111111111111111111111111111111111111111111111111111111111111111111111101010101010101010101010101010011
11110011111111111111111111111111111111111111111111111111111111111111111111111111111111111111111111001010101010101010101010101010011
11110011111111111111111111111111111111111111111111111111111111111111111111111111111111111111111111011010101010101010101010101010011
11110011111111111111111111111111111111111111111111111111111111111111111111111111111111111111111111111010101010101010101010101010011
11110011111111111111111111111111111111111111111111111111111111111111111111111111111111111111111111111010101010101010101010101010011
11110011111111111111111111111111111111111111111111111111111111111111111111111111111111111111111111110010101010101010101010101010011
11110011111111111111111111111111111111111111111111111111111111111111111111111111111111111111111111110110101010101010101010101010011
11110011111111111111111111111111111111111111111111111111111111111111111111111111111111111111111111111110101010101010101010101010011
11110011111111111111111111111111111111111111111111111111111111111111111111111111111111111111111111111110101010101010101010101010011
11110011111111111111111111111111111111111111111111111111111111111111111111111111111111111111111111111100101010101010101010101010011
11110011111111111111111111111111111111111111111111111111111111111111111111111111111111111111111111111101101010101010101010101010011
11110011111111111111111111111111111111111111111111111111111111111111111111111111111111111111111111111111101010101010101010101010011
11110011111111111111111111111111111111111111111111111111111111111111111111111111111111111111111111111111101010101010101010101010011
11110011111111111111111111111111111111111111111111111111111111111111111111111111111111111111111111111111001010101010101010101010011
11110011111111111111111111111111111111111111111111111111111111111111111111111111111111111111111111111111011010101010101010101010011
11110011111111111111111111111111111111111111111111111111111111111111111111111111111111111111111111111111111010101010101010101010011
11110011111111111111111111111111111111111111111111111111111111111111111111111111111111111111111111111111111010101010101010101010011
11110011111111111111111111111111111111111111111111111111111111111111111111111111111111111111111111111111110010101010101010101010011
11110011111111111111111111111111111111111111111111111111111111111111111111111111111111111111111111111111110110101010101010101010011
11110011111111111111111111111111111111111111111111111111111111111111111111111111111111111111111111111111111110101010101010101010011
11110011111111111111111111111111111111111111111111111111111111111111111111111111111111111111111111111111111110101010101010101010011
11110011111111111111111111111111111111111111111111111111111111111111111111111111111111111111111111111111111100101010101010101010011
11110011111111111111111111111111111111111111111111111111111111111111111111111111111111111111111111111111111101101010101010101010011
11110011111111111111111111111111111111111111111111111111111111111111111111111111111111111111111111111111111111101010101010101010011
11110011111111111111111111111111111111111111111111111111111111111111111111111111111111111111111111111111111111101010101010101010011
11110011111111111111111111111111111111111111111111111111111111111111111111111111111111111111111111111111111111001010101010101010011
11110011111111111111111111111111111111111111111111111111111111111111111111111111111111111111111111111111111111011010101010101010011
11110011111111111111111111111111111111111111111111111111111111111111111111111111111111111111111111111111111111111010101010101010011
11110011111111111111111111111111111111111111111111111111111111111111111111111111111111111111111111111111111111111010101010101010011
11110011111111111111111111111111111111111111111111111111111111111111111111111111111111111111111111111111111111110010101010101010011
11110011111111111111111111111111111111111111111111111111111111111111111111111111111111111111111111111111111111110110101010101010011
11110011111111111111111111111111111111111111111111111111111111111111111111111111111111111111111111111111111111111110101010101010011
11110011111111111111111111111111111111111111111111111111111111111111111111111111111111111111111111111111111111111110101010101010011
11110011111111111111111111111111111111111111111111111111111111111111111111111111111111111111111111111111111111111100101010101010011
11110011111111111111111111111111111111111111111111111111111111111111111111111111111111111111111111111111111111111101101010101010011
11110011111111111111111111111111111111111111111111111111111111111111111111111111111111111111111111111111111111111111101010101010011
11110011111111111111111111111111111111111111111111111111111111111111111111111111111111111111111111111111111111111111101010101010011
11110011111111111111111111111111111111111111111111111111111111111111111111111111111111111111111111111111111111111111001010101010011
11110011111111111111111111111111111111111111111111111111111111111111111111111111111111111111111111111111111111111111011010101010011
11110011111111111111111111111111111111111111111111111111111111111111111111111111111111111111111111111111111111111111111010101010011
11110011111111111111111111111111111111111111111111111111111111111111111111111111111111111111111111111111111111111111111010101010011
11110011111111111111111111111111111111111111111111111111111111111111111111111111111111111111111111111111111111111111110010101010011
11110011111111111111111111111111111111111111111111111111111111111111111111111111111111111111111111111111111111111111110110101010011
11110011111111111111111111111111111111111111111111111111111111111111111111111111111111111111111111111111111111111111111110101010011
11110011111111111111111111111111111111111111111111111111111111111111111111111111111111111111111111111111111111111111111110101010011
11110011111111111111111111111111111111111111111111111111111111111111111111111111111111111111111111111111111111111111111100101010011
11110011111111111111111111111111111111111111111111111111111111111111111111111111111111111111111111111111111111111111111101101010011
11110011111111111111111111111111111111111111111111111111111111111111111111111111111111111111111111111111111111111111111111101010011
11110011111111111111111111111111111111111111111111111111111111111111111111111111111111111111111111111111111111111111111111101010011
11110011111111111111111111111111111111111111111111111111111111111111111111111111111111111111111111111111111111111111111111001010011
11110011111111111111111111111111111111111111111111111111111111111111111111111111111111111111111111111111111111111111111111011010011
11110011111111111111111111111111111111111111111111111111111111111111111111111111111111111111111111111111111111111111111111111010011
11110011111111111111111111111111111111111111111111111111111111111111111111111111111111111111111111111111111111111111111111111010011
11110011111111111111111111111111111111111111111111111111111111111111111111111111111111111111111111111111111111111111111111110010011
11110011111111111111111111111111111111111111111111111111111111111111111111111111111111111111111111111111111111111111111111110110011
11110011111111111111111111111111111111111111111111111111111111111111111111111111111111111111111111111111111111111111111111111110011
11110011111111111111111111111111111111111111111111111111111111111111111111111111111111111111111111111111111111111111111111111110011
11110011111111111111111111111111111111111111111111111111111111111111111111111111111111111111111111111111111111111111111111111100011
11110011111111111111111111111111111111111111111111111111111111111111111111111111111111111111111111111111111111111111111111111101011
11110011111111111111111111111111111111111111111111111111111111111111111111111111111111111111111111111111111111111111111111111111011
11110011111111111111111111111111111111111111111111111111111111111111111111111111111111111111111111111111111111111111111111111111011
11110011111111111111111111111111111111111111111111111111111111111111111111111111111111111111111111111111111111111111111111111111111
11110011111111111111111111111111111111111111111111111111111111111111111111111111111111111111111111111111111111111111111111111110111
11110011111111111111111111111111111111111111111111111111111111111111111111111111111111111111111111111111111111111111111111111100111
11110011111111111111111111111111111111111111111111111111111111111111111111111111111111111111111111111111111111111111111111111100111
11110011111111111111111111111111111111111111111111111111111111111111111111111111111111111111111111111111111111111111111111110100111
11110011111111111111111111111111111111111111111111111111111111111111111111111111111111111111111111111111111111111111111111110100111
11110011111111111111111111111111111111111111111111111111111111111111111111111111111111111111111111111111111111111111111111010100111
11110011111111111111111111111111111111111111111111111111111111111111111111111111111111111111111111111111111111111111111111010100111
11110011111111111111111111111111111111111111111111111111111111111111111111111111111111111111111111111111111111111111111101010100111
11110011111111111111111111111111111111111111111111111111111111111111111111111111111111111111111111111111111111111111111101010100111
11110011111111111111111111111111111111111111111111111111111111111111111111111111111111111111111111111111111111111111110101010100111
11110011111111111111111111111111111111111111111111111111111111111111111111111111111111111111111111111111111111111111110101010100111
11110011111111111111111111111111111111111111111111111111111111111111111111111111111111111111111111111111111111111111010101010100111
11110011111111111111111111111111111111111111111111111111111111111111111111111111111111111111111111111111111111111111010101010100111
11110011111111111111111111111111111111111111111111111111111111111111111111111111111111111111111111111111111111111101010101010100111
11110011111111111111111111111111111111111111111111111111111111111111111111111111111111111111111111111111111111111101010101010100111
11110011111111111111111111111111111111111111111111111111111111111111111111111111111111111111111111111111111111110101010101010100111
11110011111111111111111111111111111111111111111111111111111111111111111111111111111111111111111111111111111111110101010101010100111
11110011111111111111111111111111111111111111111111111111111111111111111111111111111111111111111111111111111111010101010101010100111
11110011111111111111111111111111111111111111111111111111111111111111111111111111111111111111111111111111111111010101010101010100111
11110011111111111111111111111111111111111111111111111111111111111111111111111111111111111111111111111111111101010101010101010100111
11110011111111111111111111111111111111111111111111111111111111111111111111111111111111111111111111111111111101010101010101010100111
11110011111111111111111111111111111111111111111111111111111111111111111111111111111111111111111111111111110101010101010101010100111
11110011111111111111111111111111111111111111111111111111111111111111111111111111111111111111111111111111110101010101010101010100111
11110011111111111111111111111111111111111111111111111111111111111111111111111111111111111111111111111111010101010101010101010100111
11110011111111111111111111111111111111111111111111111111111111111111111111111111111111111111111111111111010101010101010101010100111
11110011111111111111111111111111111111111111111111111111111111111111111111111111111111111111111111111101010101010101010101010100111
11110011111111111111111111111111111111111111111111111111111111111111111111111111111111111111111111111101010101010101010101010100111
11110011111111111111111111111111111111111111111111111111111111111111111111111111111111111111111111110101010101010101010101010100111
11110011111111111111111111111111111111111111111111111111111111111111111111111111111111111111111111110101010101010101010101010100111
11110011111111111111111111111111111111111111111111111111111111111111111111111111111111111111111111010101010101010101010101010100111
11110011111111111111111111111111111111111111111111111111111111111111111111111111111111111111111111010101010101010101010101010100111
11110011111111111111111111111111111111111111111111111111111111111111111111111111111111111111111101010101010101010101010101010100111
11110011111111111111111111111111111111111111111111111111111111111111111111111111111111111111111101010101010101010101010101010100111
11110011111111111111111111111111111111111111111111111111111111111111111111111111111111111111110101010101010101010101010101010100111
11110011111111111111111111111111111111111111111111111111111111111111111111111111111111111111110101010101010101010101010101010100111
11110011111111111111111111111111111111111111111111111111111111111111111111111111111111111111010101010101010101010101010101010100111
11110011111111111111111111111111111111111111111111111111111111111111111111111111111111111111010101010101010101010101010101010100111
11110011111111111111111111111111111111111111111111111111111111111111111111111111111111111101010101010101010101010101010101010100111
11110011111111111111111111111111111111111111111111111111111111111111111111111111111111111101010101010101010101010101010101010100111
11110011111111111111111111111111111111111111111111111111111111111111111111111111111111110101010101010101010101010101010101010100111
11110011111111111111111111111111111111111111111111111111111111111111111111111111111111110101010101010101010101010101010101010100111
11110011111111111111111111111111111111111111111111111111111111111111111111111111111111010101010101010101010101010101010101010100111
11110011111111111111111111111111111111111111111111111111111111111111111111111111111111010101010101010101010101010101010101010100111
11110011111111111111111111111111111111111111111111111111111111111111111111111111111101010101010101010101010101010101010101010100111
11110011111111111111111111111111111111111111111111111111111111111111111111111111111101010101010101010101010101010101010101010100111
11110011111111111111111111111111111111111111111111111111111111111111111111111111110101010101010101010101010101010101010101010100111
11110011111111111111111111111111111111111111111111111111111111111111111111111111110101010101010101010101010101010101010101010100111
11110011111111111111111111111111111111111111111111111111111111111111111111111111010101010101010101010101010101010101010101010100111
11110011111111111111111111111111111111111111111111111111111111111111111111111111010101010101010101010101010101010101010101010100111
11110011111111111111111111111111111111111111111111111111111111111111111111111101010101010101010101010101010101010101010101010100111
11110011111111111111111111111111111111111111111111111111111111111111111111111101010101010101010101010101010101010101010101010100111
11110011111111111111111111111111111111111111111111111111111111111111111111110101010101010101010101010101010101010101010101010100111
11110011111111111111111111111111111111111111111111111111111111111111111111110101010101010101010101010101010101010101010101010100111
11110011111111111111111111111111111111111111111111111111111111111111111111010101010101010101010101010101010101010101010101010100111
11110011111111111111111111111111111111111111111111111111111111111111111111010101010101010101010101010101010101010101010101010100111
11110011111111111111111111111111111111111111111111111111111111111111111101010101010101010101010101010101010101010101010101010100111
11110011111111111111111111111111111111111111111111111111111111111111111101010101010101010101010101010101010101010101010101010100111
11110011111111111111111111111111111111111111111111111111111111111111110101010101010101010101010101010101010101010101010101010100111
11110011111111111111111111111111111111111111111111111111111111111111110101010101010101010101010101010101010101010101010101010100111
11110011111111111111111111111111111111111111111111111111111111111111010101010101010101010101010101010101010101010101010101010100111
11110011111111111111111111111111111111111111111111111111111111111111010101010101010101010101010101010101010101010101010101010100111
11110011111111111111111111111111111111111111111111111111111111111101010101010101010101010101010101010101010101010101010101010100111
11110011111111111111111111111111111111111111111111111111111111111101010101010101010101010101010101010101010101010101010101010100111
11110011111111111111111111111111111111111111111111111111111111110101010101010101010101010101010101010101010101010101010101010100111
11110011111111111111111111111111111111111111111111111111111111110101010101010101010101010101010101010101010101010101010101010100111
11110011111111111111111111111111111111111111111111111111111111010101010101010101010101010101010101010101010101010101010101010100111
11110011111111111111111111111111111111111111111111111111111111010101010101010101010101010101010101010101010101010101010101010100111
11110011111111111111111111111111111111111111111111111111111101010101010101010101010101010101010101010101010101010101010101010100111
11110011111111111111111111111111111111111111111111111111111101010101010101010101010101010101010101010101010101010101010101010100111
11110011111111111111111111111111111111111111111111111111110101010101010101010101010101010101010101010101010101010101010101010100111
11110011111111111111111111111111111111111111111111111111110101010101010101010101010101010101010101010101010101010101010101010100111
11110011111111111111111111111111111111111111111111111111010101010101010101010101010101010101010101010101010101010101010101010100111
11110011111111111111111111111111111111111111111111111111010101010101010101010101010101010101010101010101010101010101010101010100111
11110011111111111111111111111111111111111111111111111101010101010101010101010101010101010101010101010101010101010101010101010100111
11110011111111111111111111111111111111111111111111111101010101010101010101010101010101010101010101010101010101010101010101010100111
11110011111111111111111111111111111111111111111111110101010101010101010101010101010101010101010101010101010101010101010101010100111
11110011111111111111111111111111111111111111111111110101010101010101010101010101010101010101010101010101010101010101010101010100111
11110011111111111111111111111111111111111111111111010101010101010101010101010101010101010101010101010101010101010101010101010100111
11110011111111111111111111111111111111111111111111010101010101010101010101010101010101010101010101010101010101010101010101010100111
11110011111111111111111111111111111111111111111101010101010101010101010101010101010101010101010101010101010101010101010101010100111
11110011111111111111111111111111111111111111111101010101010101010101010101010101010101010101010101010101010101010101010101010100111
11110011111111111111111111111111111111111111110101010101010101010101010101010101010101010101010101010101010101010101010101010100111
11110011111111111111111111111111111111111111110101010101010101010101010101010101010101010101010101010101010101010101010101010100111
11110011111111111111111111111111111111111111010101010101010101010101010101010101010101010101010101010101010101010101010101010100111
11110011111111111111111111111111111111111111010101010101010101010101010101010101010101010101010101010101010101010101010101010100111
11110011111111111111111111111111111111111101010101010101010101010101010101010101010101010101010101010101010101010101010101010100111
11110011111111111111111111111111111111111101010101010101010101010101010101010101010101010101010101010101010101010101010101010100111
11110011111111111111111111111111111111110101010101010101010101010101010101010101010101010101010101010101010101010101010101010100111
11110011111111111111111111111111111111110101010101010101010101010101010101010101010101010101010101010101010101010101010101010100111
11110011111111111111111111111111111111010101010101010101010101010101010101010101010101010101010101010101010101010101010101010100111
11110011111111111111111111111111111111010101010101010101010101010101010101010101010101010101010101010101010101010101010101010100111
11110011111111111111111111111111111101010101010101010101010101010101010101010101010101010101010101010101010101010101010101010100111
11110011111111111111111111111111111101010101010101010101010101010101010101010101010101010101010101010101010101010101010101010100111
11110011111111111111111111111111110101010101010101010101010101010101010101010101010101010101010101010101010101010101010101010100111
11110011111111111111111111111111110101010101010101010101010101010101010101010101010101010101010101010101010101010101010101010100111
11110011111111111111111111111111010101010101010101010101010101010101010101010101010101010101010101010101010101010101010101010100111
11110011111111111111111111111111010101010101010101010101010101010101010101010101010101010101010101010101010101010101010101010100111
11110011111111111111111111111101010101010101010101010101010101010101010101010101010101010101010101010101010101010101010101010100111
11110011111111111111111111111101010101010101010101010101010101010101010101010101010101010101010101010101010101010101010101010100111
11110011111111111111111111110101010101010101010101010101010101010101010101010101010101010101010101010101010101010101010101010100111
11110011111111111111111111110101010101010101010101010101010101010101010101010101010101010101010101010101010101010101010101010100111
11110011111111111111111111010101010101010101010101010101010101010101010101010101010101010101010101010101010101010101010101010100111
11110011111111111111111111010101010101010101010101010101010101010101010101010101010101010101010101010101010101010101010101010100111
11110011111111111111111101010101010101010101010101010101010101010101010101010101010101010101010101010101010101010101010101010100111
11110011111111111111111101010101010101010101010101010101010101010101010101010101010101010101010101010101010101010101010101010100111
11110011111111111111110101010101010101010101010101010101010101010101010101010101010101010101010101010101010101010101010101010100111
11110011111111111111110101010101010101010101010101010101010101010101010101010101010101010101010101010101010101010101010101010100111
11110011111111111111010101010101010101010101010101010101010101010101010101010101010101010101010101010101010101010101010101010100111
11110011111111111111010101010101010101010101010101010101010101010101010101010101010101010101010101010101010101010101010101010100111
11110011111111111101010101010101010101010101010101010101010101010101010101010101010101010101010101010101010101010101010101010100111
11110011111111111101010101010101010101010101010101010101010101010101010101010101010101010101010101010101010101010101010101010100111
11110011111111110101010101010101010101010101010101010101010101010101010101010101010101010101010101010101010101010101010101010100111
11110011111111110101010101010101010101010101010101010101010101010101010101010101010101010101010101010101010101010101010101010100111
11110011111111010101010101010101010101010101010101010101010101010101010101010101010101010101010101010101010101010101010101010100111
11110011111111010101010101010101010101010101010101010101010101010101010101010101010101010101010101010101010101010101010101010100111
11110011111101010101010101010101010101010101010101010101010101010101010101010101010101010101010101010101010101010101010101010100111
11110011111101010101010101010101010101010101010101010101010101010101010101010101010101010101010101010101010101010101010101010100111
11110011110101010101010101010101010101010101010101010101010101010101010101010101010101010101010101010101010101010101010101010100111
11110011110101010101010101010101010101010101010101010101010101010101010101010101010101010101010101010101010101010101010101010100111
11110011010101010101010101010101010101010101010101010101010101010101010101010101010101010101010101010101010101010101010101010100111
11110011010101010101010101010101010101010101010101010101010101010101010101010101010101010101010101010101010101010101010101010100111
11110001010101010101010101010101010101010101010101010101010101010101010101010101010101010101010101010101010101010101010101010100111
11110001010101010101010101010101010101010101010101010101010101010101010101010101010101010101010101010101010101010101010101010100111
11110011010101010101010101010101010101010101010101010101010101010101010101010101010101010101010101010101010101010101010101010100111
11110111010101010101010101010101010101010101010101010101010101010101010101010101010101010101010101010101010101010101010101010100111
11111111010101010101010101010101010101010101010101010101010101010101010101010101010101010101010101010101010101010101010101010100111
11111111010101010101010101010101010101010101010101010101010101010101010101010101010101010101010101010101010101010101010101010100111
11111101010101010101010101010101010101010101010101010101010101010101010101010101010101010101010101010101010101010101010101010100111
11111100010101010101010101010101010101010101010101010101010101010101010101010101010101010101010101010101010101010101010101010100111
11111100110101010101010101010101010101010101010101010101010101010101010101010101010101010101010101010101010101010101010101010100111
11111101110101010101010101010101010101010101010101010101010101010101010101010101010101010101010101010101010101010101010101010100111
11111101110101010101010101010101010101010101010101010101010101010101010101010101010101010101010101010101010101010101010101010100111
11111101100101010101010101010101010101010101010101010101010101010101010101010101010101010101010101010101010101010101010101010100111
11111101101101010101010101010101010101010101010101010101010101010101010101010101010101010101010101010101010101010101010101010100111
11111101111101010101010101010101010101010101010101010101010101010101010101010101010101010101010101010101010101010101010101010100111
11111101111101010101010101010101010101010101010101010101010101010101010101010101010101010101010101010101010101010101010101010100111
11111101111001010101010101010101010101010101010101010101010101010101010101010101010101010101010101010101010101010101010101010100111
11111101111011010101010101010101010101010101010101010101010101010101010101010101010101010101010101010101010101010101010101010100111
11111101111111010101010101010101010101010101010101010101010101010101010101010101010101010101010101010101010101010101010101010100111
11111101111111010101010101010101010101010101010101010101010101010101010101010101010101010101010101010101010101010101010101010100111
11111101111110010101010101010101010101010101010101010101010101010101010101010101010101010101010101010101010101010101010101010100111
11111101111110110101010101010101010101010101010101010101010101010101010101010101010101010101010101010101010101010101010101010100111
11111101111111110101010101010101010101010101010101010101010101010101010101010101010101010101010101010101010101010101010101010100111
11111101111111110101010101010101010101010101010101010101010101010101010101010101010101010101010101010101010101010101010101010100111
11111101111111100101010101010101010101010101010101010101010101010101010101010101010101010101010101010101010101010101010101010100111
11111101111111101101010101010101010101010101010101010101010101010101010101010101010101010101010101010101010101010101010101010100111
11111101111111111101010101010101010101010101010101010101010101010101010101010101010101010101010101010101010101010101010101010100111
11111101111111111101010101010101010101010101010101010101010101010101010101010101010101010101010101010101010101010101010101010100111
11111101111111111001010101010101010101010101010101010101010101010101010101010101010101010101010101010101010101010101010101010100111
11111101111111111011010101010101010101010101010101010101010101010101010101010101010101010101010101010101010101010101010101010100111
11111101111111111111010101010101010101010101010101010101010101010101010101010101010101010101010101010101010101010101010101010100111
11111101111111111111010101010101010101010101010101010101010101010101010101010101010101010101010101010101010101010101010101010100111
11111101111111111110010101010101010101010101010101010101010101010101010101010101010101010101010101010101010101010101010101010100111
11111101111111111110110101010101010101010101010101010101010101010101010101010101010101010101010101010101010101010101010101010100111
11111101111111111111110101010101010101010101010101010101010101010101010101010101010101010101010101010101010101010101010101010100111
11111101111111111111110101010101010101010101010101010101010101010101010101010101010101010101010101010101010101010101010101010100111
11111101111111111111100101010101010101010101010101010101010101010101010101010101010101010101010101010101010101010101010101010100111
11111101111111111111101101010101010101010101010101010101010101010101010101010101010101010101010101010101010101010101010101010100111
11111101111111111111111101010101010101010101010101010101010101010101010101010101010101010101010101010101010101010101010101010100111
11111101111111111111111101010101010101010101010101010101010101010101010101010101010101010101010101010101010101010101010101010100111
11111101111111111111111001010101010101010101010101010101010101010101010101010101010101010101010101010101010101010101010101010100111
11111101111111111111111011010101010101010101010101010101010101010101010101010101010101010101010101010101010101010101010101010100111
11111101111111111111111111010101010101010101010101010101010101010101010101010101010101010101010101010101010101010101010101010100111
11111101111111111111111111010101010101010101010101010101010101010101010101010101010101010101010101010101010101010101010101010100111
11111101111111111111111110010101010101010101010101010101010101010101010101010101010101010101010101010101010101010101010101010100111
11111101111111111111111110110101010101010101010101010101010101010101010101010101010101010101010101010101010101010101010101010100111
11111101111111111111111111110101010101010101010101010101010101010101010101010101010101010101010101010101010101010101010101010100111
11111101111111111111111111110101010101010101010101010101010101010101010101010101010101010101010101010101010101010101010101010100111
11111101111111111111111111100101010101010101010101010101010101010101010101010101010101010101010101010101010101010101010101010100111
11111101111111111111111111101101010101010101010101010101010101010101010101010101010101010101010101010101010101010101010101010100111
11111101111111111111111111111101010101010101010101010101010101010101010101010101010101010101010101010101010101010101010101010100111
11111101111111111111111111111101010101010101010101010101010101010101010101010101010101010101010101010101010101010101010101010100111
11111101111111111111111111111001010101010101010101010101010101010101010101010101010101010101010101010101010101010101010101010100111
11111101111111111111111111111011010101010101010101010101010101010101010101010101010101010101010101010101010101010101010101010100111
11111101111111111111111111111111010101010101010101010101010101010101010101010101010101010101010101010101010101010101010101010100111
11111101111111111111111111111111010101010101010101010101010101010101010101010101010101010101010101010101010101010101010101010100111
11111101111111111111111111111110010101010101010101010101010101010101010101010101010101010101010101010101010101010101010101010100111
11111101111111111111111111111110110101010101010101010101010101010101010101010101010101010101010101010101010101010101010101010100111
11111101111111111111111111111111110101010101010101010101010101010101010101010101010101010101010101010101010101010101010101010100111
11111101111111111111111111111111110101010101010101010101010101010101010101010101010101010101010101010101010101010101010101010100111
11111101111111111111111111111111100101010101010101010101010101010101010101010101010101010101010101010101010101010101010101010100111
11111101111111111111111111111111101101010101010101010101010101010101010101010101010101010101010101010101010101010101010101010100111
11111101111111111111111111111111111101010101010101010101010101010101010101010101010101010101010101010101010101010101010101010100111
11111101111111111111111111111111111101010101010101010101010101010101010101010101010101010101010101010101010101010101010101010100111
11111101111111111111111111111111111001010101010101010101010101010101010101010101010101010101010101010101010101010101010101010100111
11111101111111111111111111111111111011010101010101010101010101010101010101010101010101010101010101010101010101010101010101010100111
11111101111111111111111111111111111111010101010101010101010101010101010101010101010101010101010101010101010101010101010101010100111
11111101111111111111111111111111111111010101010101010101010101010101010101010101010101010101010101010101010101010101010101010100111
11111101111111111111111111111111111110010101010101010101010101010101010101010101010101010101010101010101010101010101010101010100111
11111101111111111111111111111111111110110101010101010101010101010101010101010101010101010101010101010101010101010101010101010100111
11111101111111111111111111111111111111110101010101010101010101010101010101010101010101010101010101010101010101010101010101010100111
11111101111111111111111111111111111111110101010101010101010101010101010101010101010101010101010101010101010101010101010101010100111
11111101111111111111111111111111111111100101010101010101010101010101010101010101010101010101010101010101010101010101010101010100111
11111101111111111111111111111111111111101101010101010101010101010101010101010101010101010101010101010101010101010101010101010100111
11111101111111111111111111111111111111111101010101010101010101010101010101010101010101010101010101010101010101010101010101010100111
11111101111111111111111111111111111111111101010101010101010101010101010101010101010101010101010101010101010101010101010101010100111
11111101111111111111111111111111111111111001010101010101010101010101010101010101010101010101010101010101010101010101010101010100111
11111101111111111111111111111111111111111011010101010101010101010101010101010101010101010101010101010101010101010101010101010100111
11111101111111111111111111111111111111111111010101010101010101010101010101010101010101010101010101010101010101010101010101010100111
11111101111111111111111111111111111111111111010101010101010101010101010101010101010101010101010101010101010101010101010101010100111
11111101111111111111111111111111111111111110010101010101010101010101010101010101010101010101010101010101010101010101010101010100111
11111101111111111111111111111111111111111110110101010101010101010101010101010101010101010101010101010101010101010101010101010100111
11111101111111111111111111111111111111111111110101010101010101010101010101010101010101010101010101010101010101010101010101010100111
11111101111111111111111111111111111111111111110101010101010101010101010101010101010101010101010101010101010101010101010101010100111
11111101111111111111111111111111111111111111100101010101010101010101010101010101010101010101010101010101010101010101010101010100111
11111101111111111111111111111111111111111111101101010101010101010101010101010101010101010101010101010101010101010101010101010100111
11111101111111111111111111111111111111111111111101010101010101010101010101010101010101010101010101010101010101010101010101010100111
11111101111111111111111111111111111111111111111101010101010101010101010101010101010101010101010101010101010101010101010101010100111
11111101111111111111111111111111111111111111111001010101010101010101010101010101010101010101010101010101010101010101010101010100111
11111101111111111111111111111111111111111111111011010101010101010101010101010101010101010101010101010101010101010101010101010100111
11111101111111111111111111111111111111111111111111010101010101010101010101010101010101010101010101010101010101010101010101010100111
11111101111111111111111111111111111111111111111111010101010101010101010101010101010101010101010101010101010101010101010101010100111
11111101111111111111111111111111111111111111111110010101010101010101010101010101010101010101010101010101010101010101010101010100111
11111101111111111111111111111111111111111111111110110101010101010101010101010101010101010101010101010101010101010101010101010100111
11111101111111111111111111111111111111111111111111110101010101010101010101010101010101010101010101010101010101010101010101010100111
11111101111111111111111111111111111111111111111111110101010101010101010101010101010101010101010101010101010101010101010101010100111
11111101111111111111111111111111111111111111111111100101010101010101010101010101010101010101010101010101010101010101010101010100111
11111101111111111111111111111111111111111111111111101101010101010101010101010101010101010101010101010101010101010101010101010100111
11111101111111111111111111111111111111111111111111111101010101010101010101010101010101010101010101010101010101010101010101010100111
11111101111111111111111111111111111111111111111111111101010101010101010101010101010101010101010101010101010101010101010101010100111
11111101111111111111111111111111111111111111111111111001010101010101010101010101010101010101010101010101010101010101010101010100111
11111101111111111111111111111111111111111111111111111011010101010101010101010101010101010101010101010101010101010101010101010100111
11111101111111111111111111111111111111111111111111111111010101010101010101010101010101010101010101010101010101010101010101010100111
11111101111111111111111111111111111111111111111111111111010101010101010101010101010101010101010101010101010101010101010101010100111
11111101111111111111111111111111111111111111111111111110010101010101010101010101010101010101010101010101010101010101010101010100111
11111101111111111111111111111111111111111111111111111110110101010101010101010101010101010101010101010101010101010101010101010100111
11111101111111111111111111111111111111111111111111111111110101010101010101010101010101010101010101010101010101010101010101010100111
11111101111111111111111111111111111111111111111111111111110101010101010101010101010101010101010101010101010101010101010101010100111
11111101111111111111111111111111111111111111111111111111100101010101010101010101010101010101010101010101010101010101010101010100111
11111101111111111111111111111111111111111111111111111111101101010101010101010101010101010101010101010101010101010101010101010100111
11111101111111111111111111111111111111111111111111111111111101010101010101010101010101010101010101010101010101010101010101010100111
11111101111111111111111111111111111111111111111111111111111101010101010101010101010101010101010101010101010101010101010101010100111
11111101111111111111111111111111111111111111111111111111111001010101010101010101010101010101010101010101010101010101010101010100111
11111101111111111111111111111111111111111111111111111111111011010101010101010101010101010101010101010101010101010101010101010100111
11111101111111111111111111111111111111111111111111111111111111010101010101010101010101010101010101010101010101010101010101010100111
11111101111111111111111111111111111111111111111111111111111111010101010101010101010101010101010101010101010101010101010101010100111
11111101111111111111111111111111111111111111111111111111111110010101010101010101010101010101010101010101010101010101010101010100111
11111101111111111111111111111111111111111111111111111111111110110101010101010101010101010101010101010101010101010101010101010100111
11111101111111111111111111111111111111111111111111111111111111110101010101010101010101010101010101010101010101010101010101010100111
11111101111111111111111111111111111111111111111111111111111111110101010101010101010101010101010101010101010101010101010101010100111
11111101111111111111111111111111111111111111111111111111111111100101010101010101010101010101010101010101010101010101010101010100111
11111101111111111111111111111111111111111111111111111111111111101101010101010101010101010101010101010101010101010101010101010100111
11111101111111111111111111111111111111111111111111111111111111111101010101010101010101010101010101010101010101010101010101010100111
11111101111111111111111111111111111111111111111111111111111111111101010101010101010101010101010101010101010101010101010101010100111
11111101111111111111111111111111111111111111111111111111111111111001010101010101010101010101010101010101010101010101010101010100111
11111101111111111111111111111111111111111111111111111111111111111011010101010101010101010101010101010101010101010101010101010100111
11111101111111111111111111111111111111111111111111111111111111111111010101010101010101010101010101010101010101010101010101010100111
11111101111111111111111111111111111111111111111111111111111111111111010101010101010101010101010101010101010101010101010101010100111
11111101111111111111111111111111111111111111111111111111111111111110010101010101010101010101010101010101010101010101010101010100111
11111101111111111111111111111111111111111111111111111111111111111110110101010101010101010101010101010101010101010101010101010100111
11111101111111111111111111111111111111111111111111111111111111111111110101010101010101010101010101010101010101010101010101010100111
11111101111111111111111111111111111111111111111111111111111111111111110101010101010101010101010101010101010101010101010101010100111
11111101111111111111111111111111111111111111111111111111111111111111100101010101010101010101010101010101010101010101010101010100111
11111101111111111111111111111111111111111111111111111111111111111111101101010101010101010101010101010101010101010101010101010100111
11111101111111111111111111111111111111111111111111111111111111111111111101010101010101010101010101010101010101010101010101010100111
11111101111111111111111111111111111111111111111111111111111111111111111101010101010101010101010101010101010101010101010101010100111
11111101111111111111111111111111111111111111111111111111111111111111111001010101010101010101010101010101010101010101010101010100111
11111101111111111111111111111111111111111111111111111111111111111111111011010101010101010101010101010101010101010101010101010100111
11111101111111111111111111111111111111111111111111111111111111111111111111010101010101010101010101010101010101010101010101010100111
11111101111111111111111111111111111111111111111111111111111111111111111111010101010101010101010101010101010101010101010101010100111
11111101111111111111111111111111111111111111111111111111111111111111111110010101010101010101010101010101010101010101010101010100111
11111101111111111111111111111111111111111111111111111111111111111111111110110101010101010101010101010101010101010101010101010100111
11111101111111111111111111111111111111111111111111111111111111111111111111110101010101010101010101010101010101010101010101010100111
11111101111111111111111111111111111111111111111111111111111111111111111111110101010101010101010101010101010101010101010101010100111
11111101111111111111111111111111111111111111111111111111111111111111111111100101010101010101010101010101010101010101010101010100111
11111101111111111111111111111111111111111111111111111111111111111111111111101101010101010101010101010101010101010101010101010100111
11111101111111111111111111111111111111111111111111111111111111111111111111111101010101010101010101010101010101010101010101010100111
11111101111111111111111111111111111111111111111111111111111111111111111111111101010101010101010101010101010101010101010101010100111
11111101111111111111111111111111111111111111111111111111111111111111111111111001010101010101010101010101010101010101010101010100111
11111101111111111111111111111111111111111111111111111111111111111111111111111011010101010101010101010101010101010101010101010100111
11111101111111111111111111111111111111111111111111111111111111111111111111111111010101010101010101010101010101010101010101010100111
11111101111111111111111111111111111111111111111111111111111111111111111111111111010101010101010101010101010101010101010101010100111
11111101111111111111111111111111111111111111111111111111111111111111111111111110010101010101010101010101010101010101010101010100111
11111101111111111111111111111111111111111111111111111111111111111111111111111110110101010101010101010101010101010101010101010100111
11111101111111111111111111111111111111111111111111111111111111111111111111111111110101010101010101010101010101010101010101010100111
11111101111111111111111111111111111111111111111111111111111111111111111111111111110101010101010101010101010101010101010101010100111
11111101111111111111111111111111111111111111111111111111111111111111111111111111100101010101010101010101010101010101010101010100111
11111101111111111111111111111111111111111111111111111111111111111111111111111111101101010101010101010101010101010101010101010100111
11111101111111111111111111111111111111111111111111111111111111111111111111111111111101010101010101010101010101010101010101010100111
11111101111111111111111111111111111111111111111111111111111111111111111111111111111101010101010101010101010101010101010101010100111
11111101111111111111111111111111111111111111111111111111111111111111111111111111111001010101010101010101010101010101010101010100111
11111101111111111111111111111111111111111111111111111111111111111111111111111111111011010101010101010101010101010101010101010100111
11111101111111111111111111111111111111111111111111111111111111111111111111111111111111010101010101010101010101010101010101010100111
11111101111111111111111111111111111111111111111111111111111111111111111111111111111111010101010101010101010101010101010101010100111
11111101111111111111111111111111111111111111111111111111111111111111111111111111111110010101010101010101010101010101010101010100111
11111101111111111111111111111111111111111111111111111111111111111111111111111111111110110101010101010101010101010101010101010100111
11111101111111111111111111111111111111111111111111111111111111111111111111111111111111110101010101010101010101010101010101010100111
11111101111111111111111111111111111111111111111111111111111111111111111111111111111111110101010101010101010101010101010101010100111
11111101111111111111111111111111111111111111111111111111111111111111111111111111111111100101010101010101010101010101010101010100111
11111101111111111111111111111111111111111111111111111111111111111111111111111111111111101101010101010101010101010101010101010100111
11111101111111111111111111111111111111111111111111111111111111111111111111111111111111111101010101010101010101010101010101010100111
11111101111111111111111111111111111111111111111111111111111111111111111111111111111111111101010101010101010101010101010101010100111
11111101111111111111111111111111111111111111111111111111111111111111111111111111111111111001010101010101010101010101010101010100111